Description	
Number of Runs	2000
Preset Time	10
Pause Time	0
Alarm Level	60
High Voltage	900
Step Voltage	0
Volume	0

Run	High		Elapsed
Number	Voltage	Counts	Time	Date/Time
1	900	4	10	12/17/23 08:06:43 AM	
2	900	2	10	12/17/23 08:06:54 AM	
3	900	1	10	12/17/23 08:07:04 AM	
4	900	4	10	12/17/23 08:07:14 AM	
5	900	2	10	12/17/23 08:07:24 AM	
6	900	8	10	12/17/23 08:07:35 AM	
7	900	5	10	12/17/23 08:07:45 AM	
8	900	1	10	12/17/23 08:07:55 AM	
9	900	2	10	12/17/23 08:08:05 AM	
10	900	2	10	12/17/23 08:08:16 AM	
11	900	2	10	12/17/23 08:08:26 AM	
12	900	1	10	12/17/23 08:08:36 AM	
13	900	10	10	12/17/23 08:08:46 AM	
14	900	4	10	12/17/23 08:08:57 AM	
15	900	7	10	12/17/23 08:09:07 AM	
16	900	2	10	12/17/23 08:09:17 AM	
17	900	4	10	12/17/23 08:09:27 AM	
18	900	3	10	12/17/23 08:09:37 AM	
19	900	7	10	12/17/23 08:09:48 AM	
20	900	2	10	12/17/23 08:09:58 AM	
21	900	5	10	12/17/23 08:10:08 AM	
22	900	3	10	12/17/23 08:10:18 AM	
23	900	4	10	12/17/23 08:10:28 AM	
24	900	8	10	12/17/23 08:10:38 AM	
25	900	3	10	12/17/23 08:10:49 AM	
26	900	3	10	12/17/23 08:10:59 AM	
27	900	3	10	12/17/23 08:11:09 AM	
28	900	4	10	12/17/23 08:11:19 AM	
29	900	2	10	12/17/23 08:11:29 AM	
30	900	3	10	12/17/23 08:11:40 AM	
31	900	5	10	12/17/23 08:11:50 AM	
32	900	2	10	12/17/23 08:12:00 AM	
33	900	1	10	12/17/23 08:12:10 AM	
34	900	1	10	12/17/23 08:12:21 AM	
35	900	8	10	12/17/23 08:12:31 AM	
36	900	1	10	12/17/23 08:12:41 AM	
37	900	7	10	12/17/23 08:12:51 AM	
38	900	3	10	12/17/23 08:13:02 AM	
39	900	2	10	12/17/23 08:13:12 AM	
40	900	2	10	12/17/23 08:13:22 AM	
41	900	4	10	12/17/23 08:13:32 AM	
42	900	4	10	12/17/23 08:13:43 AM	
43	900	2	10	12/17/23 08:13:53 AM	
44	900	4	10	12/17/23 08:14:03 AM	
45	900	2	10	12/17/23 08:14:13 AM	
46	900	3	10	12/17/23 08:14:23 AM	
47	900	4	10	12/17/23 08:14:34 AM	
48	900	2	10	12/17/23 08:14:44 AM	
49	900	1	10	12/17/23 08:14:54 AM	
50	900	3	10	12/17/23 08:15:04 AM	
51	900	0	10	12/17/23 08:15:15 AM	
52	900	3	10	12/17/23 08:15:25 AM	
53	900	4	10	12/17/23 08:15:35 AM	
54	900	2	10	12/17/23 08:15:45 AM	
55	900	4	10	12/17/23 08:15:56 AM	
56	900	6	10	12/17/23 08:16:06 AM	
57	900	2	10	12/17/23 08:16:16 AM	
58	900	8	10	12/17/23 08:16:26 AM	
59	900	2	10	12/17/23 08:16:36 AM	
60	900	4	10	12/17/23 08:16:47 AM	
61	900	5	10	12/17/23 08:16:57 AM	
62	900	3	10	12/17/23 08:17:07 AM	
63	900	3	10	12/17/23 08:17:17 AM	
64	900	0	10	12/17/23 08:17:28 AM	
65	900	2	10	12/17/23 08:17:38 AM	
66	900	5	10	12/17/23 08:17:48 AM	
67	900	6	10	12/17/23 08:17:58 AM	
68	900	1	10	12/17/23 08:18:09 AM	
69	900	4	10	12/17/23 08:18:19 AM	
70	900	3	10	12/17/23 08:18:29 AM	
71	900	4	10	12/17/23 08:18:39 AM	
72	900	1	10	12/17/23 08:18:49 AM	
73	900	4	10	12/17/23 08:18:59 AM	
74	900	2	10	12/17/23 08:19:10 AM	
75	900	1	10	12/17/23 08:19:20 AM	
76	900	2	10	12/17/23 08:19:30 AM	
77	900	4	10	12/17/23 08:19:40 AM	
78	900	6	10	12/17/23 08:19:50 AM	
79	900	8	10	12/17/23 08:20:01 AM	
80	900	3	10	12/17/23 08:20:11 AM	
81	900	5	10	12/17/23 08:20:21 AM	
82	900	0	10	12/17/23 08:20:31 AM	
83	900	4	10	12/17/23 08:20:41 AM	
84	900	2	10	12/17/23 08:20:52 AM	
85	900	0	10	12/17/23 08:21:02 AM	
86	900	2	10	12/17/23 08:21:12 AM	
87	900	6	10	12/17/23 08:21:22 AM	
88	900	4	10	12/17/23 08:21:32 AM	
89	900	2	10	12/17/23 08:21:43 AM	
90	900	0	10	12/17/23 08:21:53 AM	
91	900	3	10	12/17/23 08:22:03 AM	
92	900	6	10	12/17/23 08:22:13 AM	
93	900	2	10	12/17/23 08:22:24 AM	
94	900	1	10	12/17/23 08:22:34 AM	
95	900	5	10	12/17/23 08:22:44 AM	
96	900	1	10	12/17/23 08:22:54 AM	
97	900	3	10	12/17/23 08:23:04 AM	
98	900	7	10	12/17/23 08:23:15 AM	
99	900	3	10	12/17/23 08:23:25 AM	
100	900	3	10	12/17/23 08:23:35 AM	
101	900	2	10	12/17/23 08:23:45 AM	
102	900	2	10	12/17/23 08:23:56 AM	
103	900	1	10	12/17/23 08:24:06 AM	
104	900	8	10	12/17/23 08:24:16 AM	
105	900	7	10	12/17/23 08:24:26 AM	
106	900	5	10	12/17/23 08:24:37 AM	
107	900	1	10	12/17/23 08:24:47 AM	
108	900	3	10	12/17/23 08:24:57 AM	
109	900	2	10	12/17/23 08:25:07 AM	
110	900	1	10	12/17/23 08:25:18 AM	
111	900	3	10	12/17/23 08:25:28 AM	
112	900	5	10	12/17/23 08:25:38 AM	
113	900	0	10	12/17/23 08:25:48 AM	
114	900	2	10	12/17/23 08:25:59 AM	
115	900	4	10	12/17/23 08:26:09 AM	
116	900	1	10	12/17/23 08:26:19 AM	
117	900	3	10	12/17/23 08:26:29 AM	
118	900	1	10	12/17/23 08:26:39 AM	
119	900	5	10	12/17/23 08:26:50 AM	
120	900	3	10	12/17/23 08:27:00 AM	
121	900	7	10	12/17/23 08:27:10 AM	
122	900	4	10	12/17/23 08:27:20 AM	
123	900	2	10	12/17/23 08:27:30 AM	
124	900	3	10	12/17/23 08:27:41 AM	
125	900	9	10	12/17/23 08:27:51 AM	
126	900	4	10	12/17/23 08:28:01 AM	
127	900	2	10	12/17/23 08:28:11 AM	
128	900	8	10	12/17/23 08:28:21 AM	
129	900	4	10	12/17/23 08:28:32 AM	
130	900	3	10	12/17/23 08:28:42 AM	
131	900	5	10	12/17/23 08:28:52 AM	
132	900	3	10	12/17/23 08:29:02 AM	
133	900	1	10	12/17/23 08:29:12 AM	
134	900	6	10	12/17/23 08:29:23 AM	
135	900	6	10	12/17/23 08:29:33 AM	
136	900	1	10	12/17/23 08:29:43 AM	
137	900	8	10	12/17/23 08:29:53 AM	
138	900	4	10	12/17/23 08:30:03 AM	
139	900	2	10	12/17/23 08:30:14 AM	
140	900	3	10	12/17/23 08:30:24 AM	
141	900	3	10	12/17/23 08:30:34 AM	
142	900	2	10	12/17/23 08:30:44 AM	
143	900	2	10	12/17/23 08:30:55 AM	
144	900	0	10	12/17/23 08:31:05 AM	
145	900	3	10	12/17/23 08:31:15 AM	
146	900	2	10	12/17/23 08:31:25 AM	
147	900	1	10	12/17/23 08:31:35 AM	
148	900	2	10	12/17/23 08:31:46 AM	
149	900	2	10	12/17/23 08:31:56 AM	
150	900	2	10	12/17/23 08:32:06 AM	
151	900	1	10	12/17/23 08:32:16 AM	
152	900	5	10	12/17/23 08:32:26 AM	
153	900	1	10	12/17/23 08:32:37 AM	
154	900	3	10	12/17/23 08:32:47 AM	
155	900	1	10	12/17/23 08:32:57 AM	
156	900	4	10	12/17/23 08:33:07 AM	
157	900	5	10	12/17/23 08:33:18 AM	
158	900	4	10	12/17/23 08:33:28 AM	
159	900	3	10	12/17/23 08:33:38 AM	
160	900	3	10	12/17/23 08:33:48 AM	
161	900	2	10	12/17/23 08:33:59 AM	
162	900	3	10	12/17/23 08:34:09 AM	
163	900	5	10	12/17/23 08:34:19 AM	
164	900	2	10	12/17/23 08:34:29 AM	
165	900	5	10	12/17/23 08:34:39 AM	
166	900	2	10	12/17/23 08:34:50 AM	
167	900	3	10	12/17/23 08:35:00 AM	
168	900	3	10	12/17/23 08:35:10 AM	
169	900	6	10	12/17/23 08:35:20 AM	
170	900	5	10	12/17/23 08:35:30 AM	
171	900	4	10	12/17/23 08:35:41 AM	
172	900	3	10	12/17/23 08:35:51 AM	
173	900	2	10	12/17/23 08:36:01 AM	
174	900	3	10	12/17/23 08:36:11 AM	
175	900	3	10	12/17/23 08:36:22 AM	
176	900	3	10	12/17/23 08:36:32 AM	
177	900	5	10	12/17/23 08:36:42 AM	
178	900	1	10	12/17/23 08:36:52 AM	
179	900	2	10	12/17/23 08:37:02 AM	
180	900	4	10	12/17/23 08:37:12 AM	
181	900	3	10	12/17/23 08:37:23 AM	
182	900	6	10	12/17/23 08:37:33 AM	
183	900	2	10	12/17/23 08:37:43 AM	
184	900	5	10	12/17/23 08:37:53 AM	
185	900	3	10	12/17/23 08:38:03 AM	
186	900	5	10	12/17/23 08:38:14 AM	
187	900	5	10	12/17/23 08:38:24 AM	
188	900	0	10	12/17/23 08:38:34 AM	
189	900	7	10	12/17/23 08:38:44 AM	
190	900	3	10	12/17/23 08:38:54 AM	
191	900	4	10	12/17/23 08:39:05 AM	
192	900	2	10	12/17/23 08:39:15 AM	
193	900	2	10	12/17/23 08:39:25 AM	
194	900	7	10	12/17/23 08:39:35 AM	
195	900	2	10	12/17/23 08:39:45 AM	
196	900	2	10	12/17/23 08:39:56 AM	
197	900	4	10	12/17/23 08:40:06 AM	
198	900	1	10	12/17/23 08:40:16 AM	
199	900	3	10	12/17/23 08:40:26 AM	
200	900	2	10	12/17/23 08:40:36 AM	
201	900	5	10	12/17/23 08:40:47 AM	
202	900	0	10	12/17/23 08:40:57 AM	
203	900	3	10	12/17/23 08:41:07 AM	
204	900	3	10	12/17/23 08:41:17 AM	
205	900	2	10	12/17/23 08:41:27 AM	
206	900	5	10	12/17/23 08:41:38 AM	
207	900	3	10	12/17/23 08:41:48 AM	
208	900	3	10	12/17/23 08:41:58 AM	
209	900	5	10	12/17/23 08:42:08 AM	
210	900	4	10	12/17/23 08:42:19 AM	
211	900	1	10	12/17/23 08:42:29 AM	
212	900	3	10	12/17/23 08:42:39 AM	
213	900	6	10	12/17/23 08:42:49 AM	
214	900	4	10	12/17/23 08:43:00 AM	
215	900	5	10	12/17/23 08:43:10 AM	
216	900	4	10	12/17/23 08:43:20 AM	
217	900	4	10	12/17/23 08:43:30 AM	
218	900	3	10	12/17/23 08:43:41 AM	
219	900	2	10	12/17/23 08:43:51 AM	
220	900	2	10	12/17/23 08:44:01 AM	
221	900	3	10	12/17/23 08:44:11 AM	
222	900	3	10	12/17/23 08:44:22 AM	
223	900	2	10	12/17/23 08:44:32 AM	
224	900	5	10	12/17/23 08:44:42 AM	
225	900	5	10	12/17/23 08:44:52 AM	
226	900	4	10	12/17/23 08:45:03 AM	
227	900	1	10	12/17/23 08:45:13 AM	
228	900	5	10	12/17/23 08:45:23 AM	
229	900	2	10	12/17/23 08:45:33 AM	
230	900	4	10	12/17/23 08:45:43 AM	
231	900	6	10	12/17/23 08:45:54 AM	
232	900	6	10	12/17/23 08:46:04 AM	
233	900	5	10	12/17/23 08:46:14 AM	
234	900	4	10	12/17/23 08:46:24 AM	
235	900	4	10	12/17/23 08:46:34 AM	
236	900	3	10	12/17/23 08:46:45 AM	
237	900	3	10	12/17/23 08:46:55 AM	
238	900	5	10	12/17/23 08:47:05 AM	
239	900	3	10	12/17/23 08:47:15 AM	
240	900	4	10	12/17/23 08:47:26 AM	
241	900	6	10	12/17/23 08:47:36 AM	
242	900	3	10	12/17/23 08:47:46 AM	
243	900	5	10	12/17/23 08:47:56 AM	
244	900	2	10	12/17/23 08:48:07 AM	
245	900	1	10	12/17/23 08:48:17 AM	
246	900	2	10	12/17/23 08:48:27 AM	
247	900	4	10	12/17/23 08:48:37 AM	
248	900	4	10	12/17/23 08:48:47 AM	
249	900	5	10	12/17/23 08:48:58 AM	
250	900	4	10	12/17/23 08:49:08 AM	
251	900	1	10	12/17/23 08:49:18 AM	
252	900	8	10	12/17/23 08:49:28 AM	
253	900	5	10	12/17/23 08:49:39 AM	
254	900	2	10	12/17/23 08:49:49 AM	
255	900	4	10	12/17/23 08:49:59 AM	
256	900	1	10	12/17/23 08:50:09 AM	
257	900	7	10	12/17/23 08:50:19 AM	
258	900	3	10	12/17/23 08:50:30 AM	
259	900	6	10	12/17/23 08:50:40 AM	
260	900	4	10	12/17/23 08:50:50 AM	
261	900	5	10	12/17/23 08:51:00 AM	
262	900	7	10	12/17/23 08:51:11 AM	
263	900	4	10	12/17/23 08:51:21 AM	
264	900	3	10	12/17/23 08:51:31 AM	
265	900	1	10	12/17/23 08:51:41 AM	
266	900	3	10	12/17/23 08:51:51 AM	
267	900	3	10	12/17/23 08:52:02 AM	
268	900	2	10	12/17/23 08:52:12 AM	
269	900	6	10	12/17/23 08:52:22 AM	
270	900	1	10	12/17/23 08:52:32 AM	
271	900	1	10	12/17/23 08:52:43 AM	
272	900	5	10	12/17/23 08:52:53 AM	
273	900	4	10	12/17/23 08:53:03 AM	
274	900	1	10	12/17/23 08:53:13 AM	
275	900	1	10	12/17/23 08:53:23 AM	
276	900	0	10	12/17/23 08:53:34 AM	
277	900	3	10	12/17/23 08:53:44 AM	
278	900	1	10	12/17/23 08:53:54 AM	
279	900	3	10	12/17/23 08:54:04 AM	
280	900	3	10	12/17/23 08:54:14 AM	
281	900	4	10	12/17/23 08:54:24 AM	
282	900	0	10	12/17/23 08:54:35 AM	
283	900	4	10	12/17/23 08:54:45 AM	
284	900	2	10	12/17/23 08:54:55 AM	
285	900	3	10	12/17/23 08:55:05 AM	
286	900	3	10	12/17/23 08:55:16 AM	
287	900	7	10	12/17/23 08:55:26 AM	
288	900	4	10	12/17/23 08:55:36 AM	
289	900	3	10	12/17/23 08:55:46 AM	
290	900	9	10	12/17/23 08:55:56 AM	
291	900	3	10	12/17/23 08:56:06 AM	
292	900	2	10	12/17/23 08:56:17 AM	
293	900	2	10	12/17/23 08:56:27 AM	
294	900	2	10	12/17/23 08:56:37 AM	
295	900	2	10	12/17/23 08:56:47 AM	
296	900	0	10	12/17/23 08:56:57 AM	
297	900	1	10	12/17/23 08:57:08 AM	
298	900	4	10	12/17/23 08:57:18 AM	
299	900	4	10	12/17/23 08:57:28 AM	
300	900	5	10	12/17/23 08:57:38 AM	
301	900	4	10	12/17/23 08:57:49 AM	
302	900	4	10	12/17/23 08:57:59 AM	
303	900	1	10	12/17/23 08:58:09 AM	
304	900	2	10	12/17/23 08:58:19 AM	
305	900	2	10	12/17/23 08:58:30 AM	
306	900	2	10	12/17/23 08:58:40 AM	
307	900	1	10	12/17/23 08:58:50 AM	
308	900	5	10	12/17/23 08:59:00 AM	
309	900	1	10	12/17/23 08:59:10 AM	
310	900	4	10	12/17/23 08:59:21 AM	
311	900	4	10	12/17/23 08:59:31 AM	
312	900	4	10	12/17/23 08:59:41 AM	
313	900	5	10	12/17/23 08:59:51 AM	
314	900	7	10	12/17/23 09:00:01 AM	
315	900	2	10	12/17/23 09:00:12 AM	
316	900	4	10	12/17/23 09:00:22 AM	
317	900	3	10	12/17/23 09:00:32 AM	
318	900	1	10	12/17/23 09:00:42 AM	
319	900	5	10	12/17/23 09:00:52 AM	
320	900	5	10	12/17/23 09:01:03 AM	
321	900	6	10	12/17/23 09:01:13 AM	
322	900	1	10	12/17/23 09:01:23 AM	
323	900	6	10	12/17/23 09:01:33 AM	
324	900	0	10	12/17/23 09:01:44 AM	
325	900	1	10	12/17/23 09:01:54 AM	
326	900	3	10	12/17/23 09:02:04 AM	
327	900	6	10	12/17/23 09:02:14 AM	
328	900	2	10	12/17/23 09:02:25 AM	
329	900	3	10	12/17/23 09:02:35 AM	
330	900	2	10	12/17/23 09:02:45 AM	
331	900	2	10	12/17/23 09:02:55 AM	
332	900	2	10	12/17/23 09:03:05 AM	
333	900	3	10	12/17/23 09:03:15 AM	
334	900	3	10	12/17/23 09:03:26 AM	
335	900	2	10	12/17/23 09:03:36 AM	
336	900	1	10	12/17/23 09:03:46 AM	
337	900	2	10	12/17/23 09:03:56 AM	
338	900	1	10	12/17/23 09:04:06 AM	
339	900	4	10	12/17/23 09:04:17 AM	
340	900	7	10	12/17/23 09:04:27 AM	
341	900	7	10	12/17/23 09:04:37 AM	
342	900	3	10	12/17/23 09:04:47 AM	
343	900	3	10	12/17/23 09:04:57 AM	
344	900	7	10	12/17/23 09:05:08 AM	
345	900	3	10	12/17/23 09:05:18 AM	
346	900	3	10	12/17/23 09:05:28 AM	
347	900	3	10	12/17/23 09:05:38 AM	
348	900	3	10	12/17/23 09:05:49 AM	
349	900	7	10	12/17/23 09:05:59 AM	
350	900	3	10	12/17/23 09:06:09 AM	
351	900	3	10	12/17/23 09:06:19 AM	
352	900	1	10	12/17/23 09:06:29 AM	
353	900	2	10	12/17/23 09:06:40 AM	
354	900	4	10	12/17/23 09:06:50 AM	
355	900	3	10	12/17/23 09:07:00 AM	
356	900	2	10	12/17/23 09:07:10 AM	
357	900	5	10	12/17/23 09:07:20 AM	
358	900	3	10	12/17/23 09:07:31 AM	
359	900	2	10	12/17/23 09:07:41 AM	
360	900	1	10	12/17/23 09:07:51 AM	
361	900	1	10	12/17/23 09:08:01 AM	
362	900	3	10	12/17/23 09:08:12 AM	
363	900	5	10	12/17/23 09:08:22 AM	
364	900	5	10	12/17/23 09:08:32 AM	
365	900	3	10	12/17/23 09:08:42 AM	
366	900	1	10	12/17/23 09:08:52 AM	
367	900	4	10	12/17/23 09:09:03 AM	
368	900	2	10	12/17/23 09:09:13 AM	
369	900	4	10	12/17/23 09:09:23 AM	
370	900	2	10	12/17/23 09:09:33 AM	
371	900	2	10	12/17/23 09:09:44 AM	
372	900	4	10	12/17/23 09:09:54 AM	
373	900	2	10	12/17/23 09:10:04 AM	
374	900	2	10	12/17/23 09:10:14 AM	
375	900	4	10	12/17/23 09:10:24 AM	
376	900	4	10	12/17/23 09:10:35 AM	
377	900	6	10	12/17/23 09:10:45 AM	
378	900	7	10	12/17/23 09:10:55 AM	
379	900	1	10	12/17/23 09:11:05 AM	
380	900	3	10	12/17/23 09:11:15 AM	
381	900	3	10	12/17/23 09:11:26 AM	
382	900	6	10	12/17/23 09:11:36 AM	
383	900	7	10	12/17/23 09:11:46 AM	
384	900	3	10	12/17/23 09:11:56 AM	
385	900	2	10	12/17/23 09:12:07 AM	
386	900	4	10	12/17/23 09:12:17 AM	
387	900	2	10	12/17/23 09:12:27 AM	
388	900	3	10	12/17/23 09:12:37 AM	
389	900	2	10	12/17/23 09:12:48 AM	
390	900	4	10	12/17/23 09:12:58 AM	
391	900	4	10	12/17/23 09:13:08 AM	
392	900	3	10	12/17/23 09:13:18 AM	
393	900	2	10	12/17/23 09:13:29 AM	
394	900	2	10	12/17/23 09:13:39 AM	
395	900	3	10	12/17/23 09:13:49 AM	
396	900	3	10	12/17/23 09:13:59 AM	
397	900	4	10	12/17/23 09:14:09 AM	
398	900	4	10	12/17/23 09:14:19 AM	
399	900	1	10	12/17/23 09:14:30 AM	
400	900	6	10	12/17/23 09:14:40 AM	
401	900	4	10	12/17/23 09:14:50 AM	
402	900	4	10	12/17/23 09:15:00 AM	
403	900	1	10	12/17/23 09:15:11 AM	
404	900	5	10	12/17/23 09:15:21 AM	
405	900	1	10	12/17/23 09:15:31 AM	
406	900	6	10	12/17/23 09:15:41 AM	
407	900	2	10	12/17/23 09:15:52 AM	
408	900	4	10	12/17/23 09:16:02 AM	
409	900	2	10	12/17/23 09:16:12 AM	
410	900	3	10	12/17/23 09:16:22 AM	
411	900	2	10	12/17/23 09:16:33 AM	
412	900	10	10	12/17/23 09:16:43 AM	
413	900	3	10	12/17/23 09:16:53 AM	
414	900	2	10	12/17/23 09:17:03 AM	
415	900	3	10	12/17/23 09:17:13 AM	
416	900	2	10	12/17/23 09:17:24 AM	
417	900	2	10	12/17/23 09:17:34 AM	
418	900	3	10	12/17/23 09:17:44 AM	
419	900	6	10	12/17/23 09:17:54 AM	
420	900	2	10	12/17/23 09:18:04 AM	
421	900	2	10	12/17/23 09:18:15 AM	
422	900	5	10	12/17/23 09:18:25 AM	
423	900	3	10	12/17/23 09:18:35 AM	
424	900	2	10	12/17/23 09:18:45 AM	
425	900	4	10	12/17/23 09:18:55 AM	
426	900	3	10	12/17/23 09:19:06 AM	
427	900	1	10	12/17/23 09:19:16 AM	
428	900	4	10	12/17/23 09:19:26 AM	
429	900	4	10	12/17/23 09:19:36 AM	
430	900	4	10	12/17/23 09:19:46 AM	
431	900	2	10	12/17/23 09:19:56 AM	
432	900	1	10	12/17/23 09:20:07 AM	
433	900	4	10	12/17/23 09:20:17 AM	
434	900	2	10	12/17/23 09:20:27 AM	
435	900	4	10	12/17/23 09:20:37 AM	
436	900	3	10	12/17/23 09:20:47 AM	
437	900	2	10	12/17/23 09:20:58 AM	
438	900	2	10	12/17/23 09:21:08 AM	
439	900	3	10	12/17/23 09:21:18 AM	
440	900	5	10	12/17/23 09:21:28 AM	
441	900	7	10	12/17/23 09:21:39 AM	
442	900	2	10	12/17/23 09:21:49 AM	
443	900	3	10	12/17/23 09:21:59 AM	
444	900	2	10	12/17/23 09:22:09 AM	
445	900	5	10	12/17/23 09:22:20 AM	
446	900	2	10	12/17/23 09:22:30 AM	
447	900	4	10	12/17/23 09:22:40 AM	
448	900	3	10	12/17/23 09:22:50 AM	
449	900	3	10	12/17/23 09:23:00 AM	
450	900	1	10	12/17/23 09:23:11 AM	
451	900	4	10	12/17/23 09:23:21 AM	
452	900	1	10	12/17/23 09:23:31 AM	
453	900	3	10	12/17/23 09:23:41 AM	
454	900	3	10	12/17/23 09:23:51 AM	
455	900	3	10	12/17/23 09:24:02 AM	
456	900	1	10	12/17/23 09:24:12 AM	
457	900	3	10	12/17/23 09:24:22 AM	
458	900	7	10	12/17/23 09:24:32 AM	
459	900	5	10	12/17/23 09:24:42 AM	
460	900	4	10	12/17/23 09:24:53 AM	
461	900	7	10	12/17/23 09:25:03 AM	
462	900	3	10	12/17/23 09:25:13 AM	
463	900	2	10	12/17/23 09:25:23 AM	
464	900	1	10	12/17/23 09:25:33 AM	
465	900	8	10	12/17/23 09:25:43 AM	
466	900	0	10	12/17/23 09:25:54 AM	
467	900	2	10	12/17/23 09:26:04 AM	
468	900	2	10	12/17/23 09:26:14 AM	
469	900	5	10	12/17/23 09:26:24 AM	
470	900	3	10	12/17/23 09:26:34 AM	
471	900	1	10	12/17/23 09:26:45 AM	
472	900	4	10	12/17/23 09:26:55 AM	
473	900	2	10	12/17/23 09:27:05 AM	
474	900	2	10	12/17/23 09:27:16 AM	
475	900	2	10	12/17/23 09:27:26 AM	
476	900	3	10	12/17/23 09:27:36 AM	
477	900	3	10	12/17/23 09:27:46 AM	
478	900	3	10	12/17/23 09:27:56 AM	
479	900	2	10	12/17/23 09:28:07 AM	
480	900	6	10	12/17/23 09:28:17 AM	
481	900	5	10	12/17/23 09:28:27 AM	
482	900	2	10	12/17/23 09:28:37 AM	
483	900	4	10	12/17/23 09:28:48 AM	
484	900	3	10	12/17/23 09:28:58 AM	
485	900	6	10	12/17/23 09:29:08 AM	
486	900	4	10	12/17/23 09:29:18 AM	
487	900	3	10	12/17/23 09:29:28 AM	
488	900	6	10	12/17/23 09:29:39 AM	
489	900	5	10	12/17/23 09:29:49 AM	
490	900	2	10	12/17/23 09:29:59 AM	
491	900	2	10	12/17/23 09:30:09 AM	
492	900	4	10	12/17/23 09:30:19 AM	
493	900	4	10	12/17/23 09:30:30 AM	
494	900	4	10	12/17/23 09:30:40 AM	
495	900	4	10	12/17/23 09:30:50 AM	
496	900	5	10	12/17/23 09:31:01 AM	
497	900	6	10	12/17/23 09:31:11 AM	
498	900	3	10	12/17/23 09:31:21 AM	
499	900	1	10	12/17/23 09:31:31 AM	
500	900	3	10	12/17/23 09:31:42 AM	
501	900	4	10	12/17/23 09:31:52 AM	
502	900	1	10	12/17/23 09:32:02 AM	
503	900	2	10	12/17/23 09:32:12 AM	
504	900	4	10	12/17/23 09:32:22 AM	
505	900	0	10	12/17/23 09:32:32 AM	
506	900	6	10	12/17/23 09:32:43 AM	
507	900	3	10	12/17/23 09:32:53 AM	
508	900	0	10	12/17/23 09:33:03 AM	
509	900	2	10	12/17/23 09:33:13 AM	
510	900	3	10	12/17/23 09:33:24 AM	
511	900	3	10	12/17/23 09:33:34 AM	
512	900	6	10	12/17/23 09:33:44 AM	
513	900	3	10	12/17/23 09:33:54 AM	
514	900	1	10	12/17/23 09:34:04 AM	
515	900	3	10	12/17/23 09:34:15 AM	
516	900	4	10	12/17/23 09:34:25 AM	
517	900	3	10	12/17/23 09:34:35 AM	
518	900	1	10	12/17/23 09:34:45 AM	
519	900	6	10	12/17/23 09:34:56 AM	
520	900	4	10	12/17/23 09:35:06 AM	
521	900	3	10	12/17/23 09:35:16 AM	
522	900	3	10	12/17/23 09:35:26 AM	
523	900	2	10	12/17/23 09:35:36 AM	
524	900	3	10	12/17/23 09:35:47 AM	
525	900	4	10	12/17/23 09:35:57 AM	
526	900	5	10	12/17/23 09:36:07 AM	
527	900	2	10	12/17/23 09:36:17 AM	
528	900	4	10	12/17/23 09:36:28 AM	
529	900	2	10	12/17/23 09:36:38 AM	
530	900	2	10	12/17/23 09:36:48 AM	
531	900	6	10	12/17/23 09:36:58 AM	
532	900	3	10	12/17/23 09:37:08 AM	
533	900	2	10	12/17/23 09:37:18 AM	
534	900	4	10	12/17/23 09:37:29 AM	
535	900	2	10	12/17/23 09:37:39 AM	
536	900	2	10	12/17/23 09:37:49 AM	
537	900	1	10	12/17/23 09:37:59 AM	
538	900	1	10	12/17/23 09:38:10 AM	
539	900	3	10	12/17/23 09:38:20 AM	
540	900	1	10	12/17/23 09:38:30 AM	
541	900	5	10	12/17/23 09:38:40 AM	
542	900	2	10	12/17/23 09:38:50 AM	
543	900	1	10	12/17/23 09:39:01 AM	
544	900	2	10	12/17/23 09:39:11 AM	
545	900	3	10	12/17/23 09:39:21 AM	
546	900	1	10	12/17/23 09:39:31 AM	
547	900	5	10	12/17/23 09:39:42 AM	
548	900	0	10	12/17/23 09:39:52 AM	
549	900	4	10	12/17/23 09:40:02 AM	
550	900	2	10	12/17/23 09:40:12 AM	
551	900	6	10	12/17/23 09:40:22 AM	
552	900	3	10	12/17/23 09:40:33 AM	
553	900	2	10	12/17/23 09:40:43 AM	
554	900	7	10	12/17/23 09:40:53 AM	
555	900	3	10	12/17/23 09:41:03 AM	
556	900	4	10	12/17/23 09:41:14 AM	
557	900	1	10	12/17/23 09:41:24 AM	
558	900	2	10	12/17/23 09:41:34 AM	
559	900	1	10	12/17/23 09:41:45 AM	
560	900	2	10	12/17/23 09:41:55 AM	
561	900	4	10	12/17/23 09:42:05 AM	
562	900	2	10	12/17/23 09:42:15 AM	
563	900	4	10	12/17/23 09:42:25 AM	
564	900	1	10	12/17/23 09:42:36 AM	
565	900	4	10	12/17/23 09:42:46 AM	
566	900	2	10	12/17/23 09:42:56 AM	
567	900	4	10	12/17/23 09:43:06 AM	
568	900	7	10	12/17/23 09:43:17 AM	
569	900	4	10	12/17/23 09:43:27 AM	
570	900	0	10	12/17/23 09:43:37 AM	
571	900	3	10	12/17/23 09:43:47 AM	
572	900	3	10	12/17/23 09:43:57 AM	
573	900	3	10	12/17/23 09:44:07 AM	
574	900	2	10	12/17/23 09:44:18 AM	
575	900	4	10	12/17/23 09:44:28 AM	
576	900	5	10	12/17/23 09:44:38 AM	
577	900	3	10	12/17/23 09:44:48 AM	
578	900	0	10	12/17/23 09:44:59 AM	
579	900	2	10	12/17/23 09:45:09 AM	
580	900	2	10	12/17/23 09:45:19 AM	
581	900	2	10	12/17/23 09:45:30 AM	
582	900	2	10	12/17/23 09:45:40 AM	
583	900	7	10	12/17/23 09:45:50 AM	
584	900	3	10	12/17/23 09:46:00 AM	
585	900	2	10	12/17/23 09:46:11 AM	
586	900	1	10	12/17/23 09:46:21 AM	
587	900	4	10	12/17/23 09:46:31 AM	
588	900	3	10	12/17/23 09:46:41 AM	
589	900	1	10	12/17/23 09:46:51 AM	
590	900	4	10	12/17/23 09:47:02 AM	
591	900	1	10	12/17/23 09:47:12 AM	
592	900	2	10	12/17/23 09:47:22 AM	
593	900	5	10	12/17/23 09:47:32 AM	
594	900	2	10	12/17/23 09:47:42 AM	
595	900	3	10	12/17/23 09:47:53 AM	
596	900	4	10	12/17/23 09:48:03 AM	
597	900	2	10	12/17/23 09:48:13 AM	
598	900	6	10	12/17/23 09:48:23 AM	
599	900	2	10	12/17/23 09:48:34 AM	
600	900	5	10	12/17/23 09:48:44 AM	
601	900	3	10	12/17/23 09:48:54 AM	
602	900	6	10	12/17/23 09:49:04 AM	
603	900	2	10	12/17/23 09:49:15 AM	
604	900	7	10	12/17/23 09:49:25 AM	
605	900	6	10	12/17/23 09:49:35 AM	
606	900	5	10	12/17/23 09:49:45 AM	
607	900	3	10	12/17/23 09:49:56 AM	
608	900	3	10	12/17/23 09:50:06 AM	
609	900	1	10	12/17/23 09:50:16 AM	
610	900	6	10	12/17/23 09:50:26 AM	
611	900	5	10	12/17/23 09:50:36 AM	
612	900	1	10	12/17/23 09:50:46 AM	
613	900	3	10	12/17/23 09:50:57 AM	
614	900	1	10	12/17/23 09:51:07 AM	
615	900	3	10	12/17/23 09:51:17 AM	
616	900	3	10	12/17/23 09:51:27 AM	
617	900	4	10	12/17/23 09:51:38 AM	
618	900	5	10	12/17/23 09:51:48 AM	
619	900	4	10	12/17/23 09:51:58 AM	
620	900	2	10	12/17/23 09:52:08 AM	
621	900	3	10	12/17/23 09:52:19 AM	
622	900	3	10	12/17/23 09:52:29 AM	
623	900	2	10	12/17/23 09:52:39 AM	
624	900	1	10	12/17/23 09:52:49 AM	
625	900	1	10	12/17/23 09:52:59 AM	
626	900	1	10	12/17/23 09:53:10 AM	
627	900	3	10	12/17/23 09:53:20 AM	
628	900	3	10	12/17/23 09:53:30 AM	
629	900	4	10	12/17/23 09:53:41 AM	
630	900	4	10	12/17/23 09:53:51 AM	
631	900	0	10	12/17/23 09:54:01 AM	
632	900	2	10	12/17/23 09:54:11 AM	
633	900	5	10	12/17/23 09:54:22 AM	
634	900	1	10	12/17/23 09:54:32 AM	
635	900	6	10	12/17/23 09:54:42 AM	
636	900	5	10	12/17/23 09:54:52 AM	
637	900	2	10	12/17/23 09:55:02 AM	
638	900	3	10	12/17/23 09:55:13 AM	
639	900	2	10	12/17/23 09:55:23 AM	
640	900	4	10	12/17/23 09:55:33 AM	
641	900	5	10	12/17/23 09:55:43 AM	
642	900	5	10	12/17/23 09:55:53 AM	
643	900	3	10	12/17/23 09:56:04 AM	
644	900	3	10	12/17/23 09:56:14 AM	
645	900	3	10	12/17/23 09:56:24 AM	
646	900	3	10	12/17/23 09:56:35 AM	
647	900	2	10	12/17/23 09:56:45 AM	
648	900	2	10	12/17/23 09:56:55 AM	
649	900	1	10	12/17/23 09:57:05 AM	
650	900	3	10	12/17/23 09:57:16 AM	
651	900	4	10	12/17/23 09:57:26 AM	
652	900	4	10	12/17/23 09:57:36 AM	
653	900	2	10	12/17/23 09:57:46 AM	
654	900	2	10	12/17/23 09:57:56 AM	
655	900	2	10	12/17/23 09:58:07 AM	
656	900	7	10	12/17/23 09:58:17 AM	
657	900	4	10	12/17/23 09:58:27 AM	
658	900	3	10	12/17/23 09:58:37 AM	
659	900	2	10	12/17/23 09:58:47 AM	
660	900	2	10	12/17/23 09:58:58 AM	
661	900	4	10	12/17/23 09:59:08 AM	
662	900	7	10	12/17/23 09:59:18 AM	
663	900	5	10	12/17/23 09:59:28 AM	
664	900	4	10	12/17/23 09:59:38 AM	
665	900	4	10	12/17/23 09:59:49 AM	
666	900	4	10	12/17/23 09:59:59 AM	
667	900	4	10	12/17/23 10:00:09 AM	
668	900	3	10	12/17/23 10:00:19 AM	
669	900	4	10	12/17/23 10:00:29 AM	
670	900	8	10	12/17/23 10:00:40 AM	
671	900	3	10	12/17/23 10:00:50 AM	
672	900	1	10	12/17/23 10:01:00 AM	
673	900	1	10	12/17/23 10:01:10 AM	
674	900	3	10	12/17/23 10:01:21 AM	
675	900	3	10	12/17/23 10:01:31 AM	
676	900	6	10	12/17/23 10:01:41 AM	
677	900	4	10	12/17/23 10:01:51 AM	
678	900	5	10	12/17/23 10:02:02 AM	
679	900	8	10	12/17/23 10:02:12 AM	
680	900	2	10	12/17/23 10:02:22 AM	
681	900	1	10	12/17/23 10:02:32 AM	
682	900	0	10	12/17/23 10:02:42 AM	
683	900	2	10	12/17/23 10:02:53 AM	
684	900	2	10	12/17/23 10:03:03 AM	
685	900	3	10	12/17/23 10:03:13 AM	
686	900	2	10	12/17/23 10:03:23 AM	
687	900	1	10	12/17/23 10:03:33 AM	
688	900	4	10	12/17/23 10:03:44 AM	
689	900	4	10	12/17/23 10:03:54 AM	
690	900	3	10	12/17/23 10:04:04 AM	
691	900	3	10	12/17/23 10:04:14 AM	
692	900	9	10	12/17/23 10:04:25 AM	
693	900	2	10	12/17/23 10:04:35 AM	
694	900	0	10	12/17/23 10:04:45 AM	
695	900	1	10	12/17/23 10:04:55 AM	
696	900	2	10	12/17/23 10:05:05 AM	
697	900	3	10	12/17/23 10:05:16 AM	
698	900	4	10	12/17/23 10:05:26 AM	
699	900	2	10	12/17/23 10:05:36 AM	
700	900	2	10	12/17/23 10:05:46 AM	
701	900	3	10	12/17/23 10:05:57 AM	
702	900	2	10	12/17/23 10:06:07 AM	
703	900	4	10	12/17/23 10:06:17 AM	
704	900	3	10	12/17/23 10:06:27 AM	
705	900	2	10	12/17/23 10:06:38 AM	
706	900	3	10	12/17/23 10:06:48 AM	
707	900	11	10	12/17/23 10:06:58 AM	
708	900	1	10	12/17/23 10:07:08 AM	
709	900	5	10	12/17/23 10:07:18 AM	
710	900	5	10	12/17/23 10:07:29 AM	
711	900	2	10	12/17/23 10:07:39 AM	
712	900	6	10	12/17/23 10:07:49 AM	
713	900	5	10	12/17/23 10:07:59 AM	
714	900	2	10	12/17/23 10:08:10 AM	
715	900	1	10	12/17/23 10:08:20 AM	
716	900	6	10	12/17/23 10:08:30 AM	
717	900	3	10	12/17/23 10:08:40 AM	
718	900	4	10	12/17/23 10:08:50 AM	
719	900	1	10	12/17/23 10:09:00 AM	
720	900	7	10	12/17/23 10:09:11 AM	
721	900	2	10	12/17/23 10:09:21 AM	
722	900	2	10	12/17/23 10:09:31 AM	
723	900	6	10	12/17/23 10:09:41 AM	
724	900	0	10	12/17/23 10:09:51 AM	
725	900	4	10	12/17/23 10:10:02 AM	
726	900	3	10	12/17/23 10:10:12 AM	
727	900	4	10	12/17/23 10:10:22 AM	
728	900	2	10	12/17/23 10:10:32 AM	
729	900	4	10	12/17/23 10:10:43 AM	
730	900	5	10	12/17/23 10:10:53 AM	
731	900	3	10	12/17/23 10:11:03 AM	
732	900	6	10	12/17/23 10:11:13 AM	
733	900	1	10	12/17/23 10:11:24 AM	
734	900	2	10	12/17/23 10:11:34 AM	
735	900	1	10	12/17/23 10:11:44 AM	
736	900	4	10	12/17/23 10:11:54 AM	
737	900	7	10	12/17/23 10:12:04 AM	
738	900	6	10	12/17/23 10:12:15 AM	
739	900	7	10	12/17/23 10:12:25 AM	
740	900	2	10	12/17/23 10:12:35 AM	
741	900	3	10	12/17/23 10:12:45 AM	
742	900	3	10	12/17/23 10:12:56 AM	
743	900	5	10	12/17/23 10:13:06 AM	
744	900	2	10	12/17/23 10:13:16 AM	
745	900	5	10	12/17/23 10:13:26 AM	
746	900	3	10	12/17/23 10:13:37 AM	
747	900	4	10	12/17/23 10:13:47 AM	
748	900	2	10	12/17/23 10:13:57 AM	
749	900	5	10	12/17/23 10:14:07 AM	
750	900	4	10	12/17/23 10:14:18 AM	
751	900	2	10	12/17/23 10:14:28 AM	
752	900	4	10	12/17/23 10:14:38 AM	
753	900	2	10	12/17/23 10:14:48 AM	
754	900	6	10	12/17/23 10:14:58 AM	
755	900	3	10	12/17/23 10:15:09 AM	
756	900	5	10	12/17/23 10:15:19 AM	
757	900	7	10	12/17/23 10:15:29 AM	
758	900	6	10	12/17/23 10:15:39 AM	
759	900	3	10	12/17/23 10:15:49 AM	
760	900	4	10	12/17/23 10:15:59 AM	
761	900	5	10	12/17/23 10:16:10 AM	
762	900	3	10	12/17/23 10:16:20 AM	
763	900	1	10	12/17/23 10:16:30 AM	
764	900	4	10	12/17/23 10:16:40 AM	
765	900	3	10	12/17/23 10:16:51 AM	
766	900	4	10	12/17/23 10:17:01 AM	
767	900	4	10	12/17/23 10:17:11 AM	
768	900	4	10	12/17/23 10:17:21 AM	
769	900	3	10	12/17/23 10:17:31 AM	
770	900	2	10	12/17/23 10:17:42 AM	
771	900	1	10	12/17/23 10:17:52 AM	
772	900	4	10	12/17/23 10:18:02 AM	
773	900	1	10	12/17/23 10:18:12 AM	
774	900	3	10	12/17/23 10:18:23 AM	
775	900	3	10	12/17/23 10:18:33 AM	
776	900	1	10	12/17/23 10:18:43 AM	
777	900	1	10	12/17/23 10:18:53 AM	
778	900	4	10	12/17/23 10:19:03 AM	
779	900	1	10	12/17/23 10:19:14 AM	
780	900	2	10	12/17/23 10:19:24 AM	
781	900	4	10	12/17/23 10:19:34 AM	
782	900	3	10	12/17/23 10:19:44 AM	
783	900	3	10	12/17/23 10:19:55 AM	
784	900	4	10	12/17/23 10:20:05 AM	
785	900	3	10	12/17/23 10:20:15 AM	
786	900	3	10	12/17/23 10:20:26 AM	
787	900	3	10	12/17/23 10:20:36 AM	
788	900	8	10	12/17/23 10:20:46 AM	
789	900	6	10	12/17/23 10:20:56 AM	
790	900	4	10	12/17/23 10:21:06 AM	
791	900	3	10	12/17/23 10:21:16 AM	
792	900	7	10	12/17/23 10:21:27 AM	
793	900	4	10	12/17/23 10:21:37 AM	
794	900	8	10	12/17/23 10:21:47 AM	
795	900	2	10	12/17/23 10:21:57 AM	
796	900	7	10	12/17/23 10:22:08 AM	
797	900	3	10	12/17/23 10:22:18 AM	
798	900	3	10	12/17/23 10:22:28 AM	
799	900	6	10	12/17/23 10:22:38 AM	
800	900	4	10	12/17/23 10:22:49 AM	
801	900	1	10	12/17/23 10:22:59 AM	
802	900	2	10	12/17/23 10:23:09 AM	
803	900	7	10	12/17/23 10:23:19 AM	
804	900	1	10	12/17/23 10:23:29 AM	
805	900	4	10	12/17/23 10:23:40 AM	
806	900	4	10	12/17/23 10:23:50 AM	
807	900	4	10	12/17/23 10:24:00 AM	
808	900	4	10	12/17/23 10:24:10 AM	
809	900	2	10	12/17/23 10:24:21 AM	
810	900	2	10	12/17/23 10:24:31 AM	
811	900	2	10	12/17/23 10:24:41 AM	
812	900	1	10	12/17/23 10:24:51 AM	
813	900	2	10	12/17/23 10:25:02 AM	
814	900	2	10	12/17/23 10:25:12 AM	
815	900	3	10	12/17/23 10:25:22 AM	
816	900	2	10	12/17/23 10:25:32 AM	
817	900	1	10	12/17/23 10:25:42 AM	
818	900	0	10	12/17/23 10:25:52 AM	
819	900	5	10	12/17/23 10:26:03 AM	
820	900	3	10	12/17/23 10:26:13 AM	
821	900	3	10	12/17/23 10:26:23 AM	
822	900	2	10	12/17/23 10:26:33 AM	
823	900	3	10	12/17/23 10:26:44 AM	
824	900	6	10	12/17/23 10:26:54 AM	
825	900	8	10	12/17/23 10:27:04 AM	
826	900	5	10	12/17/23 10:27:15 AM	
827	900	2	10	12/17/23 10:27:25 AM	
828	900	3	10	12/17/23 10:27:35 AM	
829	900	2	10	12/17/23 10:27:45 AM	
830	900	4	10	12/17/23 10:27:56 AM	
831	900	3	10	12/17/23 10:28:06 AM	
832	900	3	10	12/17/23 10:28:16 AM	
833	900	2	10	12/17/23 10:28:26 AM	
834	900	6	10	12/17/23 10:28:36 AM	
835	900	3	10	12/17/23 10:28:47 AM	
836	900	1	10	12/17/23 10:28:57 AM	
837	900	2	10	12/17/23 10:29:07 AM	
838	900	5	10	12/17/23 10:29:17 AM	
839	900	2	10	12/17/23 10:29:27 AM	
840	900	3	10	12/17/23 10:29:38 AM	
841	900	0	10	12/17/23 10:29:48 AM	
842	900	3	10	12/17/23 10:29:58 AM	
843	900	3	10	12/17/23 10:30:08 AM	
844	900	3	10	12/17/23 10:30:19 AM	
845	900	3	10	12/17/23 10:30:29 AM	
846	900	1	10	12/17/23 10:30:39 AM	
847	900	6	10	12/17/23 10:30:49 AM	
848	900	1	10	12/17/23 10:30:59 AM	
849	900	5	10	12/17/23 10:31:10 AM	
850	900	4	10	12/17/23 10:31:20 AM	
851	900	3	10	12/17/23 10:31:30 AM	
852	900	1	10	12/17/23 10:31:40 AM	
853	900	2	10	12/17/23 10:31:50 AM	
854	900	1	10	12/17/23 10:32:01 AM	
855	900	3	10	12/17/23 10:32:11 AM	
856	900	4	10	12/17/23 10:32:21 AM	
857	900	4	10	12/17/23 10:32:31 AM	
858	900	5	10	12/17/23 10:32:41 AM	
859	900	2	10	12/17/23 10:32:52 AM	
860	900	5	10	12/17/23 10:33:02 AM	
861	900	4	10	12/17/23 10:33:12 AM	
862	900	2	10	12/17/23 10:33:22 AM	
863	900	5	10	12/17/23 10:33:33 AM	
864	900	2	10	12/17/23 10:33:43 AM	
865	900	8	10	12/17/23 10:33:53 AM	
866	900	4	10	12/17/23 10:34:03 AM	
867	900	3	10	12/17/23 10:34:13 AM	
868	900	6	10	12/17/23 10:34:24 AM	
869	900	3	10	12/17/23 10:34:34 AM	
870	900	1	10	12/17/23 10:34:44 AM	
871	900	4	10	12/17/23 10:34:54 AM	
872	900	4	10	12/17/23 10:35:04 AM	
873	900	2	10	12/17/23 10:35:15 AM	
874	900	0	10	12/17/23 10:35:25 AM	
875	900	1	10	12/17/23 10:35:35 AM	
876	900	4	10	12/17/23 10:35:45 AM	
877	900	2	10	12/17/23 10:35:56 AM	
878	900	4	10	12/17/23 10:36:06 AM	
879	900	3	10	12/17/23 10:36:16 AM	
880	900	1	10	12/17/23 10:36:26 AM	
881	900	4	10	12/17/23 10:36:36 AM	
882	900	4	10	12/17/23 10:36:47 AM	
883	900	2	10	12/17/23 10:36:57 AM	
884	900	4	10	12/17/23 10:37:07 AM	
885	900	1	10	12/17/23 10:37:17 AM	
886	900	4	10	12/17/23 10:37:27 AM	
887	900	7	10	12/17/23 10:37:38 AM	
888	900	0	10	12/17/23 10:37:48 AM	
889	900	5	10	12/17/23 10:37:58 AM	
890	900	2	10	12/17/23 10:38:08 AM	
891	900	1	10	12/17/23 10:38:19 AM	
892	900	4	10	12/17/23 10:38:29 AM	
893	900	1	10	12/17/23 10:38:39 AM	
894	900	4	10	12/17/23 10:38:49 AM	
895	900	8	10	12/17/23 10:39:00 AM	
896	900	2	10	12/17/23 10:39:10 AM	
897	900	2	10	12/17/23 10:39:20 AM	
898	900	3	10	12/17/23 10:39:30 AM	
899	900	4	10	12/17/23 10:39:40 AM	
900	900	1	10	12/17/23 10:39:51 AM	
901	900	5	10	12/17/23 10:40:01 AM	
902	900	2	10	12/17/23 10:40:11 AM	
903	900	0	10	12/17/23 10:40:21 AM	
904	900	4	10	12/17/23 10:40:31 AM	
905	900	3	10	12/17/23 10:40:42 AM	
906	900	1	10	12/17/23 10:40:52 AM	
907	900	3	10	12/17/23 10:41:02 AM	
908	900	2	10	12/17/23 10:41:12 AM	
909	900	3	10	12/17/23 10:41:23 AM	
910	900	5	10	12/17/23 10:41:33 AM	
911	900	3	10	12/17/23 10:41:43 AM	
912	900	4	10	12/17/23 10:41:53 AM	
913	900	1	10	12/17/23 10:42:04 AM	
914	900	5	10	12/17/23 10:42:14 AM	
915	900	2	10	12/17/23 10:42:24 AM	
916	900	2	10	12/17/23 10:42:34 AM	
917	900	3	10	12/17/23 10:42:44 AM	
918	900	3	10	12/17/23 10:42:55 AM	
919	900	7	10	12/17/23 10:43:05 AM	
920	900	2	10	12/17/23 10:43:15 AM	
921	900	6	10	12/17/23 10:43:25 AM	
922	900	3	10	12/17/23 10:43:35 AM	
923	900	3	10	12/17/23 10:43:45 AM	
924	900	3	10	12/17/23 10:43:56 AM	
925	900	3	10	12/17/23 10:44:06 AM	
926	900	5	10	12/17/23 10:44:16 AM	
927	900	6	10	12/17/23 10:44:26 AM	
928	900	0	10	12/17/23 10:44:37 AM	
929	900	1	10	12/17/23 10:44:47 AM	
930	900	1	10	12/17/23 10:44:57 AM	
931	900	4	10	12/17/23 10:45:07 AM	
932	900	5	10	12/17/23 10:45:17 AM	
933	900	2	10	12/17/23 10:45:28 AM	
934	900	0	10	12/17/23 10:45:38 AM	
935	900	0	10	12/17/23 10:45:48 AM	
936	900	2	10	12/17/23 10:45:58 AM	
937	900	0	10	12/17/23 10:46:09 AM	
938	900	8	10	12/17/23 10:46:19 AM	
939	900	2	10	12/17/23 10:46:29 AM	
940	900	2	10	12/17/23 10:46:39 AM	
941	900	2	10	12/17/23 10:46:49 AM	
942	900	2	10	12/17/23 10:47:00 AM	
943	900	3	10	12/17/23 10:47:10 AM	
944	900	1	10	12/17/23 10:47:20 AM	
945	900	6	10	12/17/23 10:47:30 AM	
946	900	1	10	12/17/23 10:47:41 AM	
947	900	2	10	12/17/23 10:47:51 AM	
948	900	4	10	12/17/23 10:48:01 AM	
949	900	5	10	12/17/23 10:48:11 AM	
950	900	2	10	12/17/23 10:48:21 AM	
951	900	3	10	12/17/23 10:48:32 AM	
952	900	4	10	12/17/23 10:48:42 AM	
953	900	4	10	12/17/23 10:48:52 AM	
954	900	1	10	12/17/23 10:49:02 AM	
955	900	1	10	12/17/23 10:49:12 AM	
956	900	2	10	12/17/23 10:49:23 AM	
957	900	0	10	12/17/23 10:49:33 AM	
958	900	3	10	12/17/23 10:49:43 AM	
959	900	3	10	12/17/23 10:49:53 AM	
960	900	3	10	12/17/23 10:50:04 AM	
961	900	3	10	12/17/23 10:50:14 AM	
962	900	2	10	12/17/23 10:50:24 AM	
963	900	3	10	12/17/23 10:50:34 AM	
964	900	5	10	12/17/23 10:50:45 AM	
965	900	8	10	12/17/23 10:50:55 AM	
966	900	4	10	12/17/23 10:51:05 AM	
967	900	3	10	12/17/23 10:51:15 AM	
968	900	5	10	12/17/23 10:51:26 AM	
969	900	1	10	12/17/23 10:51:36 AM	
970	900	2	10	12/17/23 10:51:46 AM	
971	900	8	10	12/17/23 10:51:56 AM	
972	900	4	10	12/17/23 10:52:06 AM	
973	900	5	10	12/17/23 10:52:17 AM	
974	900	5	10	12/17/23 10:52:27 AM	
975	900	6	10	12/17/23 10:52:37 AM	
976	900	3	10	12/17/23 10:52:47 AM	
977	900	3	10	12/17/23 10:52:57 AM	
978	900	4	10	12/17/23 10:53:08 AM	
979	900	4	10	12/17/23 10:53:18 AM	
980	900	4	10	12/17/23 10:53:28 AM	
981	900	3	10	12/17/23 10:53:38 AM	
982	900	2	10	12/17/23 10:53:48 AM	
983	900	3	10	12/17/23 10:53:59 AM	
984	900	2	10	12/17/23 10:54:09 AM	
985	900	3	10	12/17/23 10:54:19 AM	
986	900	3	10	12/17/23 10:54:29 AM	
987	900	3	10	12/17/23 10:54:40 AM	
988	900	4	10	12/17/23 10:54:50 AM	
989	900	2	10	12/17/23 10:55:00 AM	
990	900	4	10	12/17/23 10:55:10 AM	
991	900	1	10	12/17/23 10:55:20 AM	
992	900	2	10	12/17/23 10:55:31 AM	
993	900	2	10	12/17/23 10:55:41 AM	
994	900	6	10	12/17/23 10:55:51 AM	
995	900	4	10	12/17/23 10:56:01 AM	
996	900	1	10	12/17/23 10:56:12 AM	
997	900	7	10	12/17/23 10:56:22 AM	
998	900	1	10	12/17/23 10:56:32 AM	
999	900	3	10	12/17/23 10:56:42 AM	
1000	900	2	10	12/17/23 10:56:52 AM	
1001	900	3	10	12/17/23 10:57:03 AM	
1002	900	2	10	12/17/23 10:57:13 AM	
1003	900	3	10	12/17/23 10:57:23 AM	
1004	900	4	10	12/17/23 10:57:34 AM	
1005	900	3	10	12/17/23 10:57:44 AM	
1006	900	2	10	12/17/23 10:57:54 AM	
1007	900	4	10	12/17/23 10:58:04 AM	
1008	900	4	10	12/17/23 10:58:14 AM	
1009	900	2	10	12/17/23 10:58:25 AM	
1010	900	2	10	12/17/23 10:58:35 AM	
1011	900	5	10	12/17/23 10:58:45 AM	
1012	900	5	10	12/17/23 10:58:55 AM	
1013	900	4	10	12/17/23 10:59:06 AM	
1014	900	4	10	12/17/23 10:59:16 AM	
1015	900	2	10	12/17/23 10:59:26 AM	
1016	900	6	10	12/17/23 10:59:36 AM	
1017	900	4	10	12/17/23 10:59:46 AM	
1018	900	10	10	12/17/23 10:59:57 AM	
1019	900	4	10	12/17/23 11:00:07 AM	
1020	900	2	10	12/17/23 11:00:17 AM	
1021	900	1	10	12/17/23 11:00:27 AM	
1022	900	2	10	12/17/23 11:00:38 AM	
1023	900	3	10	12/17/23 11:00:48 AM	
1024	900	6	10	12/17/23 11:00:58 AM	
1025	900	4	10	12/17/23 11:01:08 AM	
1026	900	3	10	12/17/23 11:01:18 AM	
1027	900	3	10	12/17/23 11:01:29 AM	
1028	900	5	10	12/17/23 11:01:39 AM	
1029	900	0	10	12/17/23 11:01:49 AM	
1030	900	3	10	12/17/23 11:01:59 AM	
1031	900	4	10	12/17/23 11:02:09 AM	
1032	900	4	10	12/17/23 11:02:19 AM	
1033	900	3	10	12/17/23 11:02:30 AM	
1034	900	3	10	12/17/23 11:02:40 AM	
1035	900	3	10	12/17/23 11:02:50 AM	
1036	900	5	10	12/17/23 11:03:00 AM	
1037	900	3	10	12/17/23 11:03:10 AM	
1038	900	2	10	12/17/23 11:03:21 AM	
1039	900	8	10	12/17/23 11:03:31 AM	
1040	900	3	10	12/17/23 11:03:41 AM	
1041	900	5	10	12/17/23 11:03:51 AM	
1042	900	8	10	12/17/23 11:04:02 AM	
1043	900	2	10	12/17/23 11:04:12 AM	
1044	900	4	10	12/17/23 11:04:22 AM	
1045	900	5	10	12/17/23 11:04:32 AM	
1046	900	7	10	12/17/23 11:04:42 AM	
1047	900	4	10	12/17/23 11:04:53 AM	
1048	900	3	10	12/17/23 11:05:03 AM	
1049	900	8	10	12/17/23 11:05:13 AM	
1050	900	1	10	12/17/23 11:05:23 AM	
1051	900	3	10	12/17/23 11:05:34 AM	
1052	900	5	10	12/17/23 11:05:44 AM	
1053	900	7	10	12/17/23 11:05:54 AM	
1054	900	1	10	12/17/23 11:06:04 AM	
1055	900	2	10	12/17/23 11:06:14 AM	
1056	900	1	10	12/17/23 11:06:25 AM	
1057	900	7	10	12/17/23 11:06:35 AM	
1058	900	4	10	12/17/23 11:06:45 AM	
1059	900	2	10	12/17/23 11:06:56 AM	
1060	900	4	10	12/17/23 11:07:06 AM	
1061	900	4	10	12/17/23 11:07:16 AM	
1062	900	4	10	12/17/23 11:07:26 AM	
1063	900	7	10	12/17/23 11:07:36 AM	
1064	900	2	10	12/17/23 11:07:47 AM	
1065	900	4	10	12/17/23 11:07:57 AM	
1066	900	2	10	12/17/23 11:08:07 AM	
1067	900	2	10	12/17/23 11:08:17 AM	
1068	900	6	10	12/17/23 11:08:28 AM	
1069	900	2	10	12/17/23 11:08:38 AM	
1070	900	3	10	12/17/23 11:08:48 AM	
1071	900	4	10	12/17/23 11:08:58 AM	
1072	900	3	10	12/17/23 11:09:08 AM	
1073	900	1	10	12/17/23 11:09:19 AM	
1074	900	4	10	12/17/23 11:09:29 AM	
1075	900	4	10	12/17/23 11:09:39 AM	
1076	900	1	10	12/17/23 11:09:49 AM	
1077	900	2	10	12/17/23 11:09:59 AM	
1078	900	5	10	12/17/23 11:10:09 AM	
1079	900	1	10	12/17/23 11:10:20 AM	
1080	900	5	10	12/17/23 11:10:30 AM	
1081	900	3	10	12/17/23 11:10:40 AM	
1082	900	2	10	12/17/23 11:10:51 AM	
1083	900	4	10	12/17/23 11:11:01 AM	
1084	900	5	10	12/17/23 11:11:11 AM	
1085	900	2	10	12/17/23 11:11:21 AM	
1086	900	2	10	12/17/23 11:11:31 AM	
1087	900	2	10	12/17/23 11:11:42 AM	
1088	900	1	10	12/17/23 11:11:52 AM	
1089	900	5	10	12/17/23 11:12:02 AM	
1090	900	5	10	12/17/23 11:12:12 AM	
1091	900	2	10	12/17/23 11:12:23 AM	
1092	900	2	10	12/17/23 11:12:33 AM	
1093	900	3	10	12/17/23 11:12:43 AM	
1094	900	3	10	12/17/23 11:12:53 AM	
1095	900	1	10	12/17/23 11:13:03 AM	
1096	900	2	10	12/17/23 11:13:14 AM	
1097	900	3	10	12/17/23 11:13:24 AM	
1098	900	2	10	12/17/23 11:13:34 AM	
1099	900	3	10	12/17/23 11:13:44 AM	
1100	900	1	10	12/17/23 11:13:54 AM	
1101	900	4	10	12/17/23 11:14:04 AM	
1102	900	3	10	12/17/23 11:14:15 AM	
1103	900	3	10	12/17/23 11:14:25 AM	
1104	900	2	10	12/17/23 11:14:35 AM	
1105	900	4	10	12/17/23 11:14:45 AM	
1106	900	2	10	12/17/23 11:14:56 AM	
1107	900	2	10	12/17/23 11:15:06 AM	
1108	900	4	10	12/17/23 11:15:16 AM	
1109	900	1	10	12/17/23 11:15:26 AM	
1110	900	1	10	12/17/23 11:15:36 AM	
1111	900	1	10	12/17/23 11:15:47 AM	
1112	900	3	10	12/17/23 11:15:57 AM	
1113	900	3	10	12/17/23 11:16:07 AM	
1114	900	5	10	12/17/23 11:16:17 AM	
1115	900	3	10	12/17/23 11:16:27 AM	
1116	900	2	10	12/17/23 11:16:38 AM	
1117	900	2	10	12/17/23 11:16:48 AM	
1118	900	3	10	12/17/23 11:16:58 AM	
1119	900	6	10	12/17/23 11:17:08 AM	
1120	900	4	10	12/17/23 11:17:18 AM	
1121	900	3	10	12/17/23 11:17:29 AM	
1122	900	1	10	12/17/23 11:17:39 AM	
1123	900	0	10	12/17/23 11:17:49 AM	
1124	900	5	10	12/17/23 11:17:59 AM	
1125	900	6	10	12/17/23 11:18:10 AM	
1126	900	3	10	12/17/23 11:18:20 AM	
1127	900	2	10	12/17/23 11:18:30 AM	
1128	900	5	10	12/17/23 11:18:41 AM	
1129	900	5	10	12/17/23 11:18:51 AM	
1130	900	1	10	12/17/23 11:19:01 AM	
1131	900	1	10	12/17/23 11:19:11 AM	
1132	900	5	10	12/17/23 11:19:21 AM	
1133	900	2	10	12/17/23 11:19:32 AM	
1134	900	3	10	12/17/23 11:19:42 AM	
1135	900	1	10	12/17/23 11:19:52 AM	
1136	900	5	10	12/17/23 11:20:02 AM	
1137	900	1	10	12/17/23 11:20:12 AM	
1138	900	1	10	12/17/23 11:20:23 AM	
1139	900	5	10	12/17/23 11:20:33 AM	
1140	900	6	10	12/17/23 11:20:43 AM	
1141	900	4	10	12/17/23 11:20:53 AM	
1142	900	4	10	12/17/23 11:21:04 AM	
1143	900	3	10	12/17/23 11:21:14 AM	
1144	900	2	10	12/17/23 11:21:24 AM	
1145	900	2	10	12/17/23 11:21:34 AM	
1146	900	4	10	12/17/23 11:21:45 AM	
1147	900	5	10	12/17/23 11:21:55 AM	
1148	900	7	10	12/17/23 11:22:05 AM	
1149	900	5	10	12/17/23 11:22:15 AM	
1150	900	1	10	12/17/23 11:22:25 AM	
1151	900	3	10	12/17/23 11:22:36 AM	
1152	900	3	10	12/17/23 11:22:46 AM	
1153	900	1	10	12/17/23 11:22:56 AM	
1154	900	5	10	12/17/23 11:23:06 AM	
1155	900	2	10	12/17/23 11:23:16 AM	
1156	900	4	10	12/17/23 11:23:27 AM	
1157	900	3	10	12/17/23 11:23:37 AM	
1158	900	4	10	12/17/23 11:23:47 AM	
1159	900	3	10	12/17/23 11:23:57 AM	
1160	900	4	10	12/17/23 11:24:07 AM	
1161	900	6	10	12/17/23 11:24:18 AM	
1162	900	6	10	12/17/23 11:24:28 AM	
1163	900	2	10	12/17/23 11:24:38 AM	
1164	900	4	10	12/17/23 11:24:48 AM	
1165	900	1	10	12/17/23 11:24:58 AM	
1166	900	4	10	12/17/23 11:25:08 AM	
1167	900	5	10	12/17/23 11:25:19 AM	
1168	900	4	10	12/17/23 11:25:29 AM	
1169	900	5	10	12/17/23 11:25:39 AM	
1170	900	3	10	12/17/23 11:25:49 AM	
1171	900	2	10	12/17/23 11:26:00 AM	
1172	900	3	10	12/17/23 11:26:10 AM	
1173	900	6	10	12/17/23 11:26:20 AM	
1174	900	2	10	12/17/23 11:26:30 AM	
1175	900	4	10	12/17/23 11:26:41 AM	
1176	900	1	10	12/17/23 11:26:51 AM	
1177	900	4	10	12/17/23 11:27:01 AM	
1178	900	4	10	12/17/23 11:27:12 AM	
1179	900	1	10	12/17/23 11:27:22 AM	
1180	900	6	10	12/17/23 11:27:32 AM	
1181	900	5	10	12/17/23 11:27:42 AM	
1182	900	5	10	12/17/23 11:27:52 AM	
1183	900	4	10	12/17/23 11:28:03 AM	
1184	900	4	10	12/17/23 11:28:13 AM	
1185	900	3	10	12/17/23 11:28:23 AM	
1186	900	3	10	12/17/23 11:28:33 AM	
1187	900	4	10	12/17/23 11:28:44 AM	
1188	900	0	10	12/17/23 11:28:54 AM	
1189	900	8	10	12/17/23 11:29:04 AM	
1190	900	4	10	12/17/23 11:29:14 AM	
1191	900	2	10	12/17/23 11:29:24 AM	
1192	900	1	10	12/17/23 11:29:34 AM	
1193	900	3	10	12/17/23 11:29:45 AM	
1194	900	3	10	12/17/23 11:29:55 AM	
1195	900	6	10	12/17/23 11:30:05 AM	
1196	900	3	10	12/17/23 11:30:15 AM	
1197	900	1	10	12/17/23 11:30:26 AM	
1198	900	4	10	12/17/23 11:30:36 AM	
1199	900	1	10	12/17/23 11:30:46 AM	
1200	900	1	10	12/17/23 11:30:56 AM	
1201	900	2	10	12/17/23 11:31:07 AM	
1202	900	3	10	12/17/23 11:31:17 AM	
1203	900	4	10	12/17/23 11:31:27 AM	
1204	900	2	10	12/17/23 11:31:37 AM	
1205	900	5	10	12/17/23 11:31:47 AM	
1206	900	6	10	12/17/23 11:31:58 AM	
1207	900	2	10	12/17/23 11:32:08 AM	
1208	900	4	10	12/17/23 11:32:18 AM	
1209	900	5	10	12/17/23 11:32:28 AM	
1210	900	2	10	12/17/23 11:32:39 AM	
1211	900	3	10	12/17/23 11:32:49 AM	
1212	900	1	10	12/17/23 11:32:59 AM	
1213	900	2	10	12/17/23 11:33:09 AM	
1214	900	2	10	12/17/23 11:33:20 AM	
1215	900	0	10	12/17/23 11:33:30 AM	
1216	900	2	10	12/17/23 11:33:40 AM	
1217	900	4	10	12/17/23 11:33:50 AM	
1218	900	6	10	12/17/23 11:34:01 AM	
1219	900	5	10	12/17/23 11:34:11 AM	
1220	900	7	10	12/17/23 11:34:21 AM	
1221	900	3	10	12/17/23 11:34:31 AM	
1222	900	2	10	12/17/23 11:34:42 AM	
1223	900	1	10	12/17/23 11:34:52 AM	
1224	900	4	10	12/17/23 11:35:02 AM	
1225	900	3	10	12/17/23 11:35:12 AM	
1226	900	4	10	12/17/23 11:35:23 AM	
1227	900	5	10	12/17/23 11:35:33 AM	
1228	900	3	10	12/17/23 11:35:43 AM	
1229	900	4	10	12/17/23 11:35:53 AM	
1230	900	5	10	12/17/23 11:36:04 AM	
1231	900	1	10	12/17/23 11:36:14 AM	
1232	900	1	10	12/17/23 11:36:24 AM	
1233	900	3	10	12/17/23 11:36:34 AM	
1234	900	2	10	12/17/23 11:36:44 AM	
1235	900	3	10	12/17/23 11:36:55 AM	
1236	900	6	10	12/17/23 11:37:05 AM	
1237	900	0	10	12/17/23 11:37:15 AM	
1238	900	3	10	12/17/23 11:37:25 AM	
1239	900	7	10	12/17/23 11:37:36 AM	
1240	900	0	10	12/17/23 11:37:46 AM	
1241	900	8	10	12/17/23 11:37:56 AM	
1242	900	8	10	12/17/23 11:38:06 AM	
1243	900	3	10	12/17/23 11:38:16 AM	
1244	900	3	10	12/17/23 11:38:26 AM	
1245	900	2	10	12/17/23 11:38:37 AM	
1246	900	2	10	12/17/23 11:38:47 AM	
1247	900	5	10	12/17/23 11:38:57 AM	
1248	900	2	10	12/17/23 11:39:07 AM	
1249	900	2	10	12/17/23 11:39:17 AM	
1250	900	8	10	12/17/23 11:39:28 AM	
1251	900	5	10	12/17/23 11:39:38 AM	
1252	900	3	10	12/17/23 11:39:48 AM	
1253	900	5	10	12/17/23 11:39:58 AM	
1254	900	4	10	12/17/23 11:40:09 AM	
1255	900	1	10	12/17/23 11:40:19 AM	
1256	900	4	10	12/17/23 11:40:29 AM	
1257	900	3	10	12/17/23 11:40:39 AM	
1258	900	4	10	12/17/23 11:40:49 AM	
1259	900	2	10	12/17/23 11:41:00 AM	
1260	900	1	10	12/17/23 11:41:10 AM	
1261	900	4	10	12/17/23 11:41:20 AM	
1262	900	2	10	12/17/23 11:41:30 AM	
1263	900	3	10	12/17/23 11:41:41 AM	
1264	900	5	10	12/17/23 11:41:51 AM	
1265	900	3	10	12/17/23 11:42:01 AM	
1266	900	4	10	12/17/23 11:42:11 AM	
1267	900	3	10	12/17/23 11:42:22 AM	
1268	900	4	10	12/17/23 11:42:32 AM	
1269	900	2	10	12/17/23 11:42:42 AM	
1270	900	0	10	12/17/23 11:42:52 AM	
1271	900	6	10	12/17/23 11:43:02 AM	
1272	900	4	10	12/17/23 11:43:13 AM	
1273	900	5	10	12/17/23 11:43:23 AM	
1274	900	3	10	12/17/23 11:43:33 AM	
1275	900	6	10	12/17/23 11:43:43 AM	
1276	900	4	10	12/17/23 11:43:53 AM	
1277	900	1	10	12/17/23 11:44:04 AM	
1278	900	3	10	12/17/23 11:44:14 AM	
1279	900	1	10	12/17/23 11:44:24 AM	
1280	900	5	10	12/17/23 11:44:34 AM	
1281	900	2	10	12/17/23 11:44:45 AM	
1282	900	5	10	12/17/23 11:44:55 AM	
1283	900	1	10	12/17/23 11:45:05 AM	
1284	900	4	10	12/17/23 11:45:15 AM	
1285	900	5	10	12/17/23 11:45:26 AM	
1286	900	6	10	12/17/23 11:45:36 AM	
1287	900	2	10	12/17/23 11:45:46 AM	
1288	900	4	10	12/17/23 11:45:56 AM	
1289	900	4	10	12/17/23 11:46:06 AM	
1290	900	5	10	12/17/23 11:46:17 AM	
1291	900	7	10	12/17/23 11:46:27 AM	
1292	900	2	10	12/17/23 11:46:37 AM	
1293	900	1	10	12/17/23 11:46:47 AM	
1294	900	1	10	12/17/23 11:46:58 AM	
1295	900	1	10	12/17/23 11:47:08 AM	
1296	900	4	10	12/17/23 11:47:18 AM	
1297	900	4	10	12/17/23 11:47:28 AM	
1298	900	3	10	12/17/23 11:47:39 AM	
1299	900	2	10	12/17/23 11:47:49 AM	
1300	900	6	10	12/17/23 11:47:59 AM	
1301	900	3	10	12/17/23 11:48:09 AM	
1302	900	3	10	12/17/23 11:48:20 AM	
1303	900	5	10	12/17/23 11:48:30 AM	
1304	900	2	10	12/17/23 11:48:40 AM	
1305	900	5	10	12/17/23 11:48:50 AM	
1306	900	2	10	12/17/23 11:49:01 AM	
1307	900	2	10	12/17/23 11:49:11 AM	
1308	900	2	10	12/17/23 11:49:21 AM	
1309	900	2	10	12/17/23 11:49:31 AM	
1310	900	1	10	12/17/23 11:49:41 AM	
1311	900	5	10	12/17/23 11:49:52 AM	
1312	900	1	10	12/17/23 11:50:02 AM	
1313	900	4	10	12/17/23 11:50:12 AM	
1314	900	2	10	12/17/23 11:50:22 AM	
1315	900	4	10	12/17/23 11:50:32 AM	
1316	900	4	10	12/17/23 11:50:43 AM	
1317	900	3	10	12/17/23 11:50:53 AM	
1318	900	4	10	12/17/23 11:51:03 AM	
1319	900	2	10	12/17/23 11:51:13 AM	
1320	900	4	10	12/17/23 11:51:23 AM	
1321	900	5	10	12/17/23 11:51:34 AM	
1322	900	2	10	12/17/23 11:51:44 AM	
1323	900	3	10	12/17/23 11:51:54 AM	
1324	900	2	10	12/17/23 11:52:05 AM	
1325	900	2	10	12/17/23 11:52:15 AM	
1326	900	2	10	12/17/23 11:52:25 AM	
1327	900	6	10	12/17/23 11:52:35 AM	
1328	900	3	10	12/17/23 11:52:45 AM	
1329	900	5	10	12/17/23 11:52:55 AM	
1330	900	3	10	12/17/23 11:53:06 AM	
1331	900	5	10	12/17/23 11:53:16 AM	
1332	900	4	10	12/17/23 11:53:26 AM	
1333	900	2	10	12/17/23 11:53:36 AM	
1334	900	5	10	12/17/23 11:53:47 AM	
1335	900	8	10	12/17/23 11:53:57 AM	
1336	900	3	10	12/17/23 11:54:07 AM	
1337	900	2	10	12/17/23 11:54:17 AM	
1338	900	7	10	12/17/23 11:54:28 AM	
1339	900	4	10	12/17/23 11:54:38 AM	
1340	900	0	10	12/17/23 11:54:48 AM	
1341	900	9	10	12/17/23 11:54:58 AM	
1342	900	1	10	12/17/23 11:55:09 AM	
1343	900	4	10	12/17/23 11:55:19 AM	
1344	900	10	10	12/17/23 11:55:29 AM	
1345	900	5	10	12/17/23 11:55:39 AM	
1346	900	2	10	12/17/23 11:55:49 AM	
1347	900	1	10	12/17/23 11:56:00 AM	
1348	900	4	10	12/17/23 11:56:10 AM	
1349	900	2	10	12/17/23 11:56:20 AM	
1350	900	2	10	12/17/23 11:56:30 AM	
1351	900	4	10	12/17/23 11:56:40 AM	
1352	900	8	10	12/17/23 11:56:51 AM	
1353	900	4	10	12/17/23 11:57:01 AM	
1354	900	4	10	12/17/23 11:57:11 AM	
1355	900	4	10	12/17/23 11:57:21 AM	
1356	900	2	10	12/17/23 11:57:31 AM	
1357	900	2	10	12/17/23 11:57:42 AM	
1358	900	5	10	12/17/23 11:57:52 AM	
1359	900	1	10	12/17/23 11:58:02 AM	
1360	900	5	10	12/17/23 11:58:12 AM	
1361	900	3	10	12/17/23 11:58:23 AM	
1362	900	3	10	12/17/23 11:58:33 AM	
1363	900	8	10	12/17/23 11:58:43 AM	
1364	900	3	10	12/17/23 11:58:53 AM	
1365	900	4	10	12/17/23 11:59:04 AM	
1366	900	2	10	12/17/23 11:59:14 AM	
1367	900	4	10	12/17/23 11:59:24 AM	
1368	900	6	10	12/17/23 11:59:34 AM	
1369	900	1	10	12/17/23 11:59:44 AM	
1370	900	4	10	12/17/23 11:59:55 AM	
1371	900	4	10	12/17/23 12:00:05 PM	
1372	900	8	10	12/17/23 12:00:15 PM	
1373	900	5	10	12/17/23 12:00:25 PM	
1374	900	3	10	12/17/23 12:00:35 PM	
1375	900	2	10	12/17/23 12:00:46 PM	
1376	900	5	10	12/17/23 12:00:56 PM	
1377	900	3	10	12/17/23 12:01:06 PM	
1378	900	4	10	12/17/23 12:01:16 PM	
1379	900	1	10	12/17/23 12:01:26 PM	
1380	900	3	10	12/17/23 12:01:37 PM	
1381	900	3	10	12/17/23 12:01:47 PM	
1382	900	1	10	12/17/23 12:01:57 PM	
1383	900	4	10	12/17/23 12:02:07 PM	
1384	900	2	10	12/17/23 12:02:17 PM	
1385	900	5	10	12/17/23 12:02:28 PM	
1386	900	3	10	12/17/23 12:02:38 PM	
1387	900	6	10	12/17/23 12:02:48 PM	
1388	900	1	10	12/17/23 12:02:58 PM	
1389	900	4	10	12/17/23 12:03:09 PM	
1390	900	2	10	12/17/23 12:03:19 PM	
1391	900	4	10	12/17/23 12:03:29 PM	
1392	900	6	10	12/17/23 12:03:39 PM	
1393	900	3	10	12/17/23 12:03:49 PM	
1394	900	3	10	12/17/23 12:04:00 PM	
1395	900	4	10	12/17/23 12:04:10 PM	
1396	900	3	10	12/17/23 12:04:20 PM	
1397	900	3	10	12/17/23 12:04:30 PM	
1398	900	7	10	12/17/23 12:04:41 PM	
1399	900	6	10	12/17/23 12:04:51 PM	
1400	900	1	10	12/17/23 12:05:01 PM	
1401	900	7	10	12/17/23 12:05:11 PM	
1402	900	3	10	12/17/23 12:05:21 PM	
1403	900	3	10	12/17/23 12:05:32 PM	
1404	900	1	10	12/17/23 12:05:42 PM	
1405	900	2	10	12/17/23 12:05:52 PM	
1406	900	4	10	12/17/23 12:06:02 PM	
1407	900	4	10	12/17/23 12:06:13 PM	
1408	900	2	10	12/17/23 12:06:23 PM	
1409	900	3	10	12/17/23 12:06:33 PM	
1410	900	1	10	12/17/23 12:06:43 PM	
1411	900	2	10	12/17/23 12:06:53 PM	
1412	900	1	10	12/17/23 12:07:04 PM	
1413	900	4	10	12/17/23 12:07:14 PM	
1414	900	7	10	12/17/23 12:07:24 PM	
1415	900	6	10	12/17/23 12:07:34 PM	
1416	900	4	10	12/17/23 12:07:45 PM	
1417	900	2	10	12/17/23 12:07:55 PM	
1418	900	4	10	12/17/23 12:08:05 PM	
1419	900	4	10	12/17/23 12:08:15 PM	
1420	900	4	10	12/17/23 12:08:25 PM	
1421	900	2	10	12/17/23 12:08:36 PM	
1422	900	4	10	12/17/23 12:08:46 PM	
1423	900	2	10	12/17/23 12:08:56 PM	
1424	900	2	10	12/17/23 12:09:06 PM	
1425	900	1	10	12/17/23 12:09:16 PM	
1426	900	1	10	12/17/23 12:09:27 PM	
1427	900	2	10	12/17/23 12:09:37 PM	
1428	900	5	10	12/17/23 12:09:47 PM	
1429	900	3	10	12/17/23 12:09:57 PM	
1430	900	4	10	12/17/23 12:10:07 PM	
1431	900	4	10	12/17/23 12:10:18 PM	
1432	900	2	10	12/17/23 12:10:28 PM	
1433	900	4	10	12/17/23 12:10:38 PM	
1434	900	3	10	12/17/23 12:10:48 PM	
1435	900	3	10	12/17/23 12:10:58 PM	
1436	900	5	10	12/17/23 12:11:08 PM	
1437	900	2	10	12/17/23 12:11:19 PM	
1438	900	5	10	12/17/23 12:11:29 PM	
1439	900	1	10	12/17/23 12:11:39 PM	
1440	900	5	10	12/17/23 12:11:49 PM	
1441	900	2	10	12/17/23 12:12:00 PM	
1442	900	2	10	12/17/23 12:12:10 PM	
1443	900	2	10	12/17/23 12:12:20 PM	
1444	900	2	10	12/17/23 12:12:30 PM	
1445	900	4	10	12/17/23 12:12:41 PM	
1446	900	5	10	12/17/23 12:12:51 PM	
1447	900	3	10	12/17/23 12:13:01 PM	
1448	900	2	10	12/17/23 12:13:11 PM	
1449	900	2	10	12/17/23 12:13:21 PM	
1450	900	1	10	12/17/23 12:13:31 PM	
1451	900	2	10	12/17/23 12:13:42 PM	
1452	900	4	10	12/17/23 12:13:52 PM	
1453	900	1	10	12/17/23 12:14:02 PM	
1454	900	3	10	12/17/23 12:14:13 PM	
1455	900	4	10	12/17/23 12:14:23 PM	
1456	900	1	10	12/17/23 12:14:33 PM	
1457	900	3	10	12/17/23 12:14:43 PM	
1458	900	2	10	12/17/23 12:14:54 PM	
1459	900	1	10	12/17/23 12:15:04 PM	
1460	900	2	10	12/17/23 12:15:14 PM	
1461	900	1	10	12/17/23 12:15:24 PM	
1462	900	4	10	12/17/23 12:15:34 PM	
1463	900	1	10	12/17/23 12:15:45 PM	
1464	900	1	10	12/17/23 12:15:55 PM	
1465	900	4	10	12/17/23 12:16:05 PM	
1466	900	4	10	12/17/23 12:16:15 PM	
1467	900	2	10	12/17/23 12:16:26 PM	
1468	900	4	10	12/17/23 12:16:36 PM	
1469	900	2	10	12/17/23 12:16:46 PM	
1470	900	3	10	12/17/23 12:16:56 PM	
1471	900	3	10	12/17/23 12:17:06 PM	
1472	900	2	10	12/17/23 12:17:17 PM	
1473	900	1	10	12/17/23 12:17:27 PM	
1474	900	4	10	12/17/23 12:17:37 PM	
1475	900	1	10	12/17/23 12:17:47 PM	
1476	900	3	10	12/17/23 12:17:58 PM	
1477	900	3	10	12/17/23 12:18:08 PM	
1478	900	1	10	12/17/23 12:18:18 PM	
1479	900	4	10	12/17/23 12:18:28 PM	
1480	900	4	10	12/17/23 12:18:38 PM	
1481	900	1	10	12/17/23 12:18:49 PM	
1482	900	4	10	12/17/23 12:18:59 PM	
1483	900	2	10	12/17/23 12:19:09 PM	
1484	900	3	10	12/17/23 12:19:19 PM	
1485	900	4	10	12/17/23 12:19:29 PM	
1486	900	0	10	12/17/23 12:19:39 PM	
1487	900	2	10	12/17/23 12:19:50 PM	
1488	900	4	10	12/17/23 12:20:00 PM	
1489	900	2	10	12/17/23 12:20:10 PM	
1490	900	2	10	12/17/23 12:20:20 PM	
1491	900	2	10	12/17/23 12:20:31 PM	
1492	900	2	10	12/17/23 12:20:41 PM	
1493	900	3	10	12/17/23 12:20:51 PM	
1494	900	0	10	12/17/23 12:21:01 PM	
1495	900	6	10	12/17/23 12:21:11 PM	
1496	900	4	10	12/17/23 12:21:22 PM	
1497	900	3	10	12/17/23 12:21:32 PM	
1498	900	5	10	12/17/23 12:21:42 PM	
1499	900	7	10	12/17/23 12:21:52 PM	
1500	900	3	10	12/17/23 12:22:02 PM	
1501	900	2	10	12/17/23 12:22:13 PM	
1502	900	5	10	12/17/23 12:22:23 PM	
1503	900	2	10	12/17/23 12:22:33 PM	
1504	900	3	10	12/17/23 12:22:43 PM	
1505	900	7	10	12/17/23 12:22:54 PM	
1506	900	5	10	12/17/23 12:23:04 PM	
1507	900	2	10	12/17/23 12:23:14 PM	
1508	900	5	10	12/17/23 12:23:24 PM	
1509	900	5	10	12/17/23 12:23:34 PM	
1510	900	2	10	12/17/23 12:23:45 PM	
1511	900	4	10	12/17/23 12:23:55 PM	
1512	900	4	10	12/17/23 12:24:05 PM	
1513	900	2	10	12/17/23 12:24:15 PM	
1514	900	2	10	12/17/23 12:24:26 PM	
1515	900	7	10	12/17/23 12:24:36 PM	
1516	900	2	10	12/17/23 12:24:46 PM	
1517	900	3	10	12/17/23 12:24:56 PM	
1518	900	3	10	12/17/23 12:25:07 PM	
1519	900	4	10	12/17/23 12:25:17 PM	
1520	900	7	10	12/17/23 12:25:27 PM	
1521	900	4	10	12/17/23 12:25:37 PM	
1522	900	1	10	12/17/23 12:25:47 PM	
1523	900	2	10	12/17/23 12:25:57 PM	
1524	900	0	10	12/17/23 12:26:08 PM	
1525	900	2	10	12/17/23 12:26:18 PM	
1526	900	5	10	12/17/23 12:26:28 PM	
1527	900	3	10	12/17/23 12:26:38 PM	
1528	900	9	10	12/17/23 12:26:49 PM	
1529	900	2	10	12/17/23 12:26:59 PM	
1530	900	3	10	12/17/23 12:27:09 PM	
1531	900	7	10	12/17/23 12:27:19 PM	
1532	900	3	10	12/17/23 12:27:30 PM	
1533	900	5	10	12/17/23 12:27:40 PM	
1534	900	4	10	12/17/23 12:27:50 PM	
1535	900	3	10	12/17/23 12:28:00 PM	
1536	900	2	10	12/17/23 12:28:11 PM	
1537	900	3	10	12/17/23 12:28:21 PM	
1538	900	4	10	12/17/23 12:28:31 PM	
1539	900	6	10	12/17/23 12:28:41 PM	
1540	900	4	10	12/17/23 12:28:52 PM	
1541	900	2	10	12/17/23 12:29:02 PM	
1542	900	5	10	12/17/23 12:29:12 PM	
1543	900	4	10	12/17/23 12:29:22 PM	
1544	900	5	10	12/17/23 12:29:32 PM	
1545	900	5	10	12/17/23 12:29:43 PM	
1546	900	0	10	12/17/23 12:29:53 PM	
1547	900	3	10	12/17/23 12:30:03 PM	
1548	900	2	10	12/17/23 12:30:13 PM	
1549	900	3	10	12/17/23 12:30:24 PM	
1550	900	2	10	12/17/23 12:30:34 PM	
1551	900	6	10	12/17/23 12:30:44 PM	
1552	900	2	10	12/17/23 12:30:54 PM	
1553	900	4	10	12/17/23 12:31:04 PM	
1554	900	4	10	12/17/23 12:31:14 PM	
1555	900	6	10	12/17/23 12:31:25 PM	
1556	900	2	10	12/17/23 12:31:35 PM	
1557	900	3	10	12/17/23 12:31:45 PM	
1558	900	4	10	12/17/23 12:31:55 PM	
1559	900	7	10	12/17/23 12:32:06 PM	
1560	900	2	10	12/17/23 12:32:16 PM	
1561	900	4	10	12/17/23 12:32:26 PM	
1562	900	3	10	12/17/23 12:32:36 PM	
1563	900	6	10	12/17/23 12:32:47 PM	
1564	900	5	10	12/17/23 12:32:57 PM	
1565	900	5	10	12/17/23 12:33:07 PM	
1566	900	7	10	12/17/23 12:33:17 PM	
1567	900	3	10	12/17/23 12:33:28 PM	
1568	900	2	10	12/17/23 12:33:38 PM	
1569	900	3	10	12/17/23 12:33:48 PM	
1570	900	4	10	12/17/23 12:33:58 PM	
1571	900	2	10	12/17/23 12:34:09 PM	
1572	900	4	10	12/17/23 12:34:19 PM	
1573	900	4	10	12/17/23 12:34:29 PM	
1574	900	4	10	12/17/23 12:34:39 PM	
1575	900	3	10	12/17/23 12:34:49 PM	
1576	900	2	10	12/17/23 12:35:00 PM	
1577	900	5	10	12/17/23 12:35:10 PM	
1578	900	3	10	12/17/23 12:35:20 PM	
1579	900	4	10	12/17/23 12:35:31 PM	
1580	900	3	10	12/17/23 12:35:41 PM	
1581	900	6	10	12/17/23 12:35:51 PM	
1582	900	2	10	12/17/23 12:36:01 PM	
1583	900	5	10	12/17/23 12:36:12 PM	
1584	900	7	10	12/17/23 12:36:22 PM	
1585	900	1	10	12/17/23 12:36:32 PM	
1586	900	1	10	12/17/23 12:36:42 PM	
1587	900	4	10	12/17/23 12:36:52 PM	
1588	900	2	10	12/17/23 12:37:02 PM	
1589	900	3	10	12/17/23 12:37:13 PM	
1590	900	6	10	12/17/23 12:37:23 PM	
1591	900	3	10	12/17/23 12:37:33 PM	
1592	900	1	10	12/17/23 12:37:44 PM	
1593	900	4	10	12/17/23 12:37:54 PM	
1594	900	3	10	12/17/23 12:38:04 PM	
1595	900	2	10	12/17/23 12:38:14 PM	
1596	900	5	10	12/17/23 12:38:24 PM	
1597	900	2	10	12/17/23 12:38:35 PM	
1598	900	4	10	12/17/23 12:38:45 PM	
1599	900	11	10	12/17/23 12:38:55 PM	
1600	900	4	10	12/17/23 12:39:05 PM	
1601	900	0	10	12/17/23 12:39:15 PM	
1602	900	4	10	12/17/23 12:39:26 PM	
1603	900	4	10	12/17/23 12:39:36 PM	
1604	900	8	10	12/17/23 12:39:46 PM	
1605	900	1	10	12/17/23 12:39:56 PM	
1606	900	1	10	12/17/23 12:40:07 PM	
1607	900	4	10	12/17/23 12:40:17 PM	
1608	900	0	10	12/17/23 12:40:27 PM	
1609	900	3	10	12/17/23 12:40:37 PM	
1610	900	2	10	12/17/23 12:40:47 PM	
1611	900	3	10	12/17/23 12:40:58 PM	
1612	900	1	10	12/17/23 12:41:08 PM	
1613	900	7	10	12/17/23 12:41:18 PM	
1614	900	3	10	12/17/23 12:41:28 PM	
1615	900	3	10	12/17/23 12:41:38 PM	
1616	900	7	10	12/17/23 12:41:49 PM	
1617	900	0	10	12/17/23 12:41:59 PM	
1618	900	2	10	12/17/23 12:42:09 PM	
1619	900	4	10	12/17/23 12:42:19 PM	
1620	900	5	10	12/17/23 12:42:30 PM	
1621	900	3	10	12/17/23 12:42:40 PM	
1622	900	6	10	12/17/23 12:42:50 PM	
1623	900	2	10	12/17/23 12:43:00 PM	
1624	900	3	10	12/17/23 12:43:11 PM	
1625	900	3	10	12/17/23 12:43:21 PM	
1626	900	5	10	12/17/23 12:43:31 PM	
1627	900	2	10	12/17/23 12:43:41 PM	
1628	900	4	10	12/17/23 12:43:52 PM	
1629	900	3	10	12/17/23 12:44:02 PM	
1630	900	6	10	12/17/23 12:44:12 PM	
1631	900	1	10	12/17/23 12:44:22 PM	
1632	900	5	10	12/17/23 12:44:32 PM	
1633	900	1	10	12/17/23 12:44:43 PM	
1634	900	3	10	12/17/23 12:44:53 PM	
1635	900	3	10	12/17/23 12:45:03 PM	
1636	900	5	10	12/17/23 12:45:13 PM	
1637	900	5	10	12/17/23 12:45:24 PM	
1638	900	5	10	12/17/23 12:45:34 PM	
1639	900	5	10	12/17/23 12:45:44 PM	
1640	900	2	10	12/17/23 12:45:54 PM	
1641	900	1	10	12/17/23 12:46:04 PM	
1642	900	9	10	12/17/23 12:46:15 PM	
1643	900	3	10	12/17/23 12:46:25 PM	
1644	900	4	10	12/17/23 12:46:35 PM	
1645	900	0	10	12/17/23 12:46:45 PM	
1646	900	5	10	12/17/23 12:46:56 PM	
1647	900	5	10	12/17/23 12:47:06 PM	
1648	900	5	10	12/17/23 12:47:16 PM	
1649	900	6	10	12/17/23 12:47:26 PM	
1650	900	2	10	12/17/23 12:47:37 PM	
1651	900	4	10	12/17/23 12:47:47 PM	
1652	900	4	10	12/17/23 12:47:57 PM	
1653	900	6	10	12/17/23 12:48:07 PM	
1654	900	4	10	12/17/23 12:48:17 PM	
1655	900	4	10	12/17/23 12:48:27 PM	
1656	900	2	10	12/17/23 12:48:38 PM	
1657	900	2	10	12/17/23 12:48:48 PM	
1658	900	5	10	12/17/23 12:48:58 PM	
1659	900	4	10	12/17/23 12:49:08 PM	
1660	900	4	10	12/17/23 12:49:19 PM	
1661	900	3	10	12/17/23 12:49:29 PM	
1662	900	5	10	12/17/23 12:49:39 PM	
1663	900	5	10	12/17/23 12:49:49 PM	
1664	900	1	10	12/17/23 12:49:59 PM	
1665	900	7	10	12/17/23 12:50:10 PM	
1666	900	3	10	12/17/23 12:50:20 PM	
1667	900	2	10	12/17/23 12:50:30 PM	
1668	900	4	10	12/17/23 12:50:40 PM	
1669	900	0	10	12/17/23 12:50:50 PM	
1670	900	0	10	12/17/23 12:51:01 PM	
1671	900	1	10	12/17/23 12:51:11 PM	
1672	900	1	10	12/17/23 12:51:21 PM	
1673	900	7	10	12/17/23 12:51:31 PM	
1674	900	1	10	12/17/23 12:51:41 PM	
1675	900	3	10	12/17/23 12:51:52 PM	
1676	900	4	10	12/17/23 12:52:02 PM	
1677	900	7	10	12/17/23 12:52:12 PM	
1678	900	1	10	12/17/23 12:52:22 PM	
1679	900	2	10	12/17/23 12:52:32 PM	
1680	900	5	10	12/17/23 12:52:43 PM	
1681	900	4	10	12/17/23 12:52:53 PM	
1682	900	4	10	12/17/23 12:53:03 PM	
1683	900	5	10	12/17/23 12:53:13 PM	
1684	900	2	10	12/17/23 12:53:24 PM	
1685	900	4	10	12/17/23 12:53:34 PM	
1686	900	2	10	12/17/23 12:53:44 PM	
1687	900	2	10	12/17/23 12:53:54 PM	
1688	900	2	10	12/17/23 12:54:05 PM	
1689	900	4	10	12/17/23 12:54:15 PM	
1690	900	2	10	12/17/23 12:54:25 PM	
1691	900	7	10	12/17/23 12:54:35 PM	
1692	900	3	10	12/17/23 12:54:45 PM	
1693	900	3	10	12/17/23 12:54:56 PM	
1694	900	4	10	12/17/23 12:55:06 PM	
1695	900	6	10	12/17/23 12:55:16 PM	
1696	900	4	10	12/17/23 12:55:27 PM	
1697	900	5	10	12/17/23 12:55:37 PM	
1698	900	4	10	12/17/23 12:55:47 PM	
1699	900	8	10	12/17/23 12:55:57 PM	
1700	900	4	10	12/17/23 12:56:07 PM	
1701	900	4	10	12/17/23 12:56:18 PM	
1702	900	4	10	12/17/23 12:56:28 PM	
1703	900	2	10	12/17/23 12:56:38 PM	
1704	900	5	10	12/17/23 12:56:48 PM	
1705	900	4	10	12/17/23 12:56:58 PM	
1706	900	3	10	12/17/23 12:57:09 PM	
1707	900	3	10	12/17/23 12:57:19 PM	
1708	900	2	10	12/17/23 12:57:29 PM	
1709	900	1	10	12/17/23 12:57:39 PM	
1710	900	5	10	12/17/23 12:57:50 PM	
1711	900	0	10	12/17/23 12:58:00 PM	
1712	900	8	10	12/17/23 12:58:10 PM	
1713	900	6	10	12/17/23 12:58:20 PM	
1714	900	2	10	12/17/23 12:58:31 PM	
1715	900	2	10	12/17/23 12:58:41 PM	
1716	900	7	10	12/17/23 12:58:51 PM	
1717	900	3	10	12/17/23 12:59:01 PM	
1718	900	2	10	12/17/23 12:59:12 PM	
1719	900	1	10	12/17/23 12:59:22 PM	
1720	900	7	10	12/17/23 12:59:32 PM	
1721	900	3	10	12/17/23 12:59:42 PM	
1722	900	4	10	12/17/23 12:59:53 PM	
1723	900	2	10	12/17/23 01:00:03 PM	
1724	900	4	10	12/17/23 01:00:13 PM	
1725	900	3	10	12/17/23 01:00:23 PM	
1726	900	1	10	12/17/23 01:00:34 PM	
1727	900	3	10	12/17/23 01:00:44 PM	
1728	900	5	10	12/17/23 01:00:54 PM	
1729	900	3	10	12/17/23 01:01:04 PM	
1730	900	5	10	12/17/23 01:01:14 PM	
1731	900	2	10	12/17/23 01:01:24 PM	
1732	900	1	10	12/17/23 01:01:35 PM	
1733	900	6	10	12/17/23 01:01:45 PM	
1734	900	3	10	12/17/23 01:01:55 PM	
1735	900	4	10	12/17/23 01:02:05 PM	
1736	900	2	10	12/17/23 01:02:16 PM	
1737	900	5	10	12/17/23 01:02:26 PM	
1738	900	3	10	12/17/23 01:02:36 PM	
1739	900	2	10	12/17/23 01:02:46 PM	
1740	900	2	10	12/17/23 01:02:57 PM	
1741	900	2	10	12/17/23 01:03:07 PM	
1742	900	4	10	12/17/23 01:03:17 PM	
1743	900	6	10	12/17/23 01:03:27 PM	
1744	900	4	10	12/17/23 01:03:37 PM	
1745	900	2	10	12/17/23 01:03:48 PM	
1746	900	8	10	12/17/23 01:03:58 PM	
1747	900	4	10	12/17/23 01:04:08 PM	
1748	900	5	10	12/17/23 01:04:18 PM	
1749	900	5	10	12/17/23 01:04:29 PM	
1750	900	4	10	12/17/23 01:04:39 PM	
1751	900	2	10	12/17/23 01:04:49 PM	
1752	900	5	10	12/17/23 01:04:59 PM	
1753	900	2	10	12/17/23 01:05:10 PM	
1754	900	3	10	12/17/23 01:05:20 PM	
1755	900	4	10	12/17/23 01:05:30 PM	
1756	900	2	10	12/17/23 01:05:40 PM	
1757	900	3	10	12/17/23 01:05:50 PM	
1758	900	6	10	12/17/23 01:06:01 PM	
1759	900	2	10	12/17/23 01:06:11 PM	
1760	900	3	10	12/17/23 01:06:21 PM	
1761	900	4	10	12/17/23 01:06:31 PM	
1762	900	2	10	12/17/23 01:06:42 PM	
1763	900	5	10	12/17/23 01:06:52 PM	
1764	900	1	10	12/17/23 01:07:02 PM	
1765	900	4	10	12/17/23 01:07:12 PM	
1766	900	4	10	12/17/23 01:07:23 PM	
1767	900	2	10	12/17/23 01:07:33 PM	
1768	900	2	10	12/17/23 01:07:43 PM	
1769	900	3	10	12/17/23 01:07:53 PM	
1770	900	0	10	12/17/23 01:08:03 PM	
1771	900	4	10	12/17/23 01:08:14 PM	
1772	900	1	10	12/17/23 01:08:24 PM	
1773	900	3	10	12/17/23 01:08:34 PM	
1774	900	4	10	12/17/23 01:08:44 PM	
1775	900	2	10	12/17/23 01:08:55 PM	
1776	900	5	10	12/17/23 01:09:05 PM	
1777	900	4	10	12/17/23 01:09:15 PM	
1778	900	6	10	12/17/23 01:09:25 PM	
1779	900	2	10	12/17/23 01:09:35 PM	
1780	900	3	10	12/17/23 01:09:46 PM	
1781	900	4	10	12/17/23 01:09:56 PM	
1782	900	2	10	12/17/23 01:10:06 PM	
1783	900	9	10	12/17/23 01:10:16 PM	
1784	900	0	10	12/17/23 01:10:26 PM	
1785	900	2	10	12/17/23 01:10:37 PM	
1786	900	2	10	12/17/23 01:10:47 PM	
1787	900	3	10	12/17/23 01:10:57 PM	
1788	900	3	10	12/17/23 01:11:07 PM	
1789	900	3	10	12/17/23 01:11:18 PM	
1790	900	4	10	12/17/23 01:11:28 PM	
1791	900	6	10	12/17/23 01:11:38 PM	
1792	900	4	10	12/17/23 01:11:48 PM	
1793	900	5	10	12/17/23 01:11:59 PM	
1794	900	4	10	12/17/23 01:12:09 PM	
1795	900	3	10	12/17/23 01:12:19 PM	
1796	900	6	10	12/17/23 01:12:29 PM	
1797	900	5	10	12/17/23 01:12:39 PM	
1798	900	3	10	12/17/23 01:12:50 PM	
1799	900	5	10	12/17/23 01:13:00 PM	
1800	900	3	10	12/17/23 01:13:10 PM	
1801	900	5	10	12/17/23 01:13:20 PM	
1802	900	2	10	12/17/23 01:13:30 PM	
1803	900	3	10	12/17/23 01:13:41 PM	
1804	900	3	10	12/17/23 01:13:51 PM	
1805	900	4	10	12/17/23 01:14:01 PM	
1806	900	5	10	12/17/23 01:14:11 PM	
1807	900	4	10	12/17/23 01:14:21 PM	
1808	900	4	10	12/17/23 01:14:32 PM	
1809	900	1	10	12/17/23 01:14:42 PM	
1810	900	3	10	12/17/23 01:14:52 PM	
1811	900	5	10	12/17/23 01:15:02 PM	
1812	900	5	10	12/17/23 01:15:13 PM	
1813	900	2	10	12/17/23 01:15:23 PM	
1814	900	11	10	12/17/23 01:15:33 PM	
1815	900	3	10	12/17/23 01:15:43 PM	
1816	900	3	10	12/17/23 01:15:54 PM	
1817	900	4	10	12/17/23 01:16:04 PM	
1818	900	3	10	12/17/23 01:16:14 PM	
1819	900	8	10	12/17/23 01:16:25 PM	
1820	900	7	10	12/17/23 01:16:35 PM	
1821	900	2	10	12/17/23 01:16:45 PM	
1822	900	6	10	12/17/23 01:16:55 PM	
1823	900	5	10	12/17/23 01:17:05 PM	
1824	900	3	10	12/17/23 01:17:15 PM	
1825	900	2	10	12/17/23 01:17:26 PM	
1826	900	5	10	12/17/23 01:17:36 PM	
1827	900	3	10	12/17/23 01:17:46 PM	
1828	900	3	10	12/17/23 01:17:56 PM	
1829	900	2	10	12/17/23 01:18:07 PM	
1830	900	5	10	12/17/23 01:18:17 PM	
1831	900	5	10	12/17/23 01:18:27 PM	
1832	900	5	10	12/17/23 01:18:37 PM	
1833	900	3	10	12/17/23 01:18:48 PM	
1834	900	3	10	12/17/23 01:18:58 PM	
1835	900	4	10	12/17/23 01:19:08 PM	
1836	900	9	10	12/17/23 01:19:18 PM	
1837	900	5	10	12/17/23 01:19:28 PM	
1838	900	2	10	12/17/23 01:19:39 PM	
1839	900	4	10	12/17/23 01:19:49 PM	
1840	900	5	10	12/17/23 01:19:59 PM	
1841	900	4	10	12/17/23 01:20:09 PM	
1842	900	6	10	12/17/23 01:20:20 PM	
1843	900	3	10	12/17/23 01:20:30 PM	
1844	900	5	10	12/17/23 01:20:40 PM	
1845	900	4	10	12/17/23 01:20:50 PM	
1846	900	2	10	12/17/23 01:21:00 PM	
1847	900	6	10	12/17/23 01:21:11 PM	
1848	900	2	10	12/17/23 01:21:21 PM	
1849	900	2	10	12/17/23 01:21:31 PM	
1850	900	3	10	12/17/23 01:21:41 PM	
1851	900	6	10	12/17/23 01:21:52 PM	
1852	900	2	10	12/17/23 01:22:02 PM	
1853	900	1	10	12/17/23 01:22:12 PM	
1854	900	7	10	12/17/23 01:22:22 PM	
1855	900	4	10	12/17/23 01:22:32 PM	
1856	900	4	10	12/17/23 01:22:43 PM	
1857	900	2	10	12/17/23 01:22:53 PM	
1858	900	5	10	12/17/23 01:23:03 PM	
1859	900	5	10	12/17/23 01:23:13 PM	
1860	900	2	10	12/17/23 01:23:24 PM	
1861	900	5	10	12/17/23 01:23:34 PM	
1862	900	5	10	12/17/23 01:23:44 PM	
1863	900	4	10	12/17/23 01:23:54 PM	
1864	900	2	10	12/17/23 01:24:04 PM	
1865	900	3	10	12/17/23 01:24:14 PM	
1866	900	2	10	12/17/23 01:24:25 PM	
1867	900	0	10	12/17/23 01:24:35 PM	
1868	900	2	10	12/17/23 01:24:45 PM	
1869	900	3	10	12/17/23 01:24:55 PM	
1870	900	1	10	12/17/23 01:25:05 PM	
1871	900	5	10	12/17/23 01:25:16 PM	
1872	900	3	10	12/17/23 01:25:26 PM	
1873	900	3	10	12/17/23 01:25:36 PM	
1874	900	5	10	12/17/23 01:25:46 PM	
1875	900	0	10	12/17/23 01:25:56 PM	
1876	900	6	10	12/17/23 01:26:07 PM	
1877	900	7	10	12/17/23 01:26:17 PM	
1878	900	5	10	12/17/23 01:26:27 PM	
1879	900	4	10	12/17/23 01:26:37 PM	
1880	900	1	10	12/17/23 01:26:47 PM	
1881	900	5	10	12/17/23 01:26:58 PM	
1882	900	1	10	12/17/23 01:27:08 PM	
1883	900	4	10	12/17/23 01:27:18 PM	
1884	900	3	10	12/17/23 01:27:28 PM	
1885	900	2	10	12/17/23 01:27:39 PM	
1886	900	1	10	12/17/23 01:27:49 PM	
1887	900	4	10	12/17/23 01:27:59 PM	
1888	900	7	10	12/17/23 01:28:09 PM	
1889	900	4	10	12/17/23 01:28:19 PM	
1890	900	3	10	12/17/23 01:28:30 PM	
1891	900	4	10	12/17/23 01:28:40 PM	
1892	900	0	10	12/17/23 01:28:50 PM	
1893	900	8	10	12/17/23 01:29:00 PM	
1894	900	5	10	12/17/23 01:29:11 PM	
1895	900	4	10	12/17/23 01:29:21 PM	
1896	900	5	10	12/17/23 01:29:31 PM	
1897	900	2	10	12/17/23 01:29:41 PM	
1898	900	2	10	12/17/23 01:29:52 PM	
1899	900	5	10	12/17/23 01:30:02 PM	
1900	900	2	10	12/17/23 01:30:12 PM	
1901	900	4	10	12/17/23 01:30:22 PM	
1902	900	4	10	12/17/23 01:30:32 PM	
1903	900	1	10	12/17/23 01:30:43 PM	
1904	900	3	10	12/17/23 01:30:53 PM	
1905	900	7	10	12/17/23 01:31:03 PM	
1906	900	3	10	12/17/23 01:31:14 PM	
1907	900	1	10	12/17/23 01:31:24 PM	
1908	900	6	10	12/17/23 01:31:34 PM	
1909	900	2	10	12/17/23 01:31:44 PM	
1910	900	5	10	12/17/23 01:31:54 PM	
1911	900	5	10	12/17/23 01:32:05 PM	
1912	900	2	10	12/17/23 01:32:15 PM	
1913	900	6	10	12/17/23 01:32:25 PM	
1914	900	3	10	12/17/23 01:32:35 PM	
1915	900	5	10	12/17/23 01:32:46 PM	
1916	900	1	10	12/17/23 01:32:56 PM	
1917	900	5	10	12/17/23 01:33:06 PM	
1918	900	2	10	12/17/23 01:33:16 PM	
1919	900	3	10	12/17/23 01:33:27 PM	
1920	900	3	10	12/17/23 01:33:37 PM	
1921	900	2	10	12/17/23 01:33:47 PM	
1922	900	2	10	12/17/23 01:33:57 PM	
1923	900	9	10	12/17/23 01:34:08 PM	
1924	900	7	10	12/17/23 01:34:18 PM	
1925	900	3	10	12/17/23 01:34:28 PM	
1926	900	4	10	12/17/23 01:34:38 PM	
1927	900	0	10	12/17/23 01:34:48 PM	
1928	900	4	10	12/17/23 01:34:59 PM	
1929	900	2	10	12/17/23 01:35:09 PM	
1930	900	3	10	12/17/23 01:35:19 PM	
1931	900	6	10	12/17/23 01:35:30 PM	
1932	900	4	10	12/17/23 01:35:40 PM	
1933	900	2	10	12/17/23 01:35:50 PM	
1934	900	1	10	12/17/23 01:36:00 PM	
1935	900	0	10	12/17/23 01:36:10 PM	
1936	900	3	10	12/17/23 01:36:21 PM	
1937	900	3	10	12/17/23 01:36:31 PM	
1938	900	6	10	12/17/23 01:36:41 PM	
1939	900	3	10	12/17/23 01:36:51 PM	
1940	900	2	10	12/17/23 01:37:02 PM	
1941	900	7	10	12/17/23 01:37:12 PM	
1942	900	3	10	12/17/23 01:37:22 PM	
1943	900	5	10	12/17/23 01:37:32 PM	
1944	900	1	10	12/17/23 01:37:43 PM	
1945	900	2	10	12/17/23 01:37:53 PM	
1946	900	3	10	12/17/23 01:38:03 PM	
1947	900	7	10	12/17/23 01:38:13 PM	
1948	900	4	10	12/17/23 01:38:24 PM	
1949	900	1	10	12/17/23 01:38:34 PM	
1950	900	5	10	12/17/23 01:38:44 PM	
1951	900	5	10	12/17/23 01:38:54 PM	
1952	900	1	10	12/17/23 01:39:05 PM	
1953	900	4	10	12/17/23 01:39:15 PM	
1954	900	1	10	12/17/23 01:39:25 PM	
1955	900	3	10	12/17/23 01:39:35 PM	
1956	900	3	10	12/17/23 01:39:46 PM	
1957	900	5	10	12/17/23 01:39:56 PM	
1958	900	8	10	12/17/23 01:40:06 PM	
1959	900	2	10	12/17/23 01:40:16 PM	
1960	900	3	10	12/17/23 01:40:26 PM	
1961	900	1	10	12/17/23 01:40:37 PM	
1962	900	2	10	12/17/23 01:40:47 PM	
1963	900	5	10	12/17/23 01:40:57 PM	
1964	900	7	10	12/17/23 01:41:07 PM	
1965	900	2	10	12/17/23 01:41:17 PM	
1966	900	2	10	12/17/23 01:41:28 PM	
1967	900	4	10	12/17/23 01:41:38 PM	
1968	900	7	10	12/17/23 01:41:48 PM	
1969	900	4	10	12/17/23 01:41:58 PM	
1970	900	1	10	12/17/23 01:42:08 PM	
1971	900	1	10	12/17/23 01:42:19 PM	
1972	900	2	10	12/17/23 01:42:29 PM	
1973	900	3	10	12/17/23 01:42:39 PM	
1974	900	3	10	12/17/23 01:42:49 PM	
1975	900	1	10	12/17/23 01:43:00 PM	
1976	900	5	10	12/17/23 01:43:10 PM	
1977	900	3	10	12/17/23 01:43:20 PM	
1978	900	6	10	12/17/23 01:43:30 PM	
1979	900	1	10	12/17/23 01:43:40 PM	
1980	900	2	10	12/17/23 01:43:51 PM	
1981	900	1	10	12/17/23 01:44:01 PM	
1982	900	4	10	12/17/23 01:44:11 PM	
1983	900	5	10	12/17/23 01:44:21 PM	
1984	900	1	10	12/17/23 01:44:32 PM	
1985	900	3	10	12/17/23 01:44:42 PM	
1986	900	3	10	12/17/23 01:44:52 PM	
1987	900	3	10	12/17/23 01:45:02 PM	
1988	900	3	10	12/17/23 01:45:12 PM	
1989	900	2	10	12/17/23 01:45:23 PM	
1990	900	3	10	12/17/23 01:45:33 PM	
1991	900	5	10	12/17/23 01:45:43 PM	
1992	900	5	10	12/17/23 01:45:53 PM	
1993	900	3	10	12/17/23 01:46:03 PM	
1994	900	3	10	12/17/23 01:46:14 PM	
1995	900	1	10	12/17/23 01:46:24 PM	
1996	900	4	10	12/17/23 01:46:34 PM	
1997	900	1	10	12/17/23 01:46:44 PM	
1998	900	3	10	12/17/23 01:46:54 PM	
1999	900	2	10	12/17/23 01:47:05 PM	
2000	900	6	10	12/17/23 01:47:15 PM	
