Address:,USB0::0x0957::0x179B::MY58106375::0::INSTR,,Analog Channels,,,,Function Channels,,
Model:,DSO-X 2002A,,Time (s),1 (VOLT),2 (VOLT),,Time (s),M1,
Serial Number:,MY58106375,,-0.01,1.32607047725469,0.882878364122007,,-0.01,0.457503292476758,
Firmware Version:,02.65.2021030741,,-0.0099479166675,1.32607047725469,0.882878364122007,,-0.0099479166675,0.457503292476758,
Start Time:,2023-01-17 11:53:33.012,,-0.009895833335,1.32607047725469,0.882878364122007,,-0.009895833335,0.457503292476758,
,,,-0.0098437500025,1.32607047725469,0.882878364122007,,-0.0098437500025,0.457503292476758,
,,,-0.00979166667,1.32607047725469,0.882878364122007,,-0.00979166667,0.457503292476758,
,,,-0.0097395833375,1.32607047725469,0.882878364122007,,-0.0097395833375,0.457503292476758,
,,,-0.009687500005,1.32607047725469,0.882878364122007,,-0.009687500005,0.457503292476758,
,,,-0.0096354166725,1.32607047725469,0.882878364122007,,-0.0096354166725,0.457503292476758,
,,,-0.00958333334,1.32607047725469,0.882878364122007,,-0.00958333334,0.457503292476758,
,,,-0.0095312500075,1.32607047725469,0.882878364122007,,-0.0095312500075,0.457503292476758,
,,,-0.009479166675,1.32607047725469,0.882878364122007,,-0.009479166675,0.457503292476758,
,,,-0.0094270833425,1.32607047725469,0.882878364122007,,-0.0094270833425,0.457503292476758,
,,,-0.00937500001,1.32607047725469,0.882878364122007,,-0.00937500001,0.457503292476758,
,,,-0.0093229166775,1.32607047725469,0.882878364122007,,-0.0093229166775,0.457503292476758,
,,,-0.009270833345,1.32607047725469,0.882878364122007,,-0.009270833345,0.457503292476758,
,,,-0.0092187500125,1.32607047725469,0.882878364122007,,-0.0092187500125,0.457503292476758,
,,,-0.00916666668,1.32607047725469,0.882878364122007,,-0.00916666668,0.457503292476758,
,,,-0.0091145833475,1.32607047725469,0.882878364122007,,-0.0091145833475,0.457503292476758,
,,,-0.009062500015,1.32607047725469,0.882878364122007,,-0.009062500015,0.457503292476758,
,,,-0.0090104166825,1.32607047725469,0.882878364122007,,-0.0090104166825,0.457503292476758,
,,,-0.00895833335,1.32607047725469,0.882878364122007,,-0.00895833335,0.457503292476758,
,,,-0.0089062500175,1.32607047725469,0.882878364122007,,-0.0089062500175,0.457503292476758,
,,,-0.008854166685,1.32607047725469,0.882878364122007,,-0.008854166685,0.457503292476758,
,,,-0.0088020833525,1.32607047725469,0.882878364122007,,-0.0088020833525,0.457503292476758,
,,,-0.00875000002,1.32607047725469,0.882878364122007,,-0.00875000002,0.457503292476758,
,,,-0.0086979166875,1.32607047725469,0.882878364122007,,-0.0086979166875,0.457503292476758,
,,,-0.008645833355,1.32607047725469,0.882878364122007,,-0.008645833355,0.457503292476758,
,,,-0.0085937500225,1.32607047725469,0.882878364122007,,-0.0085937500225,0.457503292476758,
,,,-0.00854166669,1.32607047725469,0.882878364122007,,-0.00854166669,0.457503292476758,
,,,-0.0084895833575,1.32607047725469,0.882878364122007,,-0.0084895833575,0.457503292476758,
,,,-0.008437500025,1.32607047725469,0.882878364122007,,-0.008437500025,0.457503292476758,
,,,-0.0083854166925,1.32607047725469,0.882878364122007,,-0.0083854166925,0.457503292476758,
,,,-0.00833333336,1.32607047725469,0.882878364122007,,-0.00833333336,0.457503292476758,
,,,-0.0082812500275,1.32607047725469,0.882878364122007,,-0.0082812500275,0.457503292476758,
,,,-0.008229166695,1.32607047725469,0.882878364122007,,-0.008229166695,0.457503292476758,
,,,-0.0081770833625,1.32607047725469,0.882878364122007,,-0.0081770833625,0.457503292476758,
,,,-0.00812500003,1.32607047725469,0.882878364122007,,-0.00812500003,0.457503292476758,
,,,-0.0080729166975,1.32607047725469,0.882878364122007,,-0.0080729166975,0.457503292476758,
,,,-0.008020833365,1.32607047725469,0.882878364122007,,-0.008020833365,0.457503292476758,
,,,-0.0079687500325,1.32607047725469,0.882878364122007,,-0.0079687500325,0.457503292476758,
,,,-0.0079166667,1.32607047725469,0.882878364122007,,-0.0079166667,0.457503292476758,
,,,-0.0078645833675,1.32607047725469,0.882878364122007,,-0.0078645833675,0.457503292476758,
,,,-0.007812500035,1.32607047725469,0.882878364122007,,-0.007812500035,0.457503292476758,
,,,-0.0077604167025,1.32607047725469,0.882878364122007,,-0.0077604167025,0.457503292476758,
,,,-0.00770833337,1.32607047725469,0.882878364122007,,-0.00770833337,0.457503292476758,
,,,-0.0076562500375,1.32607047725469,0.882878364122007,,-0.0076562500375,0.457503292476758,
,,,-0.007604166705,1.32607047725469,0.882878364122007,,-0.007604166705,0.457503292476758,
,,,-0.0075520833725,1.32607047725469,0.882878364122007,,-0.0075520833725,0.457503292476758,
,,,-0.00750000004,1.32607047725469,0.882878364122007,,-0.00750000004,0.457503292476758,
,,,-0.0074479167075,1.32607047725469,0.882878364122007,,-0.0074479167075,0.457503292476758,
,,,-0.007395833375,1.32607047725469,0.882878364122007,,-0.007395833375,0.457503292476758,
,,,-0.0073437500425,1.32607047725469,0.882878364122007,,-0.0073437500425,0.457503292476758,
,,,-0.00729166671,1.32607047725469,0.882878364122007,,-0.00729166671,0.457503292476758,
,,,-0.0072395833775,1.32607047725469,0.882878364122007,,-0.0072395833775,0.457503292476758,
,,,-0.007187500045,1.32607047725469,0.882878364122007,,-0.007187500045,0.457503292476758,
,,,-0.0071354167125,1.32607047725469,0.882878364122007,,-0.0071354167125,0.457503292476758,
,,,-0.00708333338,1.32607047725469,0.882878364122007,,-0.00708333338,0.457503292476758,
,,,-0.0070312500475,1.32607047725469,0.882878364122007,,-0.0070312500475,0.457503292476758,
,,,-0.006979166715,1.32607047725469,0.882878364122007,,-0.006979166715,0.457503292476758,
,,,-0.0069270833825,1.32607047725469,0.882878364122007,,-0.0069270833825,0.457503292476758,
,,,-0.00687500005,1.32607047725469,0.882878364122007,,-0.00687500005,0.457503292476758,
,,,-0.0068229167175,1.32607047725469,0.882878364122007,,-0.0068229167175,0.457503292476758,
,,,-0.006770833385,1.32607047725469,0.882878364122007,,-0.006770833385,0.457503292476758,
,,,-0.0067187500525,1.32607047725469,0.882878364122007,,-0.0067187500525,0.457503292476758,
,,,-0.00666666672,1.32607047725469,0.882878364122007,,-0.00666666672,0.457503292476758,
,,,-0.0066145833875,1.32607047725469,0.882878364122007,,-0.0066145833875,0.457503292476758,
,,,-0.006562500055,1.32607047725469,0.882878364122007,,-0.006562500055,0.457503292476758,
,,,-0.0065104167225,1.32607047725469,0.882878364122007,,-0.0065104167225,0.457503292476758,
,,,-0.00645833339,1.32607047725469,0.882878364122007,,-0.00645833339,0.457503292476758,
,,,-0.0064062500575,1.32607047725469,0.882878364122007,,-0.0064062500575,0.457503292476758,
,,,-0.006354166725,1.32607047725469,0.882878364122007,,-0.006354166725,0.457503292476758,
,,,-0.0063020833925,1.32607047725469,0.882878364122007,,-0.0063020833925,0.457503292476758,
,,,-0.00625000006,1.32607047725469,0.882878364122007,,-0.00625000006,0.457503292476758,
,,,-0.0061979167275,1.32607047725469,0.882878364122007,,-0.0061979167275,0.457503292476758,
,,,-0.006145833395,1.32607047725469,0.882878364122007,,-0.006145833395,0.457503292476758,
,,,-0.0060937500625,1.32607047725469,0.882878364122007,,-0.0060937500625,0.457503292476758,
,,,-0.00604166673,1.32607047725469,0.882878364122007,,-0.00604166673,0.457503292476758,
,,,-0.0059895833975,1.32607047725469,0.882878364122007,,-0.0059895833975,0.457503292476758,
,,,-0.005937500065,1.32607047725469,0.882878364122007,,-0.005937500065,0.457503292476758,
,,,-0.0058854167325,1.32607047725469,0.882878364122007,,-0.0058854167325,0.457503292476758,
,,,-0.0058333334,1.32607047725469,0.882878364122007,,-0.0058333334,0.457503292476758,
,,,-0.0057812500675,1.32607047725469,0.882878364122007,,-0.0057812500675,0.457503292476758,
,,,-0.005729166735,1.32607047725469,0.882878364122007,,-0.005729166735,0.457503292476758,
,,,-0.0056770834025,1.32607047725469,0.882878364122007,,-0.0056770834025,0.457503292476758,
,,,-0.00562500007,1.32607047725469,0.882878364122007,,-0.00562500007,0.457503292476758,
,,,-0.0055729167375,1.32607047725469,0.882878364122007,,-0.0055729167375,0.457503292476758,
,,,-0.005520833405,1.32607047725469,0.882878364122007,,-0.005520833405,0.457503292476758,
,,,-0.0054687500725,1.32607047725469,0.882878364122007,,-0.0054687500725,0.457503292476758,
,,,-0.00541666674,1.32607047725469,0.882878364122007,,-0.00541666674,0.457503292476758,
,,,-0.0053645834075,1.32607047725469,0.882878364122007,,-0.0053645834075,0.457503292476758,
,,,-0.005312500075,1.32607047725469,0.882878364122007,,-0.005312500075,0.457503292476758,
,,,-0.0052604167425,1.32607047725469,0.882878364122007,,-0.0052604167425,0.457503292476758,
,,,-0.00520833341,1.32607047725469,0.882878364122007,,-0.00520833341,0.457503292476758,
,,,-0.0051562500775,1.32607047725469,0.882878364122007,,-0.0051562500775,0.457503292476758,
,,,-0.005104166745,1.32607047725469,0.882878364122007,,-0.005104166745,0.457503292476758,
,,,-0.0050520834125,1.32607047725469,0.882878364122007,,-0.0050520834125,0.457503292476758,
,,,-0.00500000008,1.32607047725469,0.882878364122007,,-0.00500000008,0.457503292476758,
,,,-0.0049479167475,1.32607047725469,0.882878364122007,,-0.0049479167475,0.457503292476758,
,,,-0.004895833415,1.32607047725469,0.882878364122007,,-0.004895833415,0.457503292476758,
,,,-0.0048437500825,1.32607047725469,0.882878364122007,,-0.0048437500825,0.457503292476758,
,,,-0.00479166675,1.32607047725469,0.882878364122007,,-0.00479166675,0.457503292476758,
,,,-0.0047395834175,1.32607047725469,0.882878364122007,,-0.0047395834175,0.457503292476758,
,,,-0.004687500085,1.32607047725469,0.882878364122007,,-0.004687500085,0.457503292476758,
,,,-0.0046354167525,1.32607047725469,0.882878364122007,,-0.0046354167525,0.457503292476758,
,,,-0.00458333342,1.32607047725469,0.882878364122007,,-0.00458333342,0.457503292476758,
,,,-0.0045312500875,1.32607047725469,0.882878364122007,,-0.0045312500875,0.457503292476758,
,,,-0.004479166755,1.32607047725469,0.882878364122007,,-0.004479166755,0.457503292476758,
,,,-0.0044270834225,1.32607047725469,0.882878364122007,,-0.0044270834225,0.457503292476758,
,,,-0.00437500009,1.32607047725469,0.882878364122007,,-0.00437500009,0.457503292476758,
,,,-0.0043229167575,1.32607047725469,0.882878364122007,,-0.0043229167575,0.457503292476758,
,,,-0.004270833425,1.32607047725469,0.882878364122007,,-0.004270833425,0.457503292476758,
,,,-0.0042187500925,1.32607047725469,0.882878364122007,,-0.0042187500925,0.457503292476758,
,,,-0.00416666676,1.32607047725469,0.882878364122007,,-0.00416666676,0.457503292476758,
,,,-0.0041145834275,1.32607047725469,0.882878364122007,,-0.0041145834275,0.457503292476758,
,,,-0.004062500095,1.32607047725469,0.882878364122007,,-0.004062500095,0.457503292476758,
,,,-0.0040104167625,1.32607047725469,0.882878364122007,,-0.0040104167625,0.457503292476758,
,,,-0.00395833343,1.32607047725469,0.882878364122007,,-0.00395833343,0.457503292476758,
,,,-0.0039062500975,1.32607047725469,0.882878364122007,,-0.0039062500975,0.457503292476758,
,,,-0.003854166765,1.32607047725469,0.882878364122007,,-0.003854166765,0.457503292476758,
,,,-0.0038020834325,1.32607047725469,0.882878364122007,,-0.0038020834325,0.457503292476758,
,,,-0.0037500001,1.32607047725469,0.882878364122007,,-0.0037500001,0.457503292476758,
,,,-0.0036979167675,1.32607047725469,0.882878364122007,,-0.0036979167675,0.457503292476758,
,,,-0.003645833435,1.32607047725469,0.882878364122007,,-0.003645833435,0.457503292476758,
,,,-0.0035937501025,1.32607047725469,0.882878364122007,,-0.0035937501025,0.457503292476758,
,,,-0.00354166677,1.32607047725469,0.882878364122007,,-0.00354166677,0.457503292476758,
,,,-0.0034895834375,1.32607047725469,0.882878364122007,,-0.0034895834375,0.457503292476758,
,,,-0.003437500105,1.32607047725469,0.882878364122007,,-0.003437500105,0.457503292476758,
,,,-0.0033854167725,1.32607047725469,0.882878364122007,,-0.0033854167725,0.457503292476758,
,,,-0.00333333344,1.32607047725469,0.882878364122007,,-0.00333333344,0.457503292476758,
,,,-0.0032812501075,1.32607047725469,0.882878364122007,,-0.0032812501075,0.457503292476758,
,,,-0.003229166775,1.32607047725469,0.882878364122007,,-0.003229166775,0.457503292476758,
,,,-0.0031770834425,1.32607047725469,0.882878364122007,,-0.0031770834425,0.457503292476758,
,,,-0.00312500011,1.32607047725469,0.882878364122007,,-0.00312500011,0.457503292476758,
,,,-0.0030729167775,1.32607047725469,0.882878364122007,,-0.0030729167775,0.457503292476758,
,,,-0.003020833445,1.32607047725469,0.882878364122007,,-0.003020833445,0.457503292476758,
,,,-0.0029687501125,1.32607047725469,0.882878364122007,,-0.0029687501125,0.457503292476758,
,,,-0.00291666678,1.32607047725469,0.882878364122007,,-0.00291666678,0.457503292476758,
,,,-0.0028645834475,1.32607047725469,0.882878364122007,,-0.0028645834475,0.457503292476758,
,,,-0.002812500115,1.32607047725469,0.882878364122007,,-0.002812500115,0.457503292476758,
,,,-0.0027604167825,1.32607047725469,0.882878364122007,,-0.0027604167825,0.457503292476758,
,,,-0.00270833345,1.32607047725469,0.882878364122007,,-0.00270833345,0.457503292476758,
,,,-0.0026562501175,1.32607047725469,0.882878364122007,,-0.0026562501175,0.457503292476758,
,,,-0.002604166785,1.32607047725469,0.882878364122007,,-0.002604166785,0.457503292476758,
,,,-0.0025520834525,1.32607047725469,0.882878364122007,,-0.0025520834525,0.457503292476758,
,,,-0.00250000012,1.32607047725469,0.882878364122007,,-0.00250000012,0.457503292476758,
,,,-0.0024479167875,1.32607047725469,0.882878364122007,,-0.0024479167875,0.457503292476758,
,,,-0.002395833455,1.32607047725469,0.882878364122007,,-0.002395833455,0.457503292476758,
,,,-0.0023437501225,1.32607047725469,0.882878364122007,,-0.0023437501225,0.457503292476758,
,,,-0.00229166679,1.32607047725469,0.882878364122007,,-0.00229166679,0.457503292476758,
,,,-0.0022395834575,1.32607047725469,0.882878364122007,,-0.0022395834575,0.457503292476758,
,,,-0.002187500125,1.32607047725469,0.882878364122007,,-0.002187500125,0.457503292476758,
,,,-0.0021354167925,1.32607047725469,0.882878364122007,,-0.0021354167925,0.457503292476758,
,,,-0.00208333346,1.32607047725469,0.882878364122007,,-0.00208333346,0.457503292476758,
,,,-0.0020312501275,1.32607047725469,0.882878364122007,,-0.0020312501275,0.457503292476758,
,,,-0.001979166795,1.32607047725469,0.882878364122007,,-0.001979166795,0.457503292476758,
,,,-0.0019270834625,1.32607047725469,0.882878364122007,,-0.0019270834625,0.457503292476758,
,,,-0.00187500013,1.32607047725469,0.882878364122007,,-0.00187500013,0.457503292476758,
,,,-0.0018229167975,1.32607047725469,0.882878364122007,,-0.0018229167975,0.457503292476758,
,,,-0.001770833465,1.32607047725469,0.882878364122007,,-0.001770833465,0.457503292476758,
,,,-0.0017187501325,1.32607047725469,0.882878364122007,,-0.0017187501325,0.457503292476758,
,,,-0.0016666668,1.32607047725469,0.882878364122007,,-0.0016666668,0.457503292476758,
,,,-0.0016145834675,1.32607047725469,0.882878364122007,,-0.0016145834675,0.457503292476758,
,,,-0.001562500135,1.32607047725469,0.882878364122007,,-0.001562500135,0.457503292476758,
,,,-0.0015104168025,1.32607047725469,0.882878364122007,,-0.0015104168025,0.457503292476758,
,,,-0.00145833347,1.32607047725469,0.882878364122007,,-0.00145833347,0.457503292476758,
,,,-0.0014062501375,1.32607047725469,0.882878364122007,,-0.0014062501375,0.457503292476758,
,,,-0.001354166805,1.32607047725469,0.882878364122007,,-0.001354166805,0.457503292476758,
,,,-0.0013020834725,1.32607047725469,0.882878364122007,,-0.0013020834725,0.457503292476758,
,,,-0.00125000014,1.32607047725469,0.882878364122007,,-0.00125000014,0.457503292476758,
,,,-0.0011979168075,1.32607047725469,0.882878364122007,,-0.0011979168075,0.457503292476758,
,,,-0.001145833475,1.32607047725469,0.882878364122007,,-0.001145833475,0.457503292476758,
,,,-0.0010937501425,1.32607047725469,0.882878364122007,,-0.0010937501425,0.457503292476758,
,,,-0.00104166681,1.32607047725469,0.882878364122007,,-0.00104166681,0.457503292476758,
,,,-0.0009895834775,1.32607047725469,0.882878364122007,,-0.0009895834775,0.457503292476758,
,,,-0.000937500145000001,1.32607047725469,0.882878364122007,,-0.000937500145000001,0.457503292476758,
,,,-0.0008854168125,1.32607047725469,0.882878364122007,,-0.0008854168125,0.457503292476758,
,,,-0.00083333348,1.32607047725469,0.882878364122007,,-0.00083333348,0.457503292476758,
,,,-0.000781250147499999,1.32607047725469,0.882878364122007,,-0.000781250147499999,0.457503292476758,
,,,-0.000729166815,1.32607047725469,0.882878364122007,,-0.000729166815,0.457503292476758,
,,,-0.0006770834825,1.32607047725469,0.882878364122007,,-0.0006770834825,0.457503292476758,
,,,-0.000625000149999999,1.32607047725469,0.882878364122007,,-0.000625000149999999,0.457503292476758,
,,,-0.0005729168175,1.32607047725469,0.882878364122007,,-0.0005729168175,0.457503292476758,
,,,-0.000520833485,1.32607047725469,0.882878364122007,,-0.000520833485,0.457503292476758,
,,,-0.000468750152499999,1.32607047725469,0.882878364122007,,-0.000468750152499999,0.457503292476758,
,,,-0.00041666682,1.32607047725469,0.882878364122007,,-0.00041666682,0.457503292476758,
,,,-0.0003645834875,1.32607047725469,0.882878364122007,,-0.0003645834875,0.457503292476758,
,,,-0.000312500154999999,1.32607047725469,0.882878364122007,,-0.000312500154999999,0.457503292476758,
,,,-0.0002604168225,1.32607047725469,0.882878364122007,,-0.0002604168225,0.457503292476758,
,,,-0.00020833349,1.32607047725469,0.882878364122007,,-0.00020833349,0.457503292476758,
,,,-0.000156250157499999,1.32607047725469,0.882878364122007,,-0.000156250157499999,0.457503292476758,
,,,-0.000104166825,1.32607047725469,0.882878364122007,,-0.000104166825,0.457503292476758,
,,,-5.20834925000005E-05,1.32607047725469,0.882878364122007,,-5.20834925000005E-05,0.457503292476758,
,,,-1.59999999360672E-10,1.38875388266752,1.02217485420988,,-1.59999999360672E-10,0.385237676091492,
,,,5.20831725E-05,1.32607047725469,0.997908521214413,,5.20831725E-05,0.346175180748105,
,,,0.000104166504999999,1.32607047725469,1.00161203900643,,0.000104166504999999,0.342268931213766,
,,,0.000156249837500001,1.32607047725469,1.00509445125863,,0.000156249837500001,0.340315806446597,
,,,0.00020833317,1.32607047725469,1.00796882327631,,0.00020833317,0.336409556912258,
,,,0.000260416502499999,1.32607047725469,1.01051153698427,,0.000260416502499999,0.334456432145089,
,,,0.000312499835000001,1.35392976854928,1.01255676322762,,0.000312499835000001,0.359847054118291,
,,,0.0003645831675,1.48990964272525,1.01438088393115,,0.0003645831675,0.492659538285807,
,,,0.000416666500000001,1.61428147886181,1.01603917547982,,0.000416666500000001,0.613753273850307,
,,,0.0004687498325,1.72372869466199,1.01742108510371,,0.0004687498325,0.721175136044621,
,,,0.000520833165,1.81758797366638,1.01863716557273,,0.000520833165,0.812972000101581,
,,,0.000572916497500001,1.89917589817196,1.01963214050193,,0.000572916497500001,0.893050115555525,
,,,0.00062499983,1.96849246817874,1.02051656266121,,0.00062499983,0.959456357639283,
,,,0.0006770831625,2.0258693419164,1.02129043205059,,0.0006770831625,1.01609697588719,
,,,0.000729166495000001,2.07594973460073,1.0218984722851,,0.000729166495000001,1.06492509506643,
,,,0.0007812498275,2.11773867154261,1.02245123613466,,0.0007812498275,1.10594071517698,
,,,0.00083333316,2.15189946920145,1.0228934472143,,0.00083333316,1.13914383621886,
,,,0.000885416492500001,2.18009041872574,1.02322510552403,,0.000885416492500001,1.16648758295923,
,,,0.000937499825,2.20264317834517,1.02355676383377,,0.000937499825,1.1879719553981,
,,,0.0009895831575,2.22022106451914,1.02383314575854,,0.0009895831575,1.20555007830262,
,,,0.00104166649,2.23348739370704,1.02399897491341,,0.00104166649,1.21922195167281,
,,,0.0010937498225,2.24343714059796,1.02422008045323,,0.0010937498225,1.22898757550865,
,,,0.001145833155,2.24973864696221,1.02433063322314,,0.001145833155,1.23484694981016,
,,,0.0011979164875,2.25405020394828,1.02444118599306,,0.0011979164875,1.2387531993445,
,,,0.00124999982,2.25570849509677,1.02449646237801,,0.00124999982,1.24070632411167,
,,,0.0013020831525,2.25570849509677,1.02449646237801,,0.0013020831525,1.24070632411167,
,,,0.001354166485,2.25438186217798,1.02455173876297,,0.001354166485,1.2387531993445,
,,,0.0014062498175,2.2517285963404,1.02455173876297,,0.0014062498175,1.23680007457733,
,,,0.00145833315,2.24774869758403,1.02466229153288,,0.00145833315,1.23289382504299,
,,,0.0015104164825,2.24310548236826,1.02471756791783,,0.0015104164825,1.22703445074148,
,,,0.001562499815,2.2377989506931,1.02471756791783,,0.001562499815,1.22312820120715,
,,,0.0016145831475,2.23182910255855,1.02482812068774,,0.0016145831475,1.21726882690564,
,,,0.00166666648,2.22585925442399,1.02482812068774,,0.00166666648,1.21140945260413,
,,,0.0017187498125,2.21955774805974,1.02499394984261,,0.0017187498125,1.20359695353545,
,,,0.001770833145,2.21292458346579,1.02499394984261,,0.001770833145,1.19773757923394,
,,,0.0018229164775,2.20629141887184,1.02510450261252,,0.0018229164775,1.19187820493244,
,,,0.00187499981,2.19965825427789,1.02515977899748,,0.00187499981,1.18406570586376,
,,,0.0019270831425,2.19302508968394,1.02521505538243,,0.0019270831425,1.17820633156225,
,,,0.001979166475,2.1860602668603,1.02527033176739,,0.001979166475,1.17039383249357,
,,,0.0020312498075,2.18009041872574,1.02532560815234,,0.0020312498075,1.16453445819207,
,,,0.00208333314,2.17378891236149,1.02532560815234,,0.00208333314,1.15867508389056,
,,,0.0021354164725,2.16815072245663,1.0253808845373,,0.0021354164725,1.15281570958905,
,,,0.002187499805,2.16251253255177,1.02549143730721,,0.002187499805,1.14695633528754,
,,,0.0022395831375,2.15654268441722,1.02554671369217,,0.0022395831375,1.14109696098603,
,,,0.00229166647,2.15123615274206,1.02565726646208,,0.00229166647,1.13523758668453,
,,,0.0023437498025,2.14659293752629,1.02571254284703,,0.0023437498025,1.13133133715019,
,,,0.002395833135,2.14161806408083,1.02571254284703,,0.002395833135,1.12547196284868,
,,,0.0024479164675,2.13697484886507,1.02582309561694,,0.0024479164675,1.12156571331434,
,,,0.0024999998,2.132663291879,1.02593364838685,,0.0024999998,1.11765946378,
,,,0.0025520831325,2.12901505135233,1.02593364838685,,0.0025520831325,1.11375321424566,
,,,0.002604166465,2.12503515259596,1.02598892477181,,0.002604166465,1.10984696471132,
,,,0.0026562497975,2.12205022852868,1.02598892477181,,0.0026562497975,1.10594071517698,
,,,0.00270833313,2.1187336462317,1.02604420115676,,0.00270833313,1.10398759040982,
,,,0.0027604164625,2.11574872216443,1.02609947754172,,0.0027604164625,1.10008134087548,
,,,0.002812499795,2.11309545632685,1.02621003031163,,0.002812499795,1.09812821610831,
,,,0.0028645831275,2.11044219048927,1.02626530669659,,0.0028645831275,1.09422196657397,
,,,0.00291666646,2.10812058288138,1.02632058308154,,0.00291666646,1.0922688418068,
,,,0.0029687497925,2.1061306335032,1.0263758594665,,0.0029687497925,1.09031571703963,
,,,0.003020833125,2.10414068412501,1.02643113585145,,0.003020833125,1.08836259227246,
,,,0.0030729164575,2.10215073474683,1.02654168862136,,0.0030729164575,1.08640946750529,
,,,0.00312499979,2.10049244359834,1.02659696500632,,0.00312499979,1.08445634273812,
,,,0.0031770831225,2.09916581067955,1.02665224139128,,0.0031770831225,1.08445634273812,
,,,0.003229166455,2.09783917776076,1.02670751777623,,0.003229166455,1.08250321797095,
,,,0.0032812497875,2.09651254484197,1.0268733469311,,0.0032812497875,1.08055009320378,
,,,0.00333333312,2.09551757015288,1.02692862331605,,0.00333333312,1.08055009320378,
,,,0.0033854164525,2.09419093723409,1.02692862331605,,0.0033854164525,1.07859696843661,
,,,0.003437499785,2.09352762077469,1.02703917608596,,0.003437499785,1.07664384366944,
,,,0.0034895831175,2.0925326460856,1.02714972885587,,0.0034895831175,1.07664384366944,
,,,0.00354166645,2.09186932962621,1.02720500524083,,0.00354166645,1.07664384366944,
,,,0.0035937497825,2.09120601316681,1.02726028162579,,0.0035937497825,1.07469071890227,
,,,0.003645833115,2.09087435493711,1.02731555801074,,0.003645833115,1.07469071890227,
,,,0.0036979164475,2.09021103847772,1.02742611078065,,0.0036979164475,1.07469071890227,
,,,0.00374999978,2.08987938024802,1.02753666355056,,0.00374999978,1.07273759413511,
,,,0.0038020831125,2.08954772201832,1.02759193993552,,0.0038020831125,1.07273759413511,
,,,0.003854166445,2.08921606378863,1.02770249270543,,0.003854166445,1.07273759413511,
,,,0.0039062497775,2.08921606378863,1.02781304547534,,0.0039062497775,1.07273759413511,
,,,0.00395833311,2.08888440555893,1.0278683218603,,0.00395833311,1.07273759413511,
,,,0.0040104164425,2.08888440555893,1.02797887463021,,0.0040104164425,1.07273759413511,
,,,0.004062499775,2.08888440555893,1.02803415101516,,0.004062499775,1.07273759413511,
,,,0.0041145831075,2.08855274732923,1.02814470378507,,0.0041145831075,1.07078446936794,
,,,0.00416666644,2.08855274732923,1.02819998017003,,0.00416666644,1.07078446936794,
,,,0.0042187497725,2.08855274732923,1.02819998017003,,0.0042187497725,1.07078446936794,
,,,0.004270833105,2.08855274732923,1.02831053293994,,0.004270833105,1.07078446936794,
,,,0.0043229164375,2.08855274732923,1.02831053293994,,0.0043229164375,1.07078446936794,
,,,0.00437499977,2.08822108909953,1.02842108570985,,0.00437499977,1.07078446936794,
,,,0.0044270831025,2.08855274732923,1.02842108570985,,0.0044270831025,1.07078446936794,
,,,0.004479166435,2.08855274732923,1.02853163847976,,0.004479166435,1.07078446936794,
,,,0.0045312497675,2.08855274732923,1.02858691486472,,0.0045312497675,1.07078446936794,
,,,0.0045833331,2.08888440555893,1.02858691486472,,0.0045833331,1.07078446936794,
,,,0.0046354164325,2.08888440555893,1.02864219124967,,0.0046354164325,1.07078446936794,
,,,0.004687499765,2.08888440555893,1.02869746763463,,0.004687499765,1.07078446936794,
,,,0.0047395830975,2.08888440555893,1.02875274401958,,0.0047395830975,1.07078446936794,
,,,0.00479166643,2.08921606378863,1.02875274401958,,0.00479166643,1.07078446936794,
,,,0.0048437497625,2.08921606378863,1.0288632967895,,0.0048437497625,1.07078446936794,
,,,0.004895833095,2.08954772201832,1.0288632967895,,0.004895833095,1.07273759413511,
,,,0.0049479164275,2.08921606378863,1.0288632967895,,0.0049479164275,1.07078446936794,
,,,0.00499999976,2.08954772201832,1.02891857317445,,0.00499999976,1.07273759413511,
,,,0.0050520830925,2.08987938024802,1.02902912594436,,0.0050520830925,1.07273759413511,
,,,0.005104166425,2.08987938024802,1.02902912594436,,0.005104166425,1.07273759413511,
,,,0.0051562497575,2.09021103847772,1.02908440232932,,0.0051562497575,1.07273759413511,
,,,0.00520833309,2.09021103847772,1.02913967871427,,0.00520833309,1.07273759413511,
,,,0.0052604164225,2.09054269670742,1.02913967871427,,0.0052604164225,1.07273759413511,
,,,0.005312499755,2.09054269670742,1.02919495509923,,0.005312499755,1.07273759413511,
,,,0.0053645830875,2.09087435493711,1.02919495509923,,0.0053645830875,1.07273759413511,
,,,0.00541666642,2.09087435493711,1.02930550786914,,0.00541666642,1.07273759413511,
,,,0.0054687497525,2.09120601316681,1.02930550786914,,0.0054687497525,1.07273759413511,
,,,0.005520833085,2.09120601316681,1.0293607842541,,0.005520833085,1.07273759413511,
,,,0.0055729164175,2.09120601316681,1.02941606063905,,0.0055729164175,1.07273759413511,
,,,0.00562499975,2.09153767139651,1.02941606063905,,0.00562499975,1.07273759413511,
,,,0.0056770830825,2.09186932962621,1.02947133702401,,0.0056770830825,1.07273759413511,
,,,0.005729166415,2.09186932962621,1.02952661340896,,0.005729166415,1.07273759413511,
,,,0.0057812497475,2.09186932962621,1.02952661340896,,0.0057812497475,1.07273759413511,
,,,0.00583333308,2.0922009878559,1.02958188979392,,0.00583333308,1.07469071890227,
,,,0.0058854164125,2.0922009878559,1.02958188979392,,0.0058854164125,1.07469071890227,
,,,0.005937499745,2.0925326460856,1.02958188979392,,0.005937499745,1.07469071890227,
,,,0.0059895830775,2.0928643043153,1.02963716617887,,0.0059895830775,1.07469071890227,
,,,0.00604166641,2.0928643043153,1.02963716617887,,0.00604166641,1.07469071890227,
,,,0.0060937497425,2.0928643043153,1.02969244256383,,0.0060937497425,1.07469071890227,
,,,0.006145833075,2.093195962545,1.02969244256383,,0.006145833075,1.07469071890227,
,,,0.0061979164075,2.093195962545,1.02974771894878,,0.0061979164075,1.07469071890227,
,,,0.00624999974,2.093195962545,1.02985827171869,,0.00624999974,1.07469071890227,
,,,0.0063020830725,2.09352762077469,1.02985827171869,,0.0063020830725,1.07469071890227,
,,,0.006354166405,2.09352762077469,1.02985827171869,,0.006354166405,1.07469071890227,
,,,0.0064062497375,2.09385927900439,1.02996882448861,,0.0064062497375,1.07469071890227,
,,,0.00645833307,2.09385927900439,1.02996882448861,,0.00645833307,1.07469071890227,
,,,0.0065104164025,2.09419093723409,1.03002410087356,,0.0065104164025,1.07469071890227,
,,,0.006562499735,2.09419093723409,1.03002410087356,,0.006562499735,1.07469071890227,
,,,0.0066145830675,2.09419093723409,1.03007937725852,,0.0066145830675,1.07469071890227,
,,,0.0066666664,2.09419093723409,1.03007937725852,,0.0066666664,1.07469071890227,
,,,0.0067187497325,2.09452259546379,1.03018993002843,,0.0067187497325,1.07469071890227,
,,,0.006770833065,2.09485425369348,1.03018993002843,,0.006770833065,1.07664384366944,
,,,0.0068229163975,2.09485425369348,1.03024520641338,,0.0068229163975,1.07664384366944,
,,,0.00687499973,2.09485425369348,1.03024520641338,,0.00687499973,1.07664384366944,
,,,0.0069270830625,2.09518591192318,1.03030048279834,,0.0069270830625,1.07664384366944,
,,,0.006979166395,2.09518591192318,1.03035575918329,,0.006979166395,1.07664384366944,
,,,0.0070312497275,2.09551757015288,1.03041103556825,,0.0070312497275,1.07664384366944,
,,,0.00708333306,2.09551757015288,1.03046631195321,,0.00708333306,1.07664384366944,
,,,0.0071354163925,2.09551757015288,1.03052158833816,,0.0071354163925,1.07664384366944,
,,,0.007187499725,2.09584922838258,1.03046631195321,,0.007187499725,1.07664384366944,
,,,0.0072395830575,2.09584922838258,1.03052158833816,,0.0072395830575,1.07664384366944,
,,,0.00729166639,2.09618088661227,1.03057686472312,,0.00729166639,1.07664384366944,
,,,0.0073437497225,2.09618088661227,1.03057686472312,,0.0073437497225,1.07664384366944,
,,,0.007395833055,2.09618088661227,1.03063214110807,,0.007395833055,1.07664384366944,
,,,0.0074479163875,2.09651254484197,1.03068741749303,,0.0074479163875,1.07664384366944,
,,,0.00749999972,2.09684420307167,1.03074269387798,,0.00749999972,1.07664384366944,
,,,0.0075520830525,2.09684420307167,1.03079797026294,,0.0075520830525,1.07664384366944,
,,,0.007604166385,2.09684420307167,1.03079797026294,,0.007604166385,1.07664384366944,
,,,0.0076562497175,2.09717586130137,1.03085324664789,,0.0076562497175,1.07664384366944,
,,,0.00770833305,2.09717586130137,1.03085324664789,,0.00770833305,1.07664384366944,
,,,0.0077604163825,2.09717586130137,1.03085324664789,,0.0077604163825,1.07664384366944,
,,,0.007812499715,2.09750751953106,1.03090852303285,,0.007812499715,1.07859696843661,
,,,0.0078645830475,2.09750751953106,1.03090852303285,,0.0078645830475,1.07859696843661,
,,,0.00791666638,2.09750751953106,1.0309637994178,,0.00791666638,1.07859696843661,
,,,0.0079687497125,2.09783917776076,1.03101907580276,,0.0079687497125,1.07859696843661,
,,,0.008020833045,2.09783917776076,1.03101907580276,,0.008020833045,1.07859696843661,
,,,0.0080729163775,2.09783917776076,1.03101907580276,,0.0080729163775,1.07859696843661,
,,,0.00812499971,2.09817083599046,1.03101907580276,,0.00812499971,1.07859696843661,
,,,0.0081770830425,2.09817083599046,1.03107435218772,,0.0081770830425,1.07859696843661,
,,,0.008229166375,2.09817083599046,1.03107435218772,,0.008229166375,1.07859696843661,
,,,0.0082812497075,2.09850249422016,1.03107435218772,,0.0082812497075,1.07859696843661,
,,,0.00833333304,2.09850249422016,1.03112962857267,,0.00833333304,1.07859696843661,
,,,0.0083854163725,2.09883415244985,1.03118490495763,,0.0083854163725,1.07859696843661,
,,,0.008437499705,2.09883415244985,1.03118490495763,,0.008437499705,1.07859696843661,
,,,0.0084895830375,2.09883415244985,1.03118490495763,,0.0084895830375,1.07859696843661,
,,,0.00854166637,2.09916581067955,1.03118490495763,,0.00854166637,1.07859696843661,
,,,0.0085937497025,2.09883415244985,1.03124018134258,,0.0085937497025,1.07859696843661,
,,,0.008645833035,2.09916581067955,1.03118490495763,,0.008645833035,1.07859696843661,
,,,0.0086979163675,2.09949746890925,1.03124018134258,,0.0086979163675,1.07859696843661,
,,,0.0087499997,2.09949746890925,1.03124018134258,,0.0087499997,1.07859696843661,
,,,0.0088020830325,2.09949746890925,1.03124018134258,,0.0088020830325,1.07859696843661,
,,,0.008854166365,2.09982912713895,1.03129545772754,,0.008854166365,1.08055009320378,
,,,0.0089062496975,2.09982912713895,1.03129545772754,,0.0089062496975,1.08055009320378,
,,,0.00895833303,2.09982912713895,1.03129545772754,,0.00895833303,1.08055009320378,
,,,0.0090104163625,2.09982912713895,1.03129545772754,,0.0090104163625,1.08055009320378,
,,,0.009062499695,2.10016078536864,1.03135073411249,,0.009062499695,1.08055009320378,
,,,0.0091145830275,2.10016078536864,1.03140601049745,,0.0091145830275,1.08055009320378,
,,,0.00916666636,2.10049244359834,1.03140601049745,,0.00916666636,1.08055009320378,
,,,0.0092187496925,2.10049244359834,1.03140601049745,,0.0092187496925,1.08055009320378,
,,,0.009270833025,2.10049244359834,1.0314612868824,,0.009270833025,1.08055009320378,
,,,0.0093229163575,2.10082410182804,1.0314612868824,,0.0093229163575,1.08055009320378,
,,,0.00937499969,2.10049244359834,1.0314612868824,,0.00937499969,1.08055009320378,
,,,0.0094270830225,2.10049244359834,1.0314612868824,,0.0094270830225,1.08055009320378,
,,,0.009479166355,2.10049244359834,1.0314612868824,,0.009479166355,1.08055009320378,
,,,0.0095312496875,2.10082410182804,1.03151656326736,,0.0095312496875,1.08055009320378,
,,,0.00958333302,2.10082410182804,1.03151656326736,,0.00958333302,1.08055009320378,
,,,0.0096354163525,2.10115576005774,1.03151656326736,,0.0096354163525,1.08055009320378,
,,,0.009687499685,2.10115576005774,1.03157183965232,,0.009687499685,1.08055009320378,
,,,0.0097395830175,2.10148741828743,1.03162711603727,,0.0097395830175,1.08055009320378,
,,,0.00979166635,2.10148741828743,1.03157183965232,,0.00979166635,1.08055009320378,
,,,0.0098437496825,2.10148741828743,1.03162711603727,,0.0098437496825,1.08055009320378,
,,,0.009895833015,2.10148741828743,1.03162711603727,,0.009895833015,1.08055009320378,
,,,0.0099479163475,2.10181907651713,1.03168239242223,,0.0099479163475,1.08055009320378,
,,,0.00999999968,2.10181907651713,1.03168239242223,,0.00999999968,1.08055009320378,
,,,0.0100520830125,2.10181907651713,1.03173766880718,,0.0100520830125,1.08055009320378,
,,,0.010104166345,2.10181907651713,1.03168239242223,,0.010104166345,1.08055009320378,
,,,0.0101562496775,2.10215073474683,1.03168239242223,,0.0101562496775,1.08250321797095,
,,,0.01020833301,2.10215073474683,1.03168239242223,,0.01020833301,1.08250321797095,
,,,0.0102604163425,2.10248239297653,1.03168239242223,,0.0102604163425,1.08250321797095,
,,,0.010312499675,2.10248239297653,1.03173766880718,,0.010312499675,1.08250321797095,
,,,0.0103645830075,2.10248239297653,1.03168239242223,,0.0103645830075,1.08250321797095,
,,,0.01041666634,2.10248239297653,1.03173766880718,,0.01041666634,1.08250321797095,
,,,0.0104687496725,2.10248239297653,1.03173766880718,,0.0104687496725,1.08250321797095,
,,,0.010520833005,2.10281405120622,1.03173766880718,,0.010520833005,1.08250321797095,
,,,0.0105729163375,2.10281405120622,1.03179294519214,,0.0105729163375,1.08250321797095,
,,,0.01062499967,2.10281405120622,1.03173766880718,,0.01062499967,1.08250321797095,
,,,0.0106770830025,2.10314570943592,1.03173766880718,,0.0106770830025,1.08250321797095,
,,,0.010729166335,2.10314570943592,1.03179294519214,,0.010729166335,1.08250321797095,
,,,0.0107812496675,2.10314570943592,1.03179294519214,,0.0107812496675,1.08250321797095,
,,,0.010833333,2.10314570943592,1.03179294519214,,0.010833333,1.08250321797095,
,,,0.0108854163325,2.10314570943592,1.03179294519214,,0.0108854163325,1.08250321797095,
,,,0.010937499665,2.10347736766562,1.03179294519214,,0.010937499665,1.08250321797095,
,,,0.0109895829975,2.10347736766562,1.03179294519214,,0.0109895829975,1.08250321797095,
,,,0.01104166633,2.10347736766562,1.03184822157709,,0.01104166633,1.08250321797095,
,,,0.0110937496625,2.10347736766562,1.03184822157709,,0.0110937496625,1.08250321797095,
,,,0.011145832995,2.10380902589532,1.03184822157709,,0.011145832995,1.08250321797095,
,,,0.0111979163275,2.10380902589532,1.03179294519214,,0.0111979163275,1.08250321797095,
,,,0.01124999966,2.10380902589532,1.03179294519214,,0.01124999966,1.08250321797095,
,,,0.0113020829925,2.10380902589532,1.03184822157709,,0.0113020829925,1.08250321797095,
,,,0.011354166325,2.10380902589532,1.03184822157709,,0.011354166325,1.08250321797095,
,,,0.0114062496575,2.10414068412501,1.03184822157709,,0.0114062496575,1.08250321797095,
,,,0.01145833299,2.10414068412501,1.03190349796205,,0.01145833299,1.08250321797095,
,,,0.0115104163225,2.10447234235471,1.03190349796205,,0.0115104163225,1.08445634273812,
,,,0.011562499655,2.10414068412501,1.03190349796205,,0.011562499655,1.08250321797095,
,,,0.0116145829875,2.10414068412501,1.03190349796205,,0.0116145829875,1.08250321797095,
,,,0.01166666632,2.10480400058441,1.03190349796205,,0.01166666632,1.08445634273812,
,,,0.0117187496525,2.10447234235471,1.031958774347,,0.0117187496525,1.08445634273812,
,,,0.011770832985,2.10447234235471,1.031958774347,,0.011770832985,1.08445634273812,
,,,0.0118229163175,2.10447234235471,1.031958774347,,0.0118229163175,1.08445634273812,
,,,0.01187499965,2.10480400058441,1.031958774347,,0.01187499965,1.08445634273812,
,,,0.0119270829825,2.10480400058441,1.031958774347,,0.0119270829825,1.08445634273812,
,,,0.011979166315,2.10480400058441,1.031958774347,,0.011979166315,1.08445634273812,
,,,0.0120312496475,2.10480400058441,1.031958774347,,0.0120312496475,1.08445634273812,
,,,0.01208333298,2.10480400058441,1.031958774347,,0.01208333298,1.08445634273812,
,,,0.0121354163125,2.10513565881411,1.03190349796205,,0.0121354163125,1.08445634273812,
,,,0.012187499645,2.1054673170438,1.03190349796205,,0.012187499645,1.08445634273812,
,,,0.0122395829775,2.1054673170438,1.031958774347,,0.0122395829775,1.08445634273812,
,,,0.01229166631,2.1054673170438,1.031958774347,,0.01229166631,1.08445634273812,
,,,0.0123437496425,2.1054673170438,1.031958774347,,0.0123437496425,1.08445634273812,
,,,0.012395832975,2.1057989752735,1.031958774347,,0.012395832975,1.08445634273812,
,,,0.0124479163075,2.1057989752735,1.031958774347,,0.0124479163075,1.08445634273812,
,,,0.01249999964,2.1057989752735,1.031958774347,,0.01249999964,1.08445634273812,
,,,0.0125520829725,2.1057989752735,1.031958774347,,0.0125520829725,1.08445634273812,
,,,0.012604166305,2.1057989752735,1.03201405073196,,0.012604166305,1.08445634273812,
,,,0.0126562496375,2.1057989752735,1.031958774347,,0.0126562496375,1.08445634273812,
,,,0.01270833297,2.1061306335032,1.031958774347,,0.01270833297,1.08445634273812,
,,,0.0127604163025,2.1061306335032,1.031958774347,,0.0127604163025,1.08445634273812,
,,,0.012812499635,2.1061306335032,1.03201405073196,,0.012812499635,1.08445634273812,
,,,0.0128645829675,2.1061306335032,1.031958774347,,0.0128645829675,1.08445634273812,
,,,0.0129166663,2.1064622917329,1.03201405073196,,0.0129166663,1.08640946750529,
,,,0.0129687496325,2.1061306335032,1.03201405073196,,0.0129687496325,1.08445634273812,
,,,0.013020832965,2.1064622917329,1.03201405073196,,0.013020832965,1.08640946750529,
,,,0.0130729162975,2.1064622917329,1.031958774347,,0.0130729162975,1.08640946750529,
,,,0.01312499963,2.1064622917329,1.031958774347,,0.01312499963,1.08640946750529,
,,,0.0131770829625,2.1064622917329,1.031958774347,,0.0131770829625,1.08640946750529,
,,,0.013229166295,2.1064622917329,1.031958774347,,0.013229166295,1.08640946750529,
,,,0.0132812496275,2.10679394996259,1.031958774347,,0.0132812496275,1.08640946750529,
,,,0.01333333296,2.10679394996259,1.03201405073196,,0.01333333296,1.08640946750529,
,,,0.0133854162925,2.10712560819229,1.031958774347,,0.0133854162925,1.08640946750529,
,,,0.013437499625,2.10679394996259,1.03201405073196,,0.013437499625,1.08640946750529,
,,,0.0134895829575,2.10712560819229,1.031958774347,,0.0134895829575,1.08640946750529,
,,,0.01354166629,2.10712560819229,1.031958774347,,0.01354166629,1.08640946750529,
,,,0.0135937496225,2.10712560819229,1.03201405073196,,0.0135937496225,1.08640946750529,
,,,0.013645832955,2.10712560819229,1.03201405073196,,0.013645832955,1.08640946750529,
,,,0.0136979162875,2.10745726642199,1.03201405073196,,0.0136979162875,1.08640946750529,
,,,0.01374999962,2.10745726642199,1.031958774347,,0.01374999962,1.08640946750529,
,,,0.0138020829525,2.10745726642199,1.031958774347,,0.0138020829525,1.08640946750529,
,,,0.013854166285,2.10745726642199,1.031958774347,,0.013854166285,1.08640946750529,
,,,0.0139062496175,2.10745726642199,1.031958774347,,0.0139062496175,1.08640946750529,
,,,0.01395833295,2.10778892465169,1.031958774347,,0.01395833295,1.08640946750529,
,,,0.0140104162825,2.10778892465169,1.03190349796205,,0.0140104162825,1.08640946750529,
,,,0.014062499615,2.10745726642199,1.03190349796205,,0.014062499615,1.08640946750529,
,,,0.0141145829475,2.10745726642199,1.03184822157709,,0.0141145829475,1.08640946750529,
,,,0.01416666628,2.10778892465169,1.03190349796205,,0.01416666628,1.08640946750529,
,,,0.0142187496125,2.10778892465169,1.03190349796205,,0.0142187496125,1.08640946750529,
,,,0.014270832945,2.10778892465169,1.03184822157709,,0.014270832945,1.08640946750529,
,,,0.0143229162775,2.10778892465169,1.03190349796205,,0.0143229162775,1.08640946750529,
,,,0.01437499961,2.10812058288138,1.03184822157709,,0.01437499961,1.08640946750529,
,,,0.0144270829425,2.10812058288138,1.03184822157709,,0.0144270829425,1.08640946750529,
,,,0.014479166275,2.10812058288138,1.03184822157709,,0.014479166275,1.08640946750529,
,,,0.0145312496075,2.10812058288138,1.03184822157709,,0.0145312496075,1.08640946750529,
,,,0.01458333294,2.10812058288138,1.03184822157709,,0.01458333294,1.08640946750529,
,,,0.0146354162725,2.10845224111108,1.03184822157709,,0.0146354162725,1.08836259227246,
,,,0.014687499605,2.10812058288138,1.03184822157709,,0.014687499605,1.08640946750529,
,,,0.0147395829375,2.10845224111108,1.03184822157709,,0.0147395829375,1.08836259227246,
,,,0.01479166627,2.10845224111108,1.03190349796205,,0.01479166627,1.08836259227246,
,,,0.0148437496025,2.10845224111108,1.03184822157709,,0.0148437496025,1.08836259227246,
,,,0.014895832935,2.10845224111108,1.03184822157709,,0.014895832935,1.08836259227246,
,,,0.0149479162675,2.10845224111108,1.03184822157709,,0.0149479162675,1.08836259227246,
,,,0.0149999996,2.10845224111108,1.03184822157709,,0.0149999996,1.08836259227246,
,,,0.0150520829325,2.10878389934078,1.03190349796205,,0.0150520829325,1.08836259227246,
,,,0.015104166265,2.10878389934078,1.03179294519214,,0.015104166265,1.08836259227246,
,,,0.0151562495975,2.10878389934078,1.03184822157709,,0.0151562495975,1.08836259227246,
,,,0.01520833293,2.10845224111108,1.03184822157709,,0.01520833293,1.08836259227246,
,,,0.0152604162625,2.10878389934078,1.03184822157709,,0.0152604162625,1.08836259227246,
,,,0.015312499595,2.10911555757048,1.03184822157709,,0.015312499595,1.08836259227246,
,,,0.0153645829275,2.10911555757048,1.03184822157709,,0.0153645829275,1.08836259227246,
,,,0.01541666626,2.10911555757048,1.03184822157709,,0.01541666626,1.08836259227246,
,,,0.0154687495925,2.10911555757048,1.03179294519214,,0.0154687495925,1.08836259227246,
,,,0.015520832925,2.10911555757048,1.03184822157709,,0.015520832925,1.08836259227246,
,,,0.0155729162575,2.10911555757048,1.03184822157709,,0.0155729162575,1.08836259227246,
,,,0.01562499959,2.10911555757048,1.03184822157709,,0.01562499959,1.08836259227246,
,,,0.0156770829225,2.10944721580017,1.03179294519214,,0.0156770829225,1.08836259227246,
,,,0.015729166255,2.10944721580017,1.03179294519214,,0.015729166255,1.08836259227246,
,,,0.0157812495875,2.10944721580017,1.03179294519214,,0.0157812495875,1.08836259227246,
,,,0.01583333292,2.10911555757048,1.03184822157709,,0.01583333292,1.08836259227246,
,,,0.0158854162525,2.10944721580017,1.03179294519214,,0.0158854162525,1.08836259227246,
,,,0.015937499585,2.10944721580017,1.03173766880718,,0.015937499585,1.08836259227246,
,,,0.0159895829175,2.10944721580017,1.03173766880718,,0.0159895829175,1.08836259227246,
,,,0.01604166625,2.10944721580017,1.03179294519214,,0.01604166625,1.08836259227246,
,,,0.0160937495825,2.10977887402987,1.03173766880718,,0.0160937495825,1.08836259227246,
,,,0.016145832915,2.10977887402987,1.03173766880718,,0.016145832915,1.08836259227246,
,,,0.0161979162475,2.11011053225957,1.03173766880718,,0.0161979162475,1.09031571703963,
,,,0.01624999958,2.11011053225957,1.03173766880718,,0.01624999958,1.09031571703963,
,,,0.0163020829125,2.11011053225957,1.03173766880718,,0.0163020829125,1.09031571703963,
,,,0.016354166245,2.11011053225957,1.03173766880718,,0.016354166245,1.09031571703963,
,,,0.0164062495775,2.10977887402987,1.03173766880718,,0.0164062495775,1.08836259227246,
,,,0.01645833291,2.11011053225957,1.03173766880718,,0.01645833291,1.09031571703963,
,,,0.0165104162425,2.11011053225957,1.03168239242223,,0.0165104162425,1.09031571703963,
,,,0.016562499575,2.11011053225957,1.03168239242223,,0.016562499575,1.09031571703963,
,,,0.0166145829075,2.11011053225957,1.03168239242223,,0.0166145829075,1.09031571703963,
,,,0.01666666624,2.11011053225957,1.03162711603727,,0.01666666624,1.09031571703963,
,,,0.0167187495725,2.11011053225957,1.03162711603727,,0.0167187495725,1.09031571703963,
,,,0.016770832905,2.11011053225957,1.03168239242223,,0.016770832905,1.09031571703963,
,,,0.0168229162375,2.11044219048927,1.03157183965232,,0.0168229162375,1.09031571703963,
,,,0.01687499957,2.11044219048927,1.03162711603727,,0.01687499957,1.09031571703963,
,,,0.0169270829025,2.11044219048927,1.03157183965232,,0.0169270829025,1.09031571703963,
,,,0.016979166235,2.11044219048927,1.03162711603727,,0.016979166235,1.09031571703963,
,,,0.0170312495675,2.11077384871896,1.03157183965232,,0.0170312495675,1.09031571703963,
,,,0.0170833329,2.11044219048927,1.03151656326736,,0.0170833329,1.09031571703963,
,,,0.0171354162325,2.11077384871896,1.03157183965232,,0.0171354162325,1.09031571703963,
,,,0.017187499565,2.11077384871896,1.03151656326736,,0.017187499565,1.09031571703963,
,,,0.0172395828975,2.11077384871896,1.03151656326736,,0.0172395828975,1.09031571703963,
,,,0.01729166623,2.11077384871896,1.03151656326736,,0.01729166623,1.09031571703963,
,,,0.0173437495625,2.11077384871896,1.0314612868824,,0.0173437495625,1.09031571703963,
,,,0.017395832895,2.11110550694866,1.03151656326736,,0.017395832895,1.09031571703963,
,,,0.0174479162275,2.11110550694866,1.0314612868824,,0.0174479162275,1.09031571703963,
,,,0.01749999956,2.11110550694866,1.0314612868824,,0.01749999956,1.09031571703963,
,,,0.0175520828925,2.11110550694866,1.0314612868824,,0.0175520828925,1.09031571703963,
,,,0.017604166225,2.11110550694866,1.0314612868824,,0.017604166225,1.09031571703963,
,,,0.0176562495575,2.11110550694866,1.0314612868824,,0.0176562495575,1.09031571703963,
,,,0.01770833289,2.11110550694866,1.03140601049745,,0.01770833289,1.09031571703963,
,,,0.0177604162225,2.11143716517836,1.03140601049745,,0.0177604162225,1.09031571703963,
,,,0.017812499555,2.11143716517836,1.03140601049745,,0.017812499555,1.09031571703963,
,,,0.0178645828875,2.11143716517836,1.03135073411249,,0.0178645828875,1.09031571703963,
,,,0.01791666622,2.11143716517836,1.03135073411249,,0.01791666622,1.09031571703963,
,,,0.0179687495525,2.11143716517836,1.03140601049745,,0.0179687495525,1.09031571703963,
,,,0.018020832885,2.11143716517836,1.03135073411249,,0.018020832885,1.09031571703963,
,,,0.0180729162175,2.11143716517836,1.03135073411249,,0.0180729162175,1.09031571703963,
,,,0.01812499955,2.11176882340806,1.03129545772754,,0.01812499955,1.0922688418068,
,,,0.0181770828825,2.11176882340806,1.03124018134258,,0.0181770828825,1.0922688418068,
,,,0.018229166215,2.11176882340806,1.03124018134258,,0.018229166215,1.0922688418068,
,,,0.0182812495475,2.11176882340806,1.03129545772754,,0.0182812495475,1.0922688418068,
,,,0.01833333288,2.11176882340806,1.03124018134258,,0.01833333288,1.0922688418068,
,,,0.0183854162125,2.11176882340806,1.03124018134258,,0.0183854162125,1.0922688418068,
,,,0.018437499545,2.11176882340806,1.03124018134258,,0.018437499545,1.0922688418068,
,,,0.0184895828775,2.11176882340806,1.03124018134258,,0.0184895828775,1.0922688418068,
,,,0.01854166621,2.11176882340806,1.03124018134258,,0.01854166621,1.0922688418068,
,,,0.0185937495425,2.11210048163775,1.03124018134258,,0.0185937495425,1.0922688418068,
,,,0.018645832875,2.11210048163775,1.03118490495763,,0.018645832875,1.0922688418068,
,,,0.0186979162075,2.11210048163775,1.03118490495763,,0.0186979162075,1.0922688418068,
,,,0.01874999954,2.11210048163775,1.03112962857267,,0.01874999954,1.0922688418068,
,,,0.0188020828725,2.11210048163775,1.03112962857267,,0.0188020828725,1.0922688418068,
,,,0.018854166205,2.11210048163775,1.03112962857267,,0.018854166205,1.0922688418068,
,,,0.0189062495375,2.11243213986745,1.03112962857267,,0.0189062495375,1.0922688418068,
,,,0.01895833287,2.11243213986745,1.03107435218772,,0.01895833287,1.0922688418068,
,,,0.0190104162025,2.11243213986745,1.03107435218772,,0.0190104162025,1.0922688418068,
,,,0.019062499535,2.11210048163775,1.03101907580276,,0.019062499535,1.0922688418068,
,,,0.0191145828675,2.11210048163775,1.03101907580276,,0.0191145828675,1.0922688418068,
,,,0.0191666662,2.11243213986745,1.03101907580276,,0.0191666662,1.0922688418068,
,,,0.0192187495325,2.11210048163775,1.03101907580276,,0.0192187495325,1.0922688418068,
,,,0.019270832865,2.11243213986745,1.0309637994178,,0.019270832865,1.0922688418068,
,,,0.0193229161975,2.11243213986745,1.03090852303285,,0.0193229161975,1.0922688418068,
,,,0.01937499953,2.11243213986745,1.0309637994178,,0.01937499953,1.0922688418068,
,,,0.0194270828625,2.11243213986745,1.03090852303285,,0.0194270828625,1.0922688418068,
,,,0.019479166195,2.11243213986745,1.03090852303285,,0.019479166195,1.0922688418068,
,,,0.0195312495275,2.11276379809715,1.03090852303285,,0.0195312495275,1.0922688418068,
,,,0.01958333286,2.11276379809715,1.03090852303285,,0.01958333286,1.0922688418068,
,,,0.0196354161925,2.11276379809715,1.03090852303285,,0.0196354161925,1.0922688418068,
,,,0.019687499525,2.11243213986745,1.03085324664789,,0.019687499525,1.0922688418068,
,,,0.0197395828575,2.11276379809715,1.03085324664789,,0.0197395828575,1.0922688418068,
,,,0.01979166619,2.11276379809715,1.03085324664789,,0.01979166619,1.0922688418068,
,,,0.0198437495225,2.11276379809715,1.03085324664789,,0.0198437495225,1.0922688418068,
,,,0.019895832855,2.11276379809715,1.03079797026294,,0.019895832855,1.0922688418068,
,,,0.0199479161875,2.11309545632685,1.03079797026294,,0.0199479161875,1.09422196657397,
,,,0.01999999952,2.11276379809715,1.03079797026294,,0.01999999952,1.0922688418068,
,,,0.0200520828525,2.11276379809715,1.03079797026294,,0.0200520828525,1.0922688418068,
,,,0.020104166185,2.11309545632685,1.03079797026294,,0.020104166185,1.09422196657397,
,,,0.0201562495175,2.11309545632685,1.03074269387798,,0.0201562495175,1.09422196657397,
,,,0.02020833285,2.11276379809715,1.03068741749303,,0.02020833285,1.0922688418068,
,,,0.0202604161825,2.11309545632685,1.03068741749303,,0.0202604161825,1.09422196657397,
,,,0.020312499515,2.11309545632685,1.03068741749303,,0.020312499515,1.09422196657397,
,,,0.0203645828475,2.11309545632685,1.03068741749303,,0.0203645828475,1.09422196657397,
,,,0.02041666618,2.11309545632685,1.03063214110807,,0.02041666618,1.09422196657397,
,,,0.0204687495125,2.11309545632685,1.03063214110807,,0.0204687495125,1.09422196657397,
,,,0.020520832845,2.11342711455654,1.03063214110807,,0.020520832845,1.09422196657397,
,,,0.0205729161775,2.11309545632685,1.03057686472312,,0.0205729161775,1.09422196657397,
,,,0.02062499951,2.11309545632685,1.03057686472312,,0.02062499951,1.09422196657397,
,,,0.0206770828425,2.11342711455654,1.03057686472312,,0.0206770828425,1.09422196657397,
,,,0.020729166175,2.11309545632685,1.03052158833816,,0.020729166175,1.09422196657397,
,,,0.0207812495075,2.11342711455654,1.03052158833816,,0.0207812495075,1.09422196657397,
,,,0.02083333284,2.11342711455654,1.03052158833816,,0.02083333284,1.09422196657397,
,,,0.0208854161725,2.11309545632685,1.03052158833816,,0.0208854161725,1.09422196657397,
,,,0.020937499505,2.11342711455654,1.03052158833816,,0.020937499505,1.09422196657397,
,,,0.0209895828375,2.11309545632685,1.03046631195321,,0.0209895828375,1.09422196657397,
,,,0.02104166617,2.11342711455654,1.03041103556825,,0.02104166617,1.09422196657397,
,,,0.0210937495025,2.11342711455654,1.03041103556825,,0.0210937495025,1.09422196657397,
,,,0.021145832835,2.11375877278624,1.03035575918329,,0.021145832835,1.09422196657397,
,,,0.0211979161675,2.11375877278624,1.03035575918329,,0.0211979161675,1.09422196657397,
,,,0.0212499995,2.11375877278624,1.03035575918329,,0.0212499995,1.09422196657397,
,,,0.0213020828325,2.11375877278624,1.03030048279834,,0.0213020828325,1.09422196657397,
,,,0.021354166165,2.11375877278624,1.03030048279834,,0.021354166165,1.09422196657397,
,,,0.0214062494975,2.11375877278624,1.03030048279834,,0.0214062494975,1.09422196657397,
,,,0.02145833283,2.11375877278624,1.03024520641338,,0.02145833283,1.09422196657397,
,,,0.0215104161625,2.11375877278624,1.03030048279834,,0.0215104161625,1.09422196657397,
,,,0.021562499495,2.11375877278624,1.03024520641338,,0.021562499495,1.09422196657397,
,,,0.0216145828275,2.11375877278624,1.03024520641338,,0.0216145828275,1.09422196657397,
,,,0.02166666616,2.11375877278624,1.03018993002843,,0.02166666616,1.09422196657397,
,,,0.0217187494925,2.11409043101594,1.03024520641338,,0.0217187494925,1.09422196657397,
,,,0.021770832825,2.11409043101594,1.03018993002843,,0.021770832825,1.09422196657397,
,,,0.0218229161575,2.11409043101594,1.03018993002843,,0.0218229161575,1.09422196657397,
,,,0.02187499949,2.11409043101594,1.03013465364347,,0.02187499949,1.09422196657397,
,,,0.0219270828225,2.11409043101594,1.03013465364347,,0.0219270828225,1.09422196657397,
,,,0.021979166155,2.11409043101594,1.03007937725852,,0.021979166155,1.09422196657397,
,,,0.0220312494875,2.11409043101594,1.03007937725852,,0.0220312494875,1.09422196657397,
,,,0.02208333282,2.11409043101594,1.03007937725852,,0.02208333282,1.09422196657397,
,,,0.0221354161525,2.11409043101594,1.03007937725852,,0.0221354161525,1.09422196657397,
,,,0.022187499485,2.11409043101594,1.03007937725852,,0.022187499485,1.09422196657397,
,,,0.0222395828175,2.11409043101594,1.03007937725852,,0.0222395828175,1.09422196657397,
,,,0.02229166615,2.11442208924564,1.03002410087356,,0.02229166615,1.09617509134114,
,,,0.0223437494825,2.11409043101594,1.03002410087356,,0.0223437494825,1.09422196657397,
,,,0.022395832815,2.11409043101594,1.02996882448861,,0.022395832815,1.09422196657397,
,,,0.0224479161475,2.11409043101594,1.02996882448861,,0.0224479161475,1.09422196657397,
,,,0.02249999948,2.11409043101594,1.02996882448861,,0.02249999948,1.09422196657397,
,,,0.0225520828125,2.11442208924564,1.02991354810365,,0.0225520828125,1.09617509134114,
,,,0.022604166145,2.11442208924564,1.02991354810365,,0.022604166145,1.09617509134114,
,,,0.0226562494775,2.11442208924564,1.02985827171869,,0.0226562494775,1.09617509134114,
,,,0.02270833281,2.11442208924564,1.02985827171869,,0.02270833281,1.09617509134114,
,,,0.0227604161425,2.11442208924564,1.02985827171869,,0.0227604161425,1.09617509134114,
,,,0.022812499475,2.11442208924564,1.02980299533374,,0.022812499475,1.09617509134114,
,,,0.0228645828075,2.11442208924564,1.02980299533374,,0.0228645828075,1.09617509134114,
,,,0.02291666614,2.11442208924564,1.02980299533374,,0.02291666614,1.09617509134114,
,,,0.0229687494725,2.11442208924564,1.02974771894878,,0.0229687494725,1.09617509134114,
,,,0.023020832805,2.11442208924564,1.02969244256383,,0.023020832805,1.09617509134114,
,,,0.0230729161375,2.11442208924564,1.02963716617887,,0.0230729161375,1.09617509134114,
,,,0.02312499947,2.11442208924564,1.02969244256383,,0.02312499947,1.09617509134114,
,,,0.0231770828025,2.11475374747533,1.02963716617887,,0.0231770828025,1.09617509134114,
,,,0.023229166135,2.11442208924564,1.02963716617887,,0.023229166135,1.09617509134114,
,,,0.0232812494675,2.11475374747533,1.02963716617887,,0.0232812494675,1.09617509134114,
,,,0.0233333328,2.11475374747533,1.02958188979392,,0.0233333328,1.09617509134114,
,,,0.0233854161325,2.11475374747533,1.02958188979392,,0.0233854161325,1.09617509134114,
,,,0.023437499465,2.11475374747533,1.02952661340896,,0.023437499465,1.09617509134114,
,,,0.0234895827975,2.11475374747533,1.02958188979392,,0.0234895827975,1.09617509134114,
,,,0.02354166613,2.11442208924564,1.02947133702401,,0.02354166613,1.09617509134114,
,,,0.0235937494625,2.11475374747533,1.02952661340896,,0.0235937494625,1.09617509134114,
,,,0.023645832795,2.11475374747533,1.02947133702401,,0.023645832795,1.09617509134114,
,,,0.0236979161275,2.11475374747533,1.02941606063905,,0.0236979161275,1.09617509134114,
,,,0.02374999946,2.11475374747533,1.02947133702401,,0.02374999946,1.09617509134114,
,,,0.0238020827925,2.11475374747533,1.02941606063905,,0.0238020827925,1.09617509134114,
,,,0.023854166125,2.11475374747533,1.02941606063905,,0.023854166125,1.09617509134114,
,,,0.0239062494575,2.11475374747533,1.0293607842541,,0.0239062494575,1.09617509134114,
,,,0.02395833279,2.11508540570503,1.0293607842541,,0.02395833279,1.09617509134114,
,,,0.0240104161225,2.11475374747533,1.0293607842541,,0.0240104161225,1.09617509134114,
,,,0.024062499455,2.11508540570503,1.02930550786914,,0.024062499455,1.09617509134114,
,,,0.0241145827875,2.11508540570503,1.02925023148418,,0.0241145827875,1.09617509134114,
,,,0.02416666612,2.11508540570503,1.02925023148418,,0.02416666612,1.09617509134114,
,,,0.0242187494525,2.11508540570503,1.02925023148418,,0.0242187494525,1.09617509134114,
,,,0.024270832785,2.11475374747533,1.02925023148418,,0.024270832785,1.09617509134114,
,,,0.0243229161175,2.11508540570503,1.02919495509923,,0.0243229161175,1.09617509134114,
,,,0.02437499945,2.11508540570503,1.02913967871427,,0.02437499945,1.09617509134114,
,,,0.0244270827825,2.11508540570503,1.02913967871427,,0.0244270827825,1.09617509134114,
,,,0.024479166115,2.11508540570503,1.02908440232932,,0.024479166115,1.09617509134114,
,,,0.0245312494475,2.11508540570503,1.02908440232932,,0.0245312494475,1.09617509134114,
,,,0.02458333278,2.11508540570503,1.02908440232932,,0.02458333278,1.09617509134114,
,,,0.0246354161125,2.11541706393473,1.02902912594436,,0.0246354161125,1.09812821610831,
,,,0.024687499445,2.11508540570503,1.02902912594436,,0.024687499445,1.09617509134114,
,,,0.0247395827775,2.11541706393473,1.02902912594436,,0.0247395827775,1.09812821610831,
,,,0.02479166611,2.11541706393473,1.02897384955941,,0.02479166611,1.09812821610831,
,,,0.0248437494425,2.11541706393473,1.02897384955941,,0.0248437494425,1.09812821610831,
,,,0.024895832775,2.11541706393473,1.02891857317445,,0.024895832775,1.09812821610831,
,,,0.0249479161075,2.11541706393473,1.02891857317445,,0.0249479161075,1.09812821610831,
,,,0.02499999944,2.11508540570503,1.0288632967895,,0.02499999944,1.09617509134114,
,,,0.0250520827725,2.11541706393473,1.02880802040454,,0.0250520827725,1.09812821610831,
,,,0.025104166105,2.11541706393473,1.02880802040454,,0.025104166105,1.09812821610831,
,,,0.0251562494375,2.11541706393473,1.02875274401958,,0.0251562494375,1.09812821610831,
,,,0.02520833277,2.11541706393473,1.02875274401958,,0.02520833277,1.09812821610831,
,,,0.0252604161025,2.11541706393473,1.02869746763463,,0.0252604161025,1.09812821610831,
,,,0.025312499435,2.11541706393473,1.02869746763463,,0.025312499435,1.09812821610831,
,,,0.0253645827675,2.11541706393473,1.02864219124967,,0.0253645827675,1.09812821610831,
,,,0.0254166661,2.11541706393473,1.02864219124967,,0.0254166661,1.09812821610831,
,,,0.0254687494325,2.11574872216443,1.02864219124967,,0.0254687494325,1.09812821610831,
,,,0.025520832765,2.11541706393473,1.02858691486472,,0.025520832765,1.09812821610831,
,,,0.0255729160975,2.11541706393473,1.02853163847976,,0.0255729160975,1.09812821610831,
,,,0.02562499943,2.11574872216443,1.02853163847976,,0.02562499943,1.09812821610831,
,,,0.0256770827625,2.11574872216443,1.02853163847976,,0.0256770827625,1.09812821610831,
,,,0.025729166095,2.11574872216443,1.02847636209481,,0.025729166095,1.09812821610831,
,,,0.0257812494275,2.11541706393473,1.02847636209481,,0.0257812494275,1.09812821610831,
,,,0.02583333276,2.11574872216443,1.02842108570985,,0.02583333276,1.09812821610831,
,,,0.0258854160925,2.11574872216443,1.0283658093249,,0.0258854160925,1.09812821610831,
,,,0.025937499425,2.11574872216443,1.0283658093249,,0.025937499425,1.09812821610831,
,,,0.0259895827575,2.11574872216443,1.0283658093249,,0.0259895827575,1.09812821610831,
,,,0.02604166609,2.11574872216443,1.02831053293994,,0.02604166609,1.09812821610831,
,,,0.0260937494225,2.11574872216443,1.02831053293994,,0.0260937494225,1.09812821610831,
,,,0.026145832755,2.11574872216443,1.02825525655498,,0.026145832755,1.09812821610831,
,,,0.0261979160875,2.11574872216443,1.02825525655498,,0.0261979160875,1.09812821610831,
,,,0.02624999942,2.11608038039412,1.02825525655498,,0.02624999942,1.09812821610831,
,,,0.0263020827525,2.11574872216443,1.02819998017003,,0.0263020827525,1.09812821610831,
,,,0.026354166085,2.11574872216443,1.02814470378507,,0.026354166085,1.09812821610831,
,,,0.0264062494175,2.11574872216443,1.02814470378507,,0.0264062494175,1.09812821610831,
,,,0.02645833275,2.11608038039412,1.02814470378507,,0.02645833275,1.09812821610831,
,,,0.0265104160825,2.11574872216443,1.02808942740012,,0.0265104160825,1.09812821610831,
,,,0.026562499415,2.11608038039412,1.02808942740012,,0.026562499415,1.09812821610831,
,,,0.0266145827475,2.11608038039412,1.02803415101516,,0.0266145827475,1.09812821610831,
,,,0.02666666608,2.11608038039412,1.02803415101516,,0.02666666608,1.09812821610831,
,,,0.0267187494125,2.11608038039412,1.02803415101516,,0.0267187494125,1.09812821610831,
,,,0.026770832745,2.11574872216443,1.02803415101516,,0.026770832745,1.09812821610831,
,,,0.0268229160775,2.11608038039412,1.02797887463021,,0.0268229160775,1.09812821610831,
,,,0.02687499941,2.11608038039412,1.02797887463021,,0.02687499941,1.09812821610831,
,,,0.0269270827425,2.11608038039412,1.02792359824525,,0.0269270827425,1.09812821610831,
,,,0.026979166075,2.11574872216443,1.02792359824525,,0.026979166075,1.09812821610831,
,,,0.0270312494075,2.11574872216443,1.0278683218603,,0.0270312494075,1.09812821610831,
,,,0.02708333274,2.11574872216443,1.02781304547534,,0.02708333274,1.09812821610831,
,,,0.0271354160725,2.11608038039412,1.02781304547534,,0.0271354160725,1.10008134087548,
,,,0.027187499405,2.11608038039412,1.02775776909039,,0.027187499405,1.10008134087548,
,,,0.0272395827375,2.11608038039412,1.02775776909039,,0.0272395827375,1.10008134087548,
,,,0.02729166607,2.11608038039412,1.02775776909039,,0.02729166607,1.10008134087548,
,,,0.0273437494025,2.11608038039412,1.02775776909039,,0.0273437494025,1.10008134087548,
,,,0.027395832735,2.11608038039412,1.02775776909039,,0.027395832735,1.10008134087548,
,,,0.0274479160675,2.11608038039412,1.02770249270543,,0.0274479160675,1.10008134087548,
,,,0.0274999994,2.11608038039412,1.02770249270543,,0.0274999994,1.10008134087548,
,,,0.0275520827325,2.11608038039412,1.02764721632047,,0.0275520827325,1.10008134087548,
,,,0.027604166065,2.11608038039412,1.02764721632047,,0.027604166065,1.10008134087548,
,,,0.0276562493975,2.11608038039412,1.02759193993552,,0.0276562493975,1.10008134087548,
,,,0.02770833273,2.11608038039412,1.02753666355056,,0.02770833273,1.10008134087548,
,,,0.0277604160625,2.11608038039412,1.02759193993552,,0.0277604160625,1.10008134087548,
,,,0.027812499395,2.11608038039412,1.02753666355056,,0.027812499395,1.10008134087548,
,,,0.0278645827275,2.11608038039412,1.02753666355056,,0.0278645827275,1.10008134087548,
,,,0.02791666606,2.11641203862382,1.02748138716561,,0.02791666606,1.10008134087548,
,,,0.0279687493925,2.11608038039412,1.02748138716561,,0.0279687493925,1.10008134087548,
,,,0.028020832725,2.11608038039412,1.02748138716561,,0.028020832725,1.10008134087548,
,,,0.0280729160575,2.11608038039412,1.02742611078065,,0.0280729160575,1.10008134087548,
,,,0.02812499939,2.11608038039412,1.0273708343957,,0.02812499939,1.10008134087548,
,,,0.0281770827225,2.11608038039412,1.0273708343957,,0.0281770827225,1.10008134087548,
,,,0.028229166055,2.11608038039412,1.0273708343957,,0.028229166055,1.10008134087548,
,,,0.0282812493875,2.11608038039412,1.02731555801074,,0.0282812493875,1.10008134087548,
,,,0.02833333272,2.11641203862382,1.02731555801074,,0.02833333272,1.10008134087548,
,,,0.0283854160525,2.11608038039412,1.02731555801074,,0.0283854160525,1.10008134087548,
,,,0.028437499385,2.11641203862382,1.02726028162579,,0.028437499385,1.10008134087548,
,,,0.0284895827175,2.11641203862382,1.02726028162579,,0.0284895827175,1.10008134087548,
,,,0.02854166605,2.11641203862382,1.02726028162579,,0.02854166605,1.10008134087548,
,,,0.0285937493825,2.11641203862382,1.02714972885587,,0.0285937493825,1.10008134087548,
,,,0.028645832715,2.11641203862382,1.02714972885587,,0.028645832715,1.10008134087548,
,,,0.0286979160475,2.11641203862382,1.02709445247092,,0.0286979160475,1.10008134087548,
,,,0.02874999938,2.11641203862382,1.02703917608596,,0.02874999938,1.10008134087548,
,,,0.0288020827125,2.11641203862382,1.02703917608596,,0.0288020827125,1.10008134087548,
,,,0.028854166045,2.11641203862382,1.02698389970101,,0.028854166045,1.10008134087548,
,,,0.0289062493775,2.02387939253822,0.906481380498008,,0.0289062493775,1.12547196284868,
,,,0.02895833271,1.95489448076114,0.882878364122007,,0.02895833271,1.08055009320378,
,,,0.0290104160425,1.60831163072726,0.882878364122007,,0.0290104160425,0.736800134181976,
,,,0.029062499375,1.32706545194378,0.882878364122007,,0.029062499375,0.459456417243928,
,,,0.0291145827075,1.32607047725469,0.882878364122007,,0.0291145827075,0.457503292476758,
,,,0.02916666604,1.32607047725469,0.882878364122007,,0.02916666604,0.457503292476758,
,,,0.0292187493725,1.32607047725469,0.882878364122007,,0.0292187493725,0.457503292476758,
,,,0.029270832705,1.32607047725469,0.882878364122007,,0.029270832705,0.457503292476758,
,,,0.0293229160375,1.32607047725469,0.882878364122007,,0.0293229160375,0.457503292476758,
,,,0.02937499937,1.32607047725469,0.882878364122007,,0.02937499937,0.457503292476758,
,,,0.0294270827025,1.32607047725469,0.882878364122007,,0.0294270827025,0.457503292476758,
,,,0.029479166035,1.32607047725469,0.882878364122007,,0.029479166035,0.457503292476758,
,,,0.0295312493675,1.32607047725469,0.882878364122007,,0.0295312493675,0.457503292476758,
,,,0.0295833327,1.32607047725469,0.882878364122007,,0.0295833327,0.457503292476758,
,,,0.0296354160325,1.32607047725469,0.882878364122007,,0.0296354160325,0.457503292476758,
,,,0.029687499365,1.32607047725469,0.882878364122007,,0.029687499365,0.457503292476758,
,,,0.0297395826975,1.32607047725469,0.882878364122007,,0.0297395826975,0.457503292476758,
,,,0.02979166603,1.32607047725469,0.882878364122007,,0.02979166603,0.457503292476758,
,,,0.0298437493625,1.32607047725469,0.882878364122007,,0.0298437493625,0.457503292476758,
,,,0.029895832695,1.32607047725469,0.882878364122007,,0.029895832695,0.457503292476758,
,,,0.0299479160275,1.32607047725469,0.882878364122007,,0.0299479160275,0.457503292476758,
,,,0.02999999936,1.32607047725469,0.882878364122007,,0.02999999936,0.457503292476758,
,,,0.0300520826925,1.32607047725469,0.882878364122007,,0.0300520826925,0.457503292476758,
,,,0.030104166025,1.32607047725469,0.882878364122007,,0.030104166025,0.457503292476758,
,,,0.0301562493575,1.32607047725469,0.882878364122007,,0.0301562493575,0.457503292476758,
,,,0.03020833269,1.32607047725469,0.882878364122007,,0.03020833269,0.457503292476758,
,,,0.0302604160225,1.32607047725469,0.882878364122007,,0.0302604160225,0.457503292476758,
,,,0.030312499355,1.32607047725469,0.882878364122007,,0.030312499355,0.457503292476758,
,,,0.0303645826875,1.32607047725469,0.882878364122007,,0.0303645826875,0.457503292476758,
,,,0.03041666602,1.32607047725469,0.882878364122007,,0.03041666602,0.457503292476758,
,,,0.0304687493525,1.32607047725469,0.882878364122007,,0.0304687493525,0.457503292476758,
,,,0.030520832685,1.32607047725469,0.882878364122007,,0.030520832685,0.457503292476758,
,,,0.0305729160175,1.32607047725469,0.882878364122007,,0.0305729160175,0.457503292476758,
,,,0.03062499935,1.32607047725469,0.882878364122007,,0.03062499935,0.457503292476758,
,,,0.0306770826825,1.32607047725469,0.882878364122007,,0.0306770826825,0.457503292476758,
,,,0.030729166015,1.32607047725469,0.882878364122007,,0.030729166015,0.457503292476758,
,,,0.0307812493475,1.32607047725469,0.882878364122007,,0.0307812493475,0.457503292476758,
,,,0.03083333268,1.32607047725469,0.882878364122007,,0.03083333268,0.457503292476758,
,,,0.0308854160125,1.32607047725469,0.882878364122007,,0.0308854160125,0.457503292476758,
,,,0.030937499345,1.32607047725469,0.882878364122007,,0.030937499345,0.457503292476758,
,,,0.0309895826775,1.32607047725469,0.882878364122007,,0.0309895826775,0.457503292476758,
,,,0.03104166601,1.32607047725469,0.882878364122007,,0.03104166601,0.457503292476758,
,,,0.0310937493425,1.32607047725469,0.882878364122007,,0.0310937493425,0.457503292476758,
,,,0.031145832675,1.32607047725469,0.882878364122007,,0.031145832675,0.457503292476758,
,,,0.0311979160075,1.32607047725469,0.882878364122007,,0.0311979160075,0.457503292476758,
,,,0.03124999934,1.32607047725469,0.882878364122007,,0.03124999934,0.457503292476758,
,,,0.0313020826725,1.32607047725469,0.882878364122007,,0.0313020826725,0.457503292476758,
,,,0.031354166005,1.32607047725469,0.882878364122007,,0.031354166005,0.457503292476758,
,,,0.0314062493375,1.32607047725469,0.882878364122007,,0.0314062493375,0.457503292476758,
,,,0.03145833267,1.32607047725469,0.882878364122007,,0.03145833267,0.457503292476758,
,,,0.0315104160025,1.32607047725469,0.882878364122007,,0.0315104160025,0.457503292476758,
,,,0.031562499335,1.32607047725469,0.882878364122007,,0.031562499335,0.457503292476758,
,,,0.0316145826675,1.32607047725469,0.882878364122007,,0.0316145826675,0.457503292476758,
,,,0.031666666,1.32607047725469,0.882878364122007,,0.031666666,0.457503292476758,
,,,0.0317187493325,1.32607047725469,0.882878364122007,,0.0317187493325,0.457503292476758,
,,,0.031770832665,1.32607047725469,0.882878364122007,,0.031770832665,0.457503292476758,
,,,0.0318229159975,1.32607047725469,0.882878364122007,,0.0318229159975,0.457503292476758,
,,,0.03187499933,1.32607047725469,0.882878364122007,,0.03187499933,0.457503292476758,
,,,0.0319270826625,1.32607047725469,0.882878364122007,,0.0319270826625,0.457503292476758,
,,,0.031979165995,1.32607047725469,0.882878364122007,,0.031979165995,0.457503292476758,
,,,0.0320312493275,1.32607047725469,0.882878364122007,,0.0320312493275,0.457503292476758,
,,,0.03208333266,1.32607047725469,0.882878364122007,,0.03208333266,0.457503292476758,
,,,0.0321354159925,1.32607047725469,0.882878364122007,,0.0321354159925,0.457503292476758,
,,,0.032187499325,1.32607047725469,0.882878364122007,,0.032187499325,0.457503292476758,
,,,0.0322395826575,1.32607047725469,0.882878364122007,,0.0322395826575,0.457503292476758,
,,,0.03229166599,1.32607047725469,0.882878364122007,,0.03229166599,0.457503292476758,
,,,0.0323437493225,1.32607047725469,0.882878364122007,,0.0323437493225,0.457503292476758,
,,,0.032395832655,1.32607047725469,0.882878364122007,,0.032395832655,0.457503292476758,
,,,0.0324479159875,1.32607047725469,0.882878364122007,,0.0324479159875,0.457503292476758,
,,,0.03249999932,1.32607047725469,0.882878364122007,,0.03249999932,0.457503292476758,
,,,0.0325520826525,1.32607047725469,0.882878364122007,,0.0325520826525,0.457503292476758,
,,,0.032604165985,1.32607047725469,0.882878364122007,,0.032604165985,0.457503292476758,
,,,0.0326562493175,1.32607047725469,0.882878364122007,,0.0326562493175,0.457503292476758,
,,,0.03270833265,1.32607047725469,0.882878364122007,,0.03270833265,0.457503292476758,
,,,0.0327604159825,1.32607047725469,0.882878364122007,,0.0327604159825,0.457503292476758,
,,,0.032812499315,1.32607047725469,0.882878364122007,,0.032812499315,0.457503292476758,
,,,0.0328645826475,1.32607047725469,0.882878364122007,,0.0328645826475,0.457503292476758,
,,,0.03291666598,1.32607047725469,0.882878364122007,,0.03291666598,0.457503292476758,
,,,0.0329687493125,1.32607047725469,0.882878364122007,,0.0329687493125,0.457503292476758,
,,,0.033020832645,1.32607047725469,0.882878364122007,,0.033020832645,0.457503292476758,
,,,0.0330729159775,1.32607047725469,0.882878364122007,,0.0330729159775,0.457503292476758,
,,,0.03312499931,1.32607047725469,0.882878364122007,,0.03312499931,0.457503292476758,
,,,0.0331770826425,1.32607047725469,0.882878364122007,,0.0331770826425,0.457503292476758,
,,,0.033229165975,1.32607047725469,0.882878364122007,,0.033229165975,0.457503292476758,
,,,0.0332812493075,1.32607047725469,0.882878364122007,,0.0332812493075,0.457503292476758,
,,,0.03333333264,1.32607047725469,0.882878364122007,,0.03333333264,0.457503292476758,
,,,0.0333854159725,1.32607047725469,0.882878364122007,,0.0333854159725,0.457503292476758,
,,,0.033437499305,1.32607047725469,0.882878364122007,,0.033437499305,0.457503292476758,
,,,0.0334895826375,1.32607047725469,0.882878364122007,,0.0334895826375,0.457503292476758,
,,,0.03354166597,1.32607047725469,0.882878364122007,,0.03354166597,0.457503292476758,
,,,0.0335937493025,1.32607047725469,0.882878364122007,,0.0335937493025,0.457503292476758,
,,,0.033645832635,1.32607047725469,0.882878364122007,,0.033645832635,0.457503292476758,
,,,0.0336979159675,1.32607047725469,0.882878364122007,,0.0336979159675,0.457503292476758,
,,,0.0337499993,1.32607047725469,0.882878364122007,,0.0337499993,0.457503292476758,
,,,0.0338020826325,1.32607047725469,0.882878364122007,,0.0338020826325,0.457503292476758,
,,,0.033854165965,1.32607047725469,0.882878364122007,,0.033854165965,0.457503292476758,
,,,0.0339062492975,1.32607047725469,0.882878364122007,,0.0339062492975,0.457503292476758,
,,,0.03395833263,1.32607047725469,0.882878364122007,,0.03395833263,0.457503292476758,
,,,0.0340104159625,1.32607047725469,0.882878364122007,,0.0340104159625,0.457503292476758,
,,,0.034062499295,1.32607047725469,0.882878364122007,,0.034062499295,0.457503292476758,
,,,0.0341145826275,1.32607047725469,0.882878364122007,,0.0341145826275,0.457503292476758,
,,,0.03416666596,1.32607047725469,0.882878364122007,,0.03416666596,0.457503292476758,
,,,0.0342187492925,1.32607047725469,0.882878364122007,,0.0342187492925,0.457503292476758,
,,,0.034270832625,1.32607047725469,0.882878364122007,,0.034270832625,0.457503292476758,
,,,0.0343229159575,1.32607047725469,0.882878364122007,,0.0343229159575,0.457503292476758,
,,,0.03437499929,1.32607047725469,0.882878364122007,,0.03437499929,0.457503292476758,
,,,0.0344270826225,1.32607047725469,0.882878364122007,,0.0344270826225,0.457503292476758,
,,,0.034479165955,1.32607047725469,0.882878364122007,,0.034479165955,0.457503292476758,
,,,0.0345312492875,1.32607047725469,0.882878364122007,,0.0345312492875,0.457503292476758,
,,,0.03458333262,1.32607047725469,0.882878364122007,,0.03458333262,0.457503292476758,
,,,0.0346354159525,1.32607047725469,0.882878364122007,,0.0346354159525,0.457503292476758,
,,,0.034687499285,1.32607047725469,0.882878364122007,,0.034687499285,0.457503292476758,
,,,0.0347395826175,1.32607047725469,0.882878364122007,,0.0347395826175,0.457503292476758,
,,,0.03479166595,1.32607047725469,0.882878364122007,,0.03479166595,0.457503292476758,
,,,0.0348437492825,1.32607047725469,0.882878364122007,,0.0348437492825,0.457503292476758,
,,,0.034895832615,1.32607047725469,0.882878364122007,,0.034895832615,0.457503292476758,
,,,0.0349479159475,1.32607047725469,0.882878364122007,,0.0349479159475,0.457503292476758,
,,,0.03499999928,1.32607047725469,0.882878364122007,,0.03499999928,0.457503292476758,
,,,0.0350520826125,1.32607047725469,0.882878364122007,,0.0350520826125,0.457503292476758,
,,,0.035104165945,1.32607047725469,0.882878364122007,,0.035104165945,0.457503292476758,
,,,0.0351562492775,1.32607047725469,0.882878364122007,,0.0351562492775,0.457503292476758,
,,,0.03520833261,1.32607047725469,0.882878364122007,,0.03520833261,0.457503292476758,
,,,0.0352604159425,1.32607047725469,0.882878364122007,,0.0352604159425,0.457503292476758,
,,,0.035312499275,1.32607047725469,0.882878364122007,,0.035312499275,0.457503292476758,
,,,0.0353645826075,1.32607047725469,0.882878364122007,,0.0353645826075,0.457503292476758,
,,,0.03541666594,1.32607047725469,0.882878364122007,,0.03541666594,0.457503292476758,
,,,0.0354687492725,1.32607047725469,0.882878364122007,,0.0354687492725,0.457503292476758,
,,,0.035520832605,1.32607047725469,0.882878364122007,,0.035520832605,0.457503292476758,
,,,0.0355729159375,1.32607047725469,0.882878364122007,,0.0355729159375,0.457503292476758,
,,,0.03562499927,1.32607047725469,0.882878364122007,,0.03562499927,0.457503292476758,
,,,0.0356770826025,1.32607047725469,0.882878364122007,,0.0356770826025,0.457503292476758,
,,,0.035729165935,1.32607047725469,0.882878364122007,,0.035729165935,0.457503292476758,
,,,0.0357812492675,1.32607047725469,0.882878364122007,,0.0357812492675,0.457503292476758,
,,,0.0358333326,1.32607047725469,0.882878364122007,,0.0358333326,0.457503292476758,
,,,0.0358854159325,1.32607047725469,0.882878364122007,,0.0358854159325,0.457503292476758,
,,,0.035937499265,1.32607047725469,0.882878364122007,,0.035937499265,0.457503292476758,
,,,0.0359895825975,1.32607047725469,0.882878364122007,,0.0359895825975,0.457503292476758,
,,,0.03604166593,1.32607047725469,0.882878364122007,,0.03604166593,0.457503292476758,
,,,0.0360937492625,1.32607047725469,0.882878364122007,,0.0360937492625,0.457503292476758,
,,,0.036145832595,1.32607047725469,0.882878364122007,,0.036145832595,0.457503292476758,
,,,0.0361979159275,1.32607047725469,0.882878364122007,,0.0361979159275,0.457503292476758,
,,,0.03624999926,1.32607047725469,0.882878364122007,,0.03624999926,0.457503292476758,
,,,0.0363020825925,1.32607047725469,0.882878364122007,,0.0363020825925,0.457503292476758,
,,,0.036354165925,1.32607047725469,0.882878364122007,,0.036354165925,0.457503292476758,
,,,0.0364062492575,1.32607047725469,0.882878364122007,,0.0364062492575,0.457503292476758,
,,,0.03645833259,1.32607047725469,0.882878364122007,,0.03645833259,0.457503292476758,
,,,0.0365104159225,1.32607047725469,0.882878364122007,,0.0365104159225,0.457503292476758,
,,,0.036562499255,1.32607047725469,0.882878364122007,,0.036562499255,0.457503292476758,
,,,0.0366145825875,1.32607047725469,0.882878364122007,,0.0366145825875,0.457503292476758,
,,,0.03666666592,1.32607047725469,0.882878364122007,,0.03666666592,0.457503292476758,
,,,0.0367187492525,1.32607047725469,0.882878364122007,,0.0367187492525,0.457503292476758,
,,,0.036770832585,1.32607047725469,0.882878364122007,,0.036770832585,0.457503292476758,
,,,0.0368229159175,1.32607047725469,0.882878364122007,,0.0368229159175,0.457503292476758,
,,,0.03687499925,1.32607047725469,0.882878364122007,,0.03687499925,0.457503292476758,
,,,0.0369270825825,1.32607047725469,0.882878364122007,,0.0369270825825,0.457503292476758,
,,,0.036979165915,1.32607047725469,0.882878364122007,,0.036979165915,0.457503292476758,
,,,0.0370312492475,1.32607047725469,0.882878364122007,,0.0370312492475,0.457503292476758,
,,,0.03708333258,1.32607047725469,0.882878364122007,,0.03708333258,0.457503292476758,
,,,0.0371354159125,1.32607047725469,0.882878364122007,,0.0371354159125,0.457503292476758,
,,,0.037187499245,1.32607047725469,0.882878364122007,,0.037187499245,0.457503292476758,
,,,0.0372395825775,1.32607047725469,0.882878364122007,,0.0372395825775,0.457503292476758,
,,,0.03729166591,1.32607047725469,0.882878364122007,,0.03729166591,0.457503292476758,
,,,0.0373437492425,1.32607047725469,0.882878364122007,,0.0373437492425,0.457503292476758,
,,,0.037395832575,1.32607047725469,0.882878364122007,,0.037395832575,0.457503292476758,
,,,0.0374479159075,1.32607047725469,0.882878364122007,,0.0374479159075,0.457503292476758,
,,,0.03749999924,1.32607047725469,0.882878364122007,,0.03749999924,0.457503292476758,
,,,0.0375520825725,1.32607047725469,0.882878364122007,,0.0375520825725,0.457503292476758,
,,,0.037604165905,1.32607047725469,0.882878364122007,,0.037604165905,0.457503292476758,
,,,0.0376562492375,1.32607047725469,0.882878364122007,,0.0376562492375,0.457503292476758,
,,,0.03770833257,1.32607047725469,0.882878364122007,,0.03770833257,0.457503292476758,
,,,0.0377604159025,1.32607047725469,0.882878364122007,,0.0377604159025,0.457503292476758,
,,,0.037812499235,1.32607047725469,0.882878364122007,,0.037812499235,0.457503292476758,
,,,0.0378645825675,1.32607047725469,0.882878364122007,,0.0378645825675,0.457503292476758,
,,,0.0379166659,1.32607047725469,0.882878364122007,,0.0379166659,0.457503292476758,
,,,0.0379687492325,1.32607047725469,0.882878364122007,,0.0379687492325,0.457503292476758,
,,,0.038020832565,1.32607047725469,0.882878364122007,,0.038020832565,0.457503292476758,
,,,0.0380729158975,1.32607047725469,0.882878364122007,,0.0380729158975,0.457503292476758,
,,,0.03812499923,1.32607047725469,0.882878364122007,,0.03812499923,0.457503292476758,
,,,0.0381770825625,1.32607047725469,0.882878364122007,,0.0381770825625,0.457503292476758,
,,,0.038229165895,1.32607047725469,0.882878364122007,,0.038229165895,0.457503292476758,
,,,0.0382812492275,1.32607047725469,0.882878364122007,,0.0382812492275,0.457503292476758,
,,,0.03833333256,1.32607047725469,0.882878364122007,,0.03833333256,0.457503292476758,
,,,0.0383854158925,1.32607047725469,0.882878364122007,,0.0383854158925,0.457503292476758,
,,,0.038437499225,1.32607047725469,0.882878364122007,,0.038437499225,0.457503292476758,
,,,0.0384895825575,1.32607047725469,0.882878364122007,,0.0384895825575,0.457503292476758,
,,,0.03854166589,1.32607047725469,0.882878364122007,,0.03854166589,0.457503292476758,
,,,0.0385937492225,1.32607047725469,0.882878364122007,,0.0385937492225,0.457503292476758,
,,,0.038645832555,1.32607047725469,0.882878364122007,,0.038645832555,0.457503292476758,
,,,0.0386979158875,1.32607047725469,0.882878364122007,,0.0386979158875,0.457503292476758,
,,,0.03874999922,1.32607047725469,0.882878364122007,,0.03874999922,0.457503292476758,
,,,0.0388020825525,1.32607047725469,0.882878364122007,,0.0388020825525,0.457503292476758,
,,,0.038854165885,1.32607047725469,0.882878364122007,,0.038854165885,0.457503292476758,
,,,0.0389062492175,1.32607047725469,0.882878364122007,,0.0389062492175,0.457503292476758,
,,,0.03895833255,1.32607047725469,0.882878364122007,,0.03895833255,0.457503292476758,
,,,0.0390104158825,1.32607047725469,0.882878364122007,,0.0390104158825,0.457503292476758,
,,,0.039062499215,1.32607047725469,0.882878364122007,,0.039062499215,0.457503292476758,
,,,0.0391145825475,1.32607047725469,0.882878364122007,,0.0391145825475,0.457503292476758,
,,,0.03916666588,1.32607047725469,0.882878364122007,,0.03916666588,0.457503292476758,
,,,0.0392187492125,1.32607047725469,0.882878364122007,,0.0392187492125,0.457503292476758,
,,,0.039270832545,1.32607047725469,0.882878364122007,,0.039270832545,0.457503292476758,
,,,0.0393229158775,1.32607047725469,0.882878364122007,,0.0393229158775,0.457503292476758,
,,,0.03937499921,1.32607047725469,0.882878364122007,,0.03937499921,0.457503292476758,
,,,0.0394270825425,1.32607047725469,0.882878364122007,,0.0394270825425,0.457503292476758,
,,,0.039479165875,1.32607047725469,0.882878364122007,,0.039479165875,0.457503292476758,
,,,0.0395312492075,1.32607047725469,0.882878364122007,,0.0395312492075,0.457503292476758,
,,,0.03958333254,1.32607047725469,0.882878364122007,,0.03958333254,0.457503292476758,
,,,0.0396354158725,1.32607047725469,0.882878364122007,,0.0396354158725,0.457503292476758,
,,,0.039687499205,1.32607047725469,0.882878364122007,,0.039687499205,0.457503292476758,
,,,0.0397395825375,1.32607047725469,0.882878364122007,,0.0397395825375,0.457503292476758,
,,,0.03979166587,1.32607047725469,0.882878364122007,,0.03979166587,0.457503292476758,
,,,0.0398437492025,1.32607047725469,0.882878364122007,,0.0398437492025,0.457503292476758,
,,,0.039895832535,1.32607047725469,0.882878364122007,,0.039895832535,0.457503292476758,
,,,0.0399479158675,1.32607047725469,0.882878364122007,,0.0399479158675,0.457503292476758,
