Address:,USB0::0x0957::0x179B::MY59127596::0::INSTR,,Analog Channels,,,
Model:,DSO-X 2002A,,Time (s),1 (VOLT),2 (VOLT),
Serial Number:,MY59127596,,-0.05,0.00537057034671307,-0.0764472633600235,
Firmware Version:,02.50.2019022736,,-0.0498992,-0.0147299319505692,-0.036648266017437,
Start Time:,2024-01-15 11:42:32.163,,-0.0497984,-0.0147299319505692,-0.036648266017437,
,,,-0.0496976,-0.0348304342478514,-0.0233819335699081,
,,,-0.0495968,-0.0348304342478514,-0.0233819335699081,
,,,-0.049496,-0.0549309365451336,-0.0233819335699081,
,,,-0.0493952,-0.0549309365451336,-0.0233819335699081,
,,,-0.0492944,-0.0750314388424158,-0.0631809309124947,
,,,-0.0491936,-0.095131941139698,-0.036648266017437,
,,,-0.0490928,-0.11523244343698,-0.0499145984649658,
,,,-0.048992,-0.135332945734262,-0.036648266017437,
,,,-0.0488912,-0.135332945734262,-0.036648266017437,
,,,-0.0487904,-0.155433448031545,-0.0499145984649658,
,,,-0.0486896,-0.155433448031545,-0.0499145984649658,
,,,-0.0485888,-0.175533950328827,-0.0499145984649658,
,,,-0.048488,-0.195634452626109,-0.0233819335699081,
,,,-0.0483872,-0.195634452626109,-0.036648266017437,
,,,-0.0482864,-0.215734954923391,-0.0233819335699081,
,,,-0.0481856,-0.215734954923391,-0.0233819335699081,
,,,-0.0480848,-0.235835457220674,-0.0499145984649658,
,,,-0.047984,-0.235835457220674,-0.036648266017437,
,,,-0.0478832,-0.255935959517956,-0.0233819335699081,
,,,-0.0477824,-0.255935959517956,-0.036648266017437,
,,,-0.0476816,-0.276036461815238,-0.0499145984649658,
,,,-0.0475808,-0.29613696411252,-0.0499145984649658,
,,,-0.04748,-0.29613696411252,-0.0233819335699081,
,,,-0.0473792,-0.316237466409802,-0.0233819335699081,
,,,-0.0472784,-0.29613696411252,-0.0233819335699081,
,,,-0.0471776,-0.336337968707085,-0.0233819335699081,
,,,-0.0470768,-0.356438471004367,-0.036648266017437,
,,,-0.046976,-0.356438471004367,0.00315073132514954,
,,,-0.0468752,-0.356438471004367,-0.036648266017437,
,,,-0.0467744,-0.356438471004367,-0.0101156011223793,
,,,-0.0466736,-0.356438471004367,-0.0233819335699081,
,,,-0.0465728,-0.396639475598931,0.0164170637726784,
,,,-0.046472,-0.396639475598931,0.00315073132514954,
,,,-0.0463712,-0.396639475598931,0.0296833962202072,
,,,-0.0462704,-0.416739977896214,0.0562160611152649,
,,,-0.0461696,-0.396639475598931,0.0827487260103226,
,,,-0.0460688,-0.416739977896214,0.122547723352909,
,,,-0.045968,-0.416739977896214,0.149080388247967,
,,,-0.0458672,-0.416739977896214,0.188879385590553,
,,,-0.0457664,-0.416739977896214,0.295010045170784,
,,,-0.0456656,-0.456940982490778,0.401140704751015,
,,,-0.0455648,-0.436840480193496,0.507271364331245,
,,,-0.045464,-0.456940982490778,0.693000018596649,
,,,-0.0453632,-0.436840480193496,0.785864345729351,
,,,-0.0452624,-0.456940982490778,0.865462340414524,
,,,-0.0451616,-0.456940982490778,0.878728672862053,
,,,-0.0450608,-0.456940982490778,0.812397010624409,
,,,-0.04496,-0.436840480193496,0.772598013281822,
,,,-0.0448592,-0.436840480193496,0.719532683491707,
,,,-0.0447584,-0.436840480193496,0.653201021254063,
,,,-0.0446576,-0.456940982490778,0.507271364331245,
,,,-0.0445568,-0.456940982490778,0.440939702093601,
,,,-0.044456,-0.436840480193496,0.374608039855957,
,,,-0.0443552,-0.436840480193496,0.241944715380669,
,,,-0.0442544,-0.436840480193496,0.135814055800438,
,,,-0.0441536,-0.436840480193496,0.0429497286677361,
,,,-0.0440528,-0.436840480193496,-0.0631809309124947,
,,,-0.043952,-0.456940982490778,-0.142778925597668,
,,,-0.0438512,-0.456940982490778,-0.195844255387783,
,,,-0.0437504,-0.436840480193496,-0.288708582520485,
,,,-0.0436496,-0.436840480193496,-0.381572909653187,
,,,-0.0435488,-0.416739977896214,-0.421371906995773,
,,,-0.043448,-0.436840480193496,-0.447904571890831,
,,,-0.0433472,-0.436840480193496,-0.487703569233418,
,,,-0.0432464,-0.416739977896214,-0.474437236785889,
,,,-0.0431456,-0.416739977896214,-0.514236234128475,
,,,-0.0430448,-0.416739977896214,-0.527502566576004,
,,,-0.042944,-0.416739977896214,-0.527502566576004,
,,,-0.0428432,-0.396639475598931,-0.540768899023533,
,,,-0.0427424,-0.396639475598931,-0.487703569233418,
,,,-0.0426416,-0.396639475598931,-0.500969901680946,
,,,-0.0425408,-0.376538973301649,-0.474437236785889,
,,,-0.04244,-0.376538973301649,-0.434638239443302,
,,,-0.0423392,-0.336337968707085,-0.381572909653187,
,,,-0.0422384,-0.336337968707085,-0.3417739123106,
,,,-0.0421376,-0.336337968707085,-0.328507579863071,
,,,-0.0420368,-0.29613696411252,-0.301974914968014,
,,,-0.041936,-0.29613696411252,-0.288708582520485,
,,,-0.0418352,-0.276036461815238,-0.288708582520485,
,,,-0.0417344,-0.276036461815238,-0.222376920282841,
,,,-0.0416336,-0.255935959517956,-0.23564325273037,
,,,-0.0415328,-0.235835457220674,-0.195844255387783,
,,,-0.041432,-0.235835457220674,-0.209110587835312,
,,,-0.0413312,-0.235835457220674,-0.169311590492725,
,,,-0.0412304,-0.215734954923391,-0.142778925597668,
,,,-0.0411296,-0.215734954923391,-0.11624626070261,
,,,-0.0410288,-0.175533950328827,-0.11624626070261,
,,,-0.040928,-0.175533950328827,-0.11624626070261,
,,,-0.0408272,-0.155433448031545,-0.11624626070261,
,,,-0.0407264,-0.155433448031545,-0.11624626070261,
,,,-0.0406256,-0.135332945734262,-0.102979928255081,
,,,-0.0405248,-0.11523244343698,-0.102979928255081,
,,,-0.040424,-0.11523244343698,-0.102979928255081,
,,,-0.0403232,-0.11523244343698,-0.0631809309124947,
,,,-0.0402224,-0.0750314388424158,-0.0631809309124947,
,,,-0.0401216,-0.0750314388424158,-0.0631809309124947,
,,,-0.0400208,-0.0549309365451336,-0.0764472633600235,
,,,-0.03992,-0.0348304342478514,-0.036648266017437,
,,,-0.0398192,-0.0348304342478514,-0.0499145984649658,
,,,-0.0397184,-0.0348304342478514,-0.0764472633600235,
,,,-0.0396176,-0.0147299319505692,-0.0499145984649658,
,,,-0.0395168,0.00537057034671307,-0.0631809309124947,
,,,-0.039416,0.0254710726439953,-0.036648266017437,
,,,-0.0393152,0.0254710726439953,-0.0499145984649658,
,,,-0.0392144,0.0455715749412775,-0.0233819335699081,
,,,-0.0391136,0.0656720772385597,-0.0233819335699081,
,,,-0.0390128,0.0656720772385597,-0.0233819335699081,
,,,-0.038912,0.0656720772385597,-0.036648266017437,
,,,-0.0388112,0.0857725795358419,-0.0233819335699081,
,,,-0.0387104,0.105873081833124,-0.0499145984649658,
,,,-0.0386096,0.125973584130406,-0.036648266017437,
,,,-0.0385088,0.125973584130406,-0.036648266017437,
,,,-0.038408,0.146074086427689,-0.0499145984649658,
,,,-0.0383072,0.146074086427689,-0.036648266017437,
,,,-0.0382064,0.166174588724971,-0.036648266017437,
,,,-0.0381056,0.166174588724971,-0.0233819335699081,
,,,-0.0380048,0.186275091022253,-0.0233819335699081,
,,,-0.037904,0.206375593319535,-0.0233819335699081,
,,,-0.0378032,0.206375593319535,-0.0499145984649658,
,,,-0.0377024,0.2465765979141,-0.036648266017437,
,,,-0.0376016,0.226476095616817,-0.0233819335699081,
,,,-0.0375008,0.2465765979141,-0.0101156011223793,
,,,-0.0374,0.266677100211382,-0.0233819335699081,
,,,-0.0372992,0.266677100211382,-0.0101156011223793,
,,,-0.0371984,0.286777602508664,0.00315073132514954,
,,,-0.0370976,0.286777602508664,-0.0233819335699081,
,,,-0.0369968,0.286777602508664,-0.0233819335699081,
,,,-0.036896,0.306878104805946,-0.0101156011223793,
,,,-0.0367952,0.306878104805946,-0.036648266017437,
,,,-0.0366944,0.306878104805946,0.0164170637726784,
,,,-0.0365936,0.347079109400511,-0.0101156011223793,
,,,-0.0364928,0.326978607103229,0.0164170637726784,
,,,-0.036392,0.347079109400511,0.0429497286677361,
,,,-0.0362912,0.347079109400511,0.0827487260103226,
,,,-0.0361904,0.367179611697793,0.10928139090538,
,,,-0.0360896,0.367179611697793,0.162346720695496,
,,,-0.0359888,0.387280113995075,0.22867838293314,
,,,-0.035888,0.387280113995075,0.281743712723255,
,,,-0.0357872,0.387280113995075,0.387874372303486,
,,,-0.0356864,0.407380616292357,0.467472366988659,
,,,-0.0355856,0.407380616292357,0.547070361673832,
,,,-0.0354848,0.387280113995075,0.666467353701591,
,,,-0.035384,0.407380616292357,0.759331680834293,
,,,-0.0352832,0.387280113995075,0.785864345729351,
,,,-0.0351824,0.387280113995075,0.759331680834293,
,,,-0.0350816,0.387280113995075,0.693000018596649,
,,,-0.0349808,0.387280113995075,0.626668356359005,
,,,-0.03488,0.387280113995075,0.533804029226303,
,,,-0.0347792,0.387280113995075,0.414407037198544,
,,,-0.0346784,0.387280113995075,0.308276377618313,
,,,-0.0345776,0.387280113995075,0.188879385590553,
,,,-0.0344768,0.367179611697793,0.0562160611152649,
,,,-0.034376,0.387280113995075,-0.0233819335699081,
,,,-0.0342752,0.367179611697793,-0.102979928255081,
,,,-0.0341744,0.387280113995075,-0.182577922940254,
,,,-0.0340736,0.407380616292357,-0.23564325273037,
,,,-0.0339728,0.367179611697793,-0.248909585177898,
,,,-0.033872,0.387280113995075,-0.288708582520485,
,,,-0.0337712,0.387280113995075,-0.328507579863071,
,,,-0.0336704,0.387280113995075,-0.328507579863071,
,,,-0.0335696,0.367179611697793,-0.355040244758129,
,,,-0.0334688,0.387280113995075,-0.355040244758129,
,,,-0.033368,0.367179611697793,-0.355040244758129,
,,,-0.0332672,0.387280113995075,-0.355040244758129,
,,,-0.0331664,0.387280113995075,-0.3417739123106,
,,,-0.0330656,0.367179611697793,-0.355040244758129,
,,,-0.0329648,0.367179611697793,-0.328507579863071,
,,,-0.032864,0.367179611697793,-0.315241247415543,
,,,-0.0327632,0.326978607103229,-0.328507579863071,
,,,-0.0326624,0.347079109400511,-0.315241247415543,
,,,-0.0325616,0.326978607103229,-0.288708582520485,
,,,-0.0324608,0.326978607103229,-0.301974914968014,
,,,-0.03236,0.286777602508664,-0.275442250072956,
,,,-0.0322592,0.306878104805946,-0.248909585177898,
,,,-0.0321584,0.286777602508664,-0.222376920282841,
,,,-0.0320576,0.266677100211382,-0.195844255387783,
,,,-0.0319568,0.266677100211382,-0.182577922940254,
,,,-0.031856,0.2465765979141,-0.195844255387783,
,,,-0.0317552,0.226476095616817,-0.156045258045197,
,,,-0.0316544,0.226476095616817,-0.129512593150139,
,,,-0.0315536,0.206375593319535,-0.142778925597668,
,,,-0.0314528,0.206375593319535,-0.129512593150139,
,,,-0.031352,0.186275091022253,-0.11624626070261,
,,,-0.0312512,0.166174588724971,-0.129512593150139,
,,,-0.0311504,0.166174588724971,-0.0897135958075523,
,,,-0.0310496,0.125973584130406,-0.102979928255081,
,,,-0.0309488,0.146074086427689,-0.0764472633600235,
,,,-0.030848,0.105873081833124,-0.0897135958075523,
,,,-0.0307472,0.105873081833124,-0.0897135958075523,
,,,-0.0306464,0.0857725795358419,-0.0897135958075523,
,,,-0.0305456,0.0857725795358419,-0.0897135958075523,
,,,-0.0304448,0.0656720772385597,-0.0631809309124947,
,,,-0.030344,0.0656720772385597,-0.0499145984649658,
,,,-0.0302432,0.0455715749412775,-0.0233819335699081,
,,,-0.0301424,0.0254710726439953,-0.0631809309124947,
,,,-0.0300416,0.0254710726439953,-0.0631809309124947,
,,,-0.0299408,-0.0147299319505692,-0.036648266017437,
,,,-0.02984,-0.0147299319505692,-0.0631809309124947,
,,,-0.0297392,-0.0147299319505692,-0.0499145984649658,
,,,-0.0296384,-0.0147299319505692,-0.0233819335699081,
,,,-0.0295376,-0.0549309365451336,-0.036648266017437,
,,,-0.0294368,-0.0750314388424158,-0.0631809309124947,
,,,-0.029336,-0.0750314388424158,-0.0499145984649658,
,,,-0.0292352,-0.11523244343698,-0.0233819335699081,
,,,-0.0291344,-0.095131941139698,-0.036648266017437,
,,,-0.0290336,-0.11523244343698,-0.036648266017437,
,,,-0.0289328,-0.135332945734262,-0.0233819335699081,
,,,-0.028832,-0.155433448031545,-0.036648266017437,
,,,-0.0287312,-0.155433448031545,-0.0101156011223793,
,,,-0.0286304,-0.175533950328827,-0.0233819335699081,
,,,-0.0285296,-0.175533950328827,-0.0233819335699081,
,,,-0.0284288,-0.195634452626109,-0.0101156011223793,
,,,-0.028328,-0.195634452626109,-0.0499145984649658,
,,,-0.0282272,-0.215734954923391,-0.0233819335699081,
,,,-0.0281264,-0.235835457220674,-0.0499145984649658,
,,,-0.0280256,-0.255935959517956,-0.0233819335699081,
,,,-0.0279248,-0.255935959517956,-0.0233819335699081,
,,,-0.027824,-0.255935959517956,-0.0499145984649658,
,,,-0.0277232,-0.276036461815238,-0.0233819335699081,
,,,-0.0276224,-0.276036461815238,-0.0233819335699081,
,,,-0.0275216,-0.316237466409802,-0.0233819335699081,
,,,-0.0274208,-0.29613696411252,-0.0101156011223793,
,,,-0.02732,-0.336337968707085,-0.0233819335699081,
,,,-0.0272192,-0.316237466409802,-0.0233819335699081,
,,,-0.0271184,-0.336337968707085,-0.0233819335699081,
,,,-0.0270176,-0.336337968707085,-0.0101156011223793,
,,,-0.0269168,-0.336337968707085,-0.0233819335699081,
,,,-0.026816,-0.356438471004367,-0.0233819335699081,
,,,-0.0267152,-0.376538973301649,0.00315073132514954,
,,,-0.0266144,-0.376538973301649,0.00315073132514954,
,,,-0.0265136,-0.396639475598931,0.00315073132514954,
,,,-0.0264128,-0.396639475598931,0.0164170637726784,
,,,-0.026312,-0.396639475598931,0.0429497286677361,
,,,-0.0262112,-0.396639475598931,0.0694823935627937,
,,,-0.0261104,-0.396639475598931,0.0960150584578514,
,,,-0.0260096,-0.436840480193496,0.135814055800438,
,,,-0.0259088,-0.416739977896214,0.215412050485611,
,,,-0.025808,-0.436840480193496,0.268477380275726,
,,,-0.0257072,-0.416739977896214,0.374608039855957,
,,,-0.0256064,-0.436840480193496,0.494005031883717,
,,,-0.0255056,-0.436840480193496,0.600135691463947,
,,,-0.0254048,-0.456940982490778,0.732799015939236,
,,,-0.025304,-0.436840480193496,0.825663343071938,
,,,-0.0252032,-0.456940982490778,0.878728672862053,
,,,-0.0251024,-0.436840480193496,0.878728672862053,
,,,-0.0250016,-0.456940982490778,0.79913067817688,
,,,-0.0249008,-0.436840480193496,0.719532683491707,
,,,-0.0248,-0.456940982490778,0.639934688806534,
,,,-0.0246992,-0.456940982490778,0.586869359016418,
,,,-0.0245984,-0.436840480193496,0.494005031883717,
,,,-0.0244976,-0.456940982490778,0.401140704751015,
,,,-0.0243968,-0.456940982490778,0.308276377618313,
,,,-0.024296,-0.436840480193496,0.22867838293314,
,,,-0.0241952,-0.456940982490778,0.0960150584578514,
,,,-0.0240944,-0.436840480193496,0.0296833962202072,
,,,-0.0239936,-0.456940982490778,-0.0764472633600235,
,,,-0.0238928,-0.456940982490778,-0.169311590492725,
,,,-0.023792,-0.416739977896214,-0.248909585177898,
,,,-0.0236912,-0.456940982490778,-0.301974914968014,
,,,-0.0235904,-0.436840480193496,-0.381572909653187,
,,,-0.0234896,-0.436840480193496,-0.394839242100716,
,,,-0.0233888,-0.436840480193496,-0.46117090433836,
,,,-0.023288,-0.436840480193496,-0.474437236785889,
,,,-0.0231872,-0.416739977896214,-0.500969901680946,
,,,-0.0230864,-0.416739977896214,-0.500969901680946,
,,,-0.0229856,-0.396639475598931,-0.514236234128475,
,,,-0.0228848,-0.416739977896214,-0.554035231471062,
,,,-0.022784,-0.416739977896214,-0.554035231471062,
,,,-0.0226832,-0.396639475598931,-0.514236234128475,
,,,-0.0225824,-0.376538973301649,-0.500969901680946,
,,,-0.0224816,-0.356438471004367,-0.500969901680946,
,,,-0.0223808,-0.356438471004367,-0.421371906995773,
,,,-0.02228,-0.316237466409802,-0.394839242100716,
,,,-0.0221792,-0.336337968707085,-0.355040244758129,
,,,-0.0220784,-0.336337968707085,-0.3417739123106,
,,,-0.0219776,-0.29613696411252,-0.301974914968014,
,,,-0.0218768,-0.29613696411252,-0.275442250072956,
,,,-0.021776,-0.276036461815238,-0.248909585177898,
,,,-0.0216752,-0.276036461815238,-0.23564325273037,
,,,-0.0215744,-0.255935959517956,-0.195844255387783,
,,,-0.0214736,-0.235835457220674,-0.169311590492725,
,,,-0.0213728,-0.255935959517956,-0.169311590492725,
,,,-0.021272,-0.215734954923391,-0.142778925597668,
,,,-0.0211712,-0.195634452626109,-0.11624626070261,
,,,-0.0210704,-0.195634452626109,-0.142778925597668,
,,,-0.0209696,-0.175533950328827,-0.129512593150139,
,,,-0.0208688,-0.175533950328827,-0.129512593150139,
,,,-0.020768,-0.155433448031545,-0.11624626070261,
,,,-0.0206672,-0.135332945734262,-0.102979928255081,
,,,-0.0205664,-0.135332945734262,-0.0764472633600235,
,,,-0.0204656,-0.135332945734262,-0.0897135958075523,
,,,-0.0203648,-0.11523244343698,-0.0897135958075523,
,,,-0.020264,-0.095131941139698,-0.0764472633600235,
,,,-0.0201632,-0.095131941139698,-0.0631809309124947,
,,,-0.0200624,-0.0549309365451336,-0.0631809309124947,
,,,-0.0199616,-0.0348304342478514,-0.0631809309124947,
,,,-0.0198608,-0.0549309365451336,-0.0764472633600235,
,,,-0.01976,-0.0348304342478514,-0.0764472633600235,
,,,-0.0196592,-0.0147299319505692,-0.0764472633600235,
,,,-0.0195584,0.00537057034671307,-0.0631809309124947,
,,,-0.0194576,0.00537057034671307,-0.036648266017437,
,,,-0.0193568,0.0254710726439953,-0.036648266017437,
,,,-0.019256,0.0455715749412775,-0.0764472633600235,
,,,-0.0191552,0.0455715749412775,-0.0499145984649658,
,,,-0.0190544,0.0656720772385597,-0.0499145984649658,
,,,-0.0189536,0.0656720772385597,-0.0631809309124947,
,,,-0.0188528,0.0857725795358419,-0.036648266017437,
,,,-0.018752,0.105873081833124,-0.0499145984649658,
,,,-0.0186512,0.105873081833124,-0.0233819335699081,
,,,-0.0185504,0.125973584130406,-0.036648266017437,
,,,-0.0184496,0.125973584130406,-0.0499145984649658,
,,,-0.0183488,0.146074086427689,-0.0499145984649658,
,,,-0.018248,0.166174588724971,-0.0233819335699081,
,,,-0.0181472,0.166174588724971,-0.0499145984649658,
,,,-0.0180464,0.186275091022253,-0.0233819335699081,
,,,-0.0179456,0.206375593319535,-0.0499145984649658,
,,,-0.0178448,0.206375593319535,-0.036648266017437,
,,,-0.017744,0.206375593319535,-0.036648266017437,
,,,-0.0176432,0.226476095616817,-0.0233819335699081,
,,,-0.0175424,0.226476095616817,-0.0233819335699081,
,,,-0.0174416,0.2465765979141,-0.036648266017437,
,,,-0.0173408,0.266677100211382,-0.0101156011223793,
,,,-0.01724,0.266677100211382,-0.0101156011223793,
,,,-0.0171392,0.266677100211382,-0.0101156011223793,
,,,-0.0170384,0.286777602508664,0.00315073132514954,
,,,-0.0169376,0.286777602508664,-0.0101156011223793,
,,,-0.0168368,0.306878104805946,-0.0101156011223793,
,,,-0.016736,0.306878104805946,-0.0101156011223793,
,,,-0.0166352,0.326978607103229,0.00315073132514954,
,,,-0.0165344,0.326978607103229,0.0429497286677361,
,,,-0.0164336,0.347079109400511,0.0429497286677361,
,,,-0.0163328,0.347079109400511,0.0827487260103226,
,,,-0.016232,0.367179611697793,0.0827487260103226,
,,,-0.0161312,0.367179611697793,0.122547723352909,
,,,-0.0160304,0.387280113995075,0.162346720695496,
,,,-0.0159296,0.387280113995075,0.255211047828197,
,,,-0.0158288,0.387280113995075,0.348075374960899,
,,,-0.015728,0.387280113995075,0.427673369646072,
,,,-0.0156272,0.387280113995075,0.520537696778774,
,,,-0.0155264,0.367179611697793,0.626668356359005,
,,,-0.0154256,0.387280113995075,0.719532683491707,
,,,-0.0153248,0.387280113995075,0.759331680834293,
,,,-0.015224,0.387280113995075,0.759331680834293,
,,,-0.0151232,0.387280113995075,0.719532683491707,
,,,-0.0150224,0.387280113995075,0.706266351044178,
,,,-0.0149216,0.387280113995075,0.586869359016418,
,,,-0.0148208,0.387280113995075,0.494005031883717,
,,,-0.01472,0.387280113995075,0.387874372303486,
,,,-0.0146192,0.387280113995075,0.268477380275726,
,,,-0.0145184,0.387280113995075,0.135814055800438,
,,,-0.0144176,0.387280113995075,0.0562160611152649,
,,,-0.0143168,0.367179611697793,-0.036648266017437,
,,,-0.014216,0.387280113995075,-0.11624626070261,
,,,-0.0141152,0.387280113995075,-0.182577922940254,
,,,-0.0140144,0.387280113995075,-0.23564325273037,
,,,-0.0139136,0.387280113995075,-0.275442250072956,
,,,-0.0138128,0.387280113995075,-0.301974914968014,
,,,-0.013712,0.367179611697793,-0.355040244758129,
,,,-0.0136112,0.387280113995075,-0.355040244758129,
,,,-0.0135104,0.387280113995075,-0.3417739123106,
,,,-0.0134096,0.367179611697793,-0.355040244758129,
,,,-0.0133088,0.347079109400511,-0.381572909653187,
,,,-0.013208,0.387280113995075,-0.408105574548244,
,,,-0.0131072,0.367179611697793,-0.381572909653187,
,,,-0.0130064,0.387280113995075,-0.381572909653187,
,,,-0.0129056,0.347079109400511,-0.381572909653187,
,,,-0.0128048,0.347079109400511,-0.368306577205658,
,,,-0.012704,0.347079109400511,-0.3417739123106,
,,,-0.0126032,0.326978607103229,-0.328507579863071,
,,,-0.0125024,0.306878104805946,-0.315241247415543,
,,,-0.0124016,0.306878104805946,-0.288708582520485,
,,,-0.0123008,0.286777602508664,-0.275442250072956,
,,,-0.0122,0.266677100211382,-0.248909585177898,
,,,-0.0120992,0.286777602508664,-0.209110587835312,
,,,-0.0119984,0.266677100211382,-0.209110587835312,
,,,-0.0118976,0.226476095616817,-0.195844255387783,
,,,-0.0117968,0.226476095616817,-0.156045258045197,
,,,-0.011696,0.226476095616817,-0.182577922940254,
,,,-0.0115952,0.206375593319535,-0.142778925597668,
,,,-0.0114944,0.206375593319535,-0.129512593150139,
,,,-0.0113936,0.186275091022253,-0.156045258045197,
,,,-0.0112928,0.166174588724971,-0.129512593150139,
,,,-0.011192,0.166174588724971,-0.11624626070261,
,,,-0.0110912,0.146074086427689,-0.0897135958075523,
,,,-0.0109904,0.125973584130406,-0.102979928255081,
,,,-0.0108896,0.125973584130406,-0.0631809309124947,
,,,-0.0107888,0.105873081833124,-0.0631809309124947,
,,,-0.010688,0.105873081833124,-0.0631809309124947,
,,,-0.0105872,0.0857725795358419,-0.0631809309124947,
,,,-0.0104864,0.0656720772385597,-0.0631809309124947,
,,,-0.0103856,0.0455715749412775,-0.0499145984649658,
,,,-0.0102848,0.0455715749412775,-0.0499145984649658,
,,,-0.010184,0.0455715749412775,-0.0631809309124947,
,,,-0.0100832,0.00537057034671307,-0.0631809309124947,
,,,-0.0099824,0.0254710726439953,-0.036648266017437,
,,,-0.0098816,-0.0147299319505692,-0.036648266017437,
,,,-0.00978080000000001,-0.0147299319505692,-0.0499145984649658,
,,,-0.00968,-0.0348304342478514,-0.036648266017437,
,,,-0.0095792,-0.0348304342478514,-0.036648266017437,
,,,-0.0094784,-0.0348304342478514,-0.0233819335699081,
,,,-0.00937760000000001,-0.0750314388424158,-0.036648266017437,
,,,-0.0092768,-0.095131941139698,-0.0499145984649658,
,,,-0.009176,-0.0750314388424158,-0.036648266017437,
,,,-0.00907520000000001,-0.11523244343698,-0.036648266017437,
,,,-0.00897440000000001,-0.11523244343698,-0.036648266017437,
,,,-0.0088736,-0.135332945734262,-0.0499145984649658,
,,,-0.0087728,-0.155433448031545,-0.0233819335699081,
,,,-0.00867200000000001,-0.155433448031545,-0.0233819335699081,
,,,-0.0085712,-0.175533950328827,-0.036648266017437,
,,,-0.0084704,-0.195634452626109,0.00315073132514954,
,,,-0.0083696,-0.195634452626109,-0.0233819335699081,
,,,-0.00826880000000001,-0.195634452626109,-0.0233819335699081,
,,,-0.008168,-0.215734954923391,-0.0101156011223793,
,,,-0.0080672,-0.235835457220674,-0.0101156011223793,
,,,-0.00796640000000001,-0.235835457220674,-0.0233819335699081,
,,,-0.00786560000000001,-0.255935959517956,-0.036648266017437,
,,,-0.0077648,-0.255935959517956,-0.0233819335699081,
,,,-0.007664,-0.276036461815238,-0.0233819335699081,
,,,-0.00756320000000001,-0.29613696411252,-0.036648266017437,
,,,-0.0074624,-0.29613696411252,-0.0233819335699081,
,,,-0.0073616,-0.316237466409802,-0.0233819335699081,
,,,-0.0072608,-0.316237466409802,-0.0233819335699081,
,,,-0.00716000000000001,-0.336337968707085,-0.036648266017437,
,,,-0.0070592,-0.316237466409802,-0.0233819335699081,
,,,-0.0069584,-0.336337968707085,-0.0101156011223793,
,,,-0.00685760000000001,-0.356438471004367,-0.036648266017437,
,,,-0.00675680000000001,-0.376538973301649,0.00315073132514954,
,,,-0.006656,-0.376538973301649,-0.0101156011223793,
,,,-0.0065552,-0.376538973301649,-0.0101156011223793,
,,,-0.00645440000000001,-0.396639475598931,0.0164170637726784,
,,,-0.0063536,-0.416739977896214,0.0429497286677361,
,,,-0.0062528,-0.396639475598931,0.0296833962202072,
,,,-0.006152,-0.396639475598931,0.0960150584578514,
,,,-0.00605120000000001,-0.416739977896214,0.10928139090538,
,,,-0.0059504,-0.416739977896214,0.149080388247967,
,,,-0.0058496,-0.436840480193496,0.241944715380669,
,,,-0.00574880000000001,-0.436840480193496,0.308276377618313,
,,,-0.00564800000000001,-0.436840480193496,0.45420603454113,
,,,-0.0055472,-0.436840480193496,0.586869359016418,
,,,-0.0054464,-0.456940982490778,0.719532683491707,
,,,-0.00534560000000001,-0.456940982490778,0.852196007966995,
,,,-0.0052448,-0.456940982490778,0.891995005309582,
,,,-0.005144,-0.456940982490778,0.905261337757111,
,,,-0.0050432,-0.436840480193496,0.852196007966995,
,,,-0.00494240000000001,-0.436840480193496,0.772598013281822,
,,,-0.0048416,-0.436840480193496,0.693000018596649,
,,,-0.0047408,-0.456940982490778,0.586869359016418,
,,,-0.00464000000000001,-0.456940982490778,0.507271364331245,
,,,-0.00453920000000001,-0.436840480193496,0.440939702093601,
,,,-0.0044384,-0.456940982490778,0.334809042513371,
,,,-0.0043376,-0.436840480193496,0.22867838293314,
,,,-0.00423680000000001,-0.436840480193496,0.149080388247967,
,,,-0.004136,-0.456940982490778,0.0562160611152649,
,,,-0.0040352,-0.436840480193496,-0.0499145984649658,
,,,-0.0039344,-0.456940982490778,-0.142778925597668,
,,,-0.00383360000000001,-0.436840480193496,-0.248909585177898,
,,,-0.0037328,-0.416739977896214,-0.288708582520485,
,,,-0.003632,-0.456940982490778,-0.368306577205658,
,,,-0.00353120000000001,-0.456940982490778,-0.408105574548244,
,,,-0.00343040000000001,-0.436840480193496,-0.46117090433836,
,,,-0.0033296,-0.416739977896214,-0.487703569233418,
,,,-0.0032288,-0.416739977896214,-0.500969901680946,
,,,-0.00312800000000001,-0.436840480193496,-0.540768899023533,
,,,-0.0030272,-0.396639475598931,-0.527502566576004,
,,,-0.0029264,-0.416739977896214,-0.540768899023533,
,,,-0.0028256,-0.416739977896214,-0.527502566576004,
,,,-0.00272480000000001,-0.396639475598931,-0.527502566576004,
,,,-0.002624,-0.396639475598931,-0.500969901680946,
,,,-0.0025232,-0.376538973301649,-0.474437236785889,
,,,-0.00242240000000001,-0.376538973301649,-0.421371906995773,
,,,-0.00232160000000001,-0.336337968707085,-0.368306577205658,
,,,-0.0022208,-0.336337968707085,-0.381572909653187,
,,,-0.00212,-0.316237466409802,-0.3417739123106,
,,,-0.00201920000000001,-0.316237466409802,-0.315241247415543,
,,,-0.00191840000000001,-0.316237466409802,-0.262175917625427,
,,,-0.0018176,-0.29613696411252,-0.248909585177898,
,,,-0.0017168,-0.276036461815238,-0.248909585177898,
,,,-0.00161600000000001,-0.255935959517956,-0.209110587835312,
,,,-0.0015152,-0.255935959517956,-0.195844255387783,
,,,-0.0014144,-0.235835457220674,-0.169311590492725,
,,,-0.00131360000000001,-0.215734954923391,-0.182577922940254,
,,,-0.00121280000000001,-0.215734954923391,-0.156045258045197,
,,,-0.001112,-0.195634452626109,-0.129512593150139,
,,,-0.0010112,-0.195634452626109,-0.156045258045197,
,,,-0.000910400000000006,-0.175533950328827,-0.142778925597668,
,,,-0.000809600000000008,-0.155433448031545,-0.11624626070261,
,,,-0.000708800000000002,-0.155433448031545,-0.11624626070261,
,,,-0.000608000000000004,-0.11523244343698,-0.11624626070261,
,,,-0.000507200000000006,-0.135332945734262,-0.0897135958075523,
,,,-0.000406400000000001,-0.11523244343698,-0.0897135958075523,
,,,-0.000305600000000003,-0.095131941139698,-0.0897135958075523,
,,,-0.000204800000000005,-0.095131941139698,-0.0631809309124947,
,,,-0.000104000000000007,-0.0750314388424158,-0.0764472633600235,
,,,-3.20000000000181E-06,-0.0750314388424158,-0.0631809309124947,
,,,9.75999999999963E-05,-0.0549309365451336,-0.0631809309124947,
,,,0.000198399999999994,-0.0348304342478514,-0.0764472633600235,
,,,0.000299199999999993,-0.0348304342478514,-0.0499145984649658,
,,,0.000399999999999998,-0.0147299319505692,-0.036648266017437,
,,,0.000500799999999996,0.00537057034671307,-0.0631809309124947,
,,,0.000601599999999994,0.00537057034671307,-0.0499145984649658,
,,,0.000702399999999999,0.0254710726439953,-0.0499145984649658,
,,,0.000803199999999997,0.0455715749412775,-0.0631809309124947,
,,,0.000903999999999995,0.0656720772385597,-0.036648266017437,
,,,0.00100479999999999,0.0656720772385597,-0.0101156011223793,
,,,0.0011056,0.0656720772385597,-0.0499145984649658,
,,,0.0012064,0.0656720772385597,-0.0233819335699081,
,,,0.00130719999999999,0.125973584130406,-0.0101156011223793,
,,,0.00140799999999999,0.125973584130406,-0.0233819335699081,
,,,0.0015088,0.125973584130406,-0.0233819335699081,
,,,0.0016096,0.125973584130406,-0.036648266017437,
,,,0.00171039999999999,0.146074086427689,-0.0499145984649658,
,,,0.0018112,0.166174588724971,-0.036648266017437,
,,,0.001912,0.186275091022253,-0.0233819335699081,
,,,0.0020128,0.166174588724971,-0.036648266017437,
,,,0.00211359999999999,0.206375593319535,-0.036648266017437,
,,,0.0022144,0.206375593319535,-0.0101156011223793,
,,,0.0023152,0.226476095616817,-0.0499145984649658,
,,,0.00241599999999999,0.2465765979141,-0.0233819335699081,
,,,0.00251679999999999,0.2465765979141,0.00315073132514954,
,,,0.0026176,0.2465765979141,-0.0233819335699081,
,,,0.0027184,0.2465765979141,-0.0101156011223793,
,,,0.00281919999999999,0.266677100211382,-0.0101156011223793,
,,,0.00292,0.286777602508664,-0.036648266017437,
,,,0.0030208,0.286777602508664,-0.0101156011223793,
,,,0.0031216,0.286777602508664,-0.0101156011223793,
,,,0.00322239999999999,0.306878104805946,-0.0233819335699081,
,,,0.0033232,0.347079109400511,0.0164170637726784,
,,,0.003424,0.347079109400511,0.0164170637726784,
,,,0.00352479999999999,0.326978607103229,0.0296833962202072,
,,,0.00362559999999999,0.347079109400511,0.0562160611152649,
,,,0.0037264,0.347079109400511,0.0694823935627937,
,,,0.0038272,0.367179611697793,0.0960150584578514,
,,,0.00392799999999999,0.367179611697793,0.149080388247967,
,,,0.0040288,0.387280113995075,0.22867838293314,
,,,0.0041296,0.367179611697793,0.281743712723255,
,,,0.0042304,0.387280113995075,0.374608039855957,
,,,0.00433119999999999,0.367179611697793,0.45420603454113,
,,,0.004432,0.367179611697793,0.613402023911476,
,,,0.0045328,0.387280113995075,0.693000018596649,
,,,0.00463359999999999,0.387280113995075,0.746065348386765,
,,,0.00473439999999999,0.387280113995075,0.785864345729351,
,,,0.0048352,0.387280113995075,0.79913067817688,
,,,0.004936,0.387280113995075,0.706266351044178,
,,,0.00503679999999999,0.387280113995075,0.639934688806534,
,,,0.0051376,0.387280113995075,0.520537696778774,
,,,0.0052384,0.387280113995075,0.427673369646072,
,,,0.0053392,0.387280113995075,0.308276377618313,
,,,0.00543999999999999,0.387280113995075,0.188879385590553,
,,,0.0055408,0.387280113995075,0.0827487260103226,
,,,0.0056416,0.367179611697793,-0.0101156011223793,
,,,0.00574239999999999,0.367179611697793,-0.0897135958075523,
,,,0.00584319999999999,0.387280113995075,-0.182577922940254,
,,,0.005944,0.387280113995075,-0.248909585177898,
,,,0.0060448,0.387280113995075,-0.262175917625427,
,,,0.00614559999999999,0.387280113995075,-0.315241247415543,
,,,0.00624639999999999,0.387280113995075,-0.3417739123106,
,,,0.0063472,0.367179611697793,-0.328507579863071,
,,,0.006448,0.367179611697793,-0.355040244758129,
,,,0.00654879999999999,0.367179611697793,-0.355040244758129,
,,,0.0066496,0.387280113995075,-0.368306577205658,
,,,0.0067504,0.387280113995075,-0.368306577205658,
,,,0.00685119999999999,0.367179611697793,-0.381572909653187,
,,,0.00695199999999999,0.367179611697793,-0.368306577205658,
,,,0.0070528,0.367179611697793,-0.368306577205658,
,,,0.0071536,0.367179611697793,-0.368306577205658,
,,,0.00725439999999999,0.347079109400511,-0.355040244758129,
,,,0.00735519999999999,0.326978607103229,-0.355040244758129,
,,,0.007456,0.326978607103229,-0.3417739123106,
,,,0.0075568,0.326978607103229,-0.275442250072956,
,,,0.00765759999999999,0.286777602508664,-0.288708582520485,
,,,0.0077584,0.286777602508664,-0.262175917625427,
,,,0.0078592,0.266677100211382,-0.248909585177898,
,,,0.00795999999999999,0.286777602508664,-0.195844255387783,
,,,0.00806079999999999,0.266677100211382,-0.195844255387783,
,,,0.0081616,0.2465765979141,-0.195844255387783,
,,,0.0082624,0.226476095616817,-0.209110587835312,
,,,0.00836319999999999,0.226476095616817,-0.169311590492725,
,,,0.00846399999999999,0.206375593319535,-0.11624626070261,
,,,0.0085648,0.186275091022253,-0.11624626070261,
,,,0.0086656,0.166174588724971,-0.142778925597668,
,,,0.00876639999999999,0.186275091022253,-0.11624626070261,
,,,0.0088672,0.166174588724971,-0.102979928255081,
,,,0.008968,0.146074086427689,-0.102979928255081,
,,,0.00906879999999999,0.125973584130406,-0.11624626070261,
,,,0.00916959999999999,0.125973584130406,-0.0897135958075523,
,,,0.0092704,0.125973584130406,-0.0764472633600235,
,,,0.0093712,0.105873081833124,-0.0631809309124947,
,,,0.00947199999999999,0.0656720772385597,-0.0897135958075523,
,,,0.00957279999999999,0.0656720772385597,-0.0499145984649658,
,,,0.0096736,0.0656720772385597,-0.0499145984649658,
,,,0.0097744,0.0455715749412775,-0.0631809309124947,
,,,0.00987519999999999,0.0254710726439953,-0.0499145984649658,
,,,0.009976,0.00537057034671307,-0.036648266017437,
,,,0.0100768,-0.0147299319505692,-0.0631809309124947,
,,,0.0101776,-0.0147299319505692,-0.0499145984649658,
,,,0.0102784,-0.0348304342478514,-0.0101156011223793,
,,,0.0103792,-0.0348304342478514,-0.0499145984649658,
,,,0.01048,-0.0549309365451336,-0.036648266017437,
,,,0.0105808,-0.0549309365451336,-0.036648266017437,
,,,0.0106816,-0.0750314388424158,-0.0233819335699081,
,,,0.0107824,-0.095131941139698,-0.036648266017437,
,,,0.0108832,-0.11523244343698,-0.0101156011223793,
,,,0.010984,-0.11523244343698,-0.0101156011223793,
,,,0.0110848,-0.11523244343698,-0.036648266017437,
,,,0.0111856,-0.155433448031545,-0.036648266017437,
,,,0.0112864,-0.155433448031545,-0.036648266017437,
,,,0.0113872,-0.155433448031545,-0.0101156011223793,
,,,0.011488,-0.155433448031545,-0.0499145984649658,
,,,0.0115888,-0.195634452626109,-0.036648266017437,
,,,0.0116896,-0.195634452626109,-0.0101156011223793,
,,,0.0117904,-0.235835457220674,-0.036648266017437,
,,,0.0118912,-0.215734954923391,-0.036648266017437,
,,,0.011992,-0.255935959517956,-0.036648266017437,
,,,0.0120928,-0.235835457220674,-0.036648266017437,
,,,0.0121936,-0.255935959517956,-0.0499145984649658,
,,,0.0122944,-0.255935959517956,-0.0233819335699081,
,,,0.0123952,-0.276036461815238,-0.0233819335699081,
,,,0.012496,-0.29613696411252,-0.0233819335699081,
,,,0.0125968,-0.29613696411252,-0.0233819335699081,
,,,0.0126976,-0.336337968707085,-0.0233819335699081,
,,,0.0127984,-0.316237466409802,-0.0233819335699081,
,,,0.0128992,-0.316237466409802,-0.0233819335699081,
,,,0.013,-0.336337968707085,-0.0233819335699081,
,,,0.0131008,-0.356438471004367,-0.036648266017437,
,,,0.0132016,-0.336337968707085,-0.0233819335699081,
,,,0.0133024,-0.376538973301649,-0.036648266017437,
,,,0.0134032,-0.396639475598931,0.00315073132514954,
,,,0.013504,-0.376538973301649,0.0164170637726784,
,,,0.0136048,-0.396639475598931,0.0164170637726784,
,,,0.0137056,-0.416739977896214,0.0562160611152649,
,,,0.0138064,-0.416739977896214,0.0827487260103226,
,,,0.0139072,-0.396639475598931,0.122547723352909,
,,,0.014008,-0.416739977896214,0.135814055800438,
,,,0.0141088,-0.436840480193496,0.202145718038082,
,,,0.0142096,-0.436840480193496,0.281743712723255,
,,,0.0143104,-0.436840480193496,0.374608039855957,
,,,0.0144112,-0.456940982490778,0.533804029226303,
,,,0.014512,-0.436840480193496,0.666467353701591,
,,,0.0146128,-0.456940982490778,0.785864345729351,
,,,0.0147136,-0.436840480193496,0.891995005309582,
,,,0.0148144,-0.456940982490778,0.905261337757111,
,,,0.0149152,-0.456940982490778,0.865462340414524,
,,,0.015016,-0.456940982490778,0.812397010624409,
,,,0.0151168,-0.456940982490778,0.746065348386765,
,,,0.0152176,-0.456940982490778,0.639934688806534,
,,,0.0153184,-0.456940982490778,0.57360302656889,
,,,0.0154192,-0.456940982490778,0.480738699436188,
,,,0.01552,-0.456940982490778,0.387874372303486,
,,,0.0156208,-0.456940982490778,0.281743712723255,
,,,0.0157216,-0.436840480193496,0.188879385590553,
,,,0.0158224,-0.456940982490778,0.0960150584578514,
,,,0.0159232,-0.456940982490778,-0.0101156011223793,
,,,0.016024,-0.436840480193496,-0.102979928255081,
,,,0.0161248,-0.436840480193496,-0.169311590492725,
,,,0.0162256,-0.436840480193496,-0.262175917625427,
,,,0.0163264,-0.416739977896214,-0.315241247415543,
,,,0.0164272,-0.436840480193496,-0.394839242100716,
,,,0.016528,-0.436840480193496,-0.434638239443302,
,,,0.0166288,-0.436840480193496,-0.447904571890831,
,,,0.0167296,-0.416739977896214,-0.500969901680946,
,,,0.0168304,-0.436840480193496,-0.514236234128475,
,,,0.0169312,-0.416739977896214,-0.540768899023533,
,,,0.017032,-0.416739977896214,-0.540768899023533,
,,,0.0171328,-0.396639475598931,-0.554035231471062,
,,,0.0172336,-0.396639475598931,-0.540768899023533,
,,,0.0173344,-0.396639475598931,-0.540768899023533,
,,,0.0174352,-0.396639475598931,-0.514236234128475,
,,,0.017536,-0.356438471004367,-0.474437236785889,
,,,0.0176368,-0.356438471004367,-0.408105574548244,
,,,0.0177376,-0.336337968707085,-0.394839242100716,
,,,0.0178384,-0.336337968707085,-0.3417739123106,
,,,0.0179392,-0.316237466409802,-0.328507579863071,
,,,0.01804,-0.29613696411252,-0.315241247415543,
,,,0.0181408,-0.29613696411252,-0.275442250072956,
,,,0.0182416,-0.255935959517956,-0.222376920282841,
,,,0.0183424,-0.276036461815238,-0.222376920282841,
,,,0.0184432,-0.255935959517956,-0.209110587835312,
,,,0.018544,-0.255935959517956,-0.182577922940254,
,,,0.0186448,-0.235835457220674,-0.182577922940254,
,,,0.0187456,-0.215734954923391,-0.182577922940254,
,,,0.0188464,-0.215734954923391,-0.156045258045197,
,,,0.0189472,-0.195634452626109,-0.11624626070261,
,,,0.019048,-0.175533950328827,-0.11624626070261,
,,,0.0191488,-0.155433448031545,-0.102979928255081,
,,,0.0192496,-0.155433448031545,-0.102979928255081,
,,,0.0193504,-0.155433448031545,-0.0764472633600235,
,,,0.0194512,-0.135332945734262,-0.102979928255081,
,,,0.019552,-0.11523244343698,-0.0764472633600235,
,,,0.0196528,-0.11523244343698,-0.0897135958075523,
,,,0.0197536,-0.095131941139698,-0.0897135958075523,
,,,0.0198544,-0.0750314388424158,-0.0631809309124947,
,,,0.0199552,-0.0549309365451336,-0.0897135958075523,
,,,0.020056,-0.0549309365451336,-0.0631809309124947,
,,,0.0201568,-0.0348304342478514,-0.0499145984649658,
,,,0.0202576,-0.0147299319505692,-0.0764472633600235,
,,,0.0203584,-0.0147299319505692,-0.036648266017437,
,,,0.0204592,0.00537057034671307,-0.0499145984649658,
,,,0.02056,0.00537057034671307,-0.036648266017437,
,,,0.0206608,0.00537057034671307,-0.036648266017437,
,,,0.0207616,0.0455715749412775,-0.036648266017437,
,,,0.0208624,0.0455715749412775,-0.0631809309124947,
,,,0.0209632,0.0656720772385597,-0.036648266017437,
,,,0.021064,0.0857725795358419,-0.036648266017437,
,,,0.0211648,0.0857725795358419,-0.036648266017437,
,,,0.0212656,0.105873081833124,-0.036648266017437,
,,,0.0213664,0.105873081833124,-0.0631809309124947,
,,,0.0214672,0.125973584130406,-0.036648266017437,
,,,0.021568,0.146074086427689,-0.0631809309124947,
,,,0.0216688,0.166174588724971,-0.036648266017437,
,,,0.0217696,0.166174588724971,-0.0499145984649658,
,,,0.0218704,0.166174588724971,-0.0233819335699081,
,,,0.0219712,0.186275091022253,-0.0631809309124947,
,,,0.022072,0.206375593319535,-0.0233819335699081,
,,,0.0221728,0.206375593319535,-0.0233819335699081,
,,,0.0222736,0.226476095616817,-0.036648266017437,
,,,0.0223744,0.226476095616817,-0.036648266017437,
,,,0.0224752,0.226476095616817,-0.036648266017437,
,,,0.022576,0.266677100211382,-0.0233819335699081,
,,,0.0226768,0.2465765979141,-0.0233819335699081,
,,,0.0227776,0.266677100211382,-0.036648266017437,
,,,0.0228784,0.266677100211382,-0.0233819335699081,
,,,0.0229792,0.286777602508664,-0.0101156011223793,
,,,0.02308,0.306878104805946,-0.0233819335699081,
,,,0.0231808,0.326978607103229,-0.0233819335699081,
,,,0.0232816,0.306878104805946,-0.0101156011223793,
,,,0.0233824,0.347079109400511,0.0296833962202072,
,,,0.0234832,0.347079109400511,0.00315073132514954,
,,,0.023584,0.347079109400511,0.0429497286677361,
,,,0.0236848,0.367179611697793,0.0562160611152649,
,,,0.0237856,0.367179611697793,0.0960150584578514,
,,,0.0238864,0.367179611697793,0.135814055800438,
,,,0.0239872,0.367179611697793,0.188879385590553,
,,,0.024088,0.367179611697793,0.255211047828197,
,,,0.0241888,0.367179611697793,0.334809042513371,
,,,0.0242896,0.387280113995075,0.427673369646072,
,,,0.0243904,0.387280113995075,0.533804029226303,
,,,0.0244912,0.387280113995075,0.639934688806534,
,,,0.024592,0.387280113995075,0.719532683491707,
,,,0.0246928,0.387280113995075,0.772598013281822,
,,,0.0247936,0.367179611697793,0.785864345729351,
,,,0.0248944,0.387280113995075,0.732799015939236,
,,,0.0249952,0.387280113995075,0.693000018596649,
,,,0.025096,0.387280113995075,0.57360302656889,
,,,0.0251968,0.387280113995075,0.45420603454113,
,,,0.0252976,0.387280113995075,0.348075374960899,
,,,0.0253984,0.387280113995075,0.255211047828197,
,,,0.0254992,0.387280113995075,0.122547723352909,
,,,0.0256,0.387280113995075,0.0164170637726784,
,,,0.0257008,0.367179611697793,-0.0631809309124947,
,,,0.0258016,0.367179611697793,-0.129512593150139,
,,,0.0259024,0.387280113995075,-0.195844255387783,
,,,0.0260032,0.367179611697793,-0.23564325273037,
,,,0.026104,0.387280113995075,-0.288708582520485,
,,,0.0262048,0.367179611697793,-0.328507579863071,
,,,0.0263056,0.387280113995075,-0.355040244758129,
,,,0.0264064,0.387280113995075,-0.368306577205658,
,,,0.0265072,0.367179611697793,-0.394839242100716,
,,,0.026608,0.367179611697793,-0.394839242100716,
,,,0.0267088,0.367179611697793,-0.355040244758129,
,,,0.0268096,0.347079109400511,-0.394839242100716,
,,,0.0269104,0.367179611697793,-0.368306577205658,
,,,0.0270112,0.367179611697793,-0.355040244758129,
,,,0.027112,0.347079109400511,-0.3417739123106,
,,,0.0272128,0.367179611697793,-0.3417739123106,
,,,0.0273136,0.347079109400511,-0.328507579863071,
,,,0.0274144,0.326978607103229,-0.328507579863071,
,,,0.0275152,0.306878104805946,-0.315241247415543,
,,,0.027616,0.306878104805946,-0.248909585177898,
,,,0.0277168,0.306878104805946,-0.275442250072956,
,,,0.0278176,0.286777602508664,-0.23564325273037,
,,,0.0279184,0.266677100211382,-0.195844255387783,
,,,0.0280192,0.266677100211382,-0.23564325273037,
,,,0.02812,0.2465765979141,-0.169311590492725,
,,,0.0282208,0.226476095616817,-0.182577922940254,
,,,0.0283216,0.226476095616817,-0.182577922940254,
,,,0.0284224,0.186275091022253,-0.129512593150139,
,,,0.0285232,0.186275091022253,-0.142778925597668,
,,,0.028624,0.186275091022253,-0.156045258045197,
,,,0.0287248,0.166174588724971,-0.102979928255081,
,,,0.0288256,0.166174588724971,-0.0897135958075523,
,,,0.0289264,0.146074086427689,-0.0897135958075523,
,,,0.0290272,0.125973584130406,-0.102979928255081,
,,,0.029128,0.125973584130406,-0.102979928255081,
,,,0.0292288,0.105873081833124,-0.0897135958075523,
,,,0.0293296,0.105873081833124,-0.0631809309124947,
,,,0.0294304,0.105873081833124,-0.0631809309124947,
,,,0.0295312,0.0656720772385597,-0.0499145984649658,
,,,0.029632,0.0857725795358419,-0.0499145984649658,
,,,0.0297328,0.0455715749412775,-0.036648266017437,
,,,0.0298336,0.0455715749412775,-0.0764472633600235,
,,,0.0299344,0.0254710726439953,-0.0631809309124947,
,,,0.0300352,-0.0147299319505692,-0.036648266017437,
,,,0.030136,-0.0147299319505692,-0.0764472633600235,
,,,0.0302368,-0.0348304342478514,-0.0499145984649658,
,,,0.0303376,-0.0348304342478514,-0.036648266017437,
,,,0.0304384,-0.0549309365451336,-0.036648266017437,
,,,0.0305392,-0.0549309365451336,-0.0499145984649658,
,,,0.03064,-0.0750314388424158,-0.0499145984649658,
,,,0.0307408,-0.095131941139698,-0.0101156011223793,
,,,0.0308416,-0.095131941139698,-0.0499145984649658,
,,,0.0309424,-0.095131941139698,-0.0233819335699081,
,,,0.0310432,-0.135332945734262,-0.0631809309124947,
,,,0.031144,-0.135332945734262,-0.036648266017437,
,,,0.0312448,-0.155433448031545,-0.0499145984649658,
,,,0.0313456,-0.175533950328827,-0.036648266017437,
,,,0.0314464,-0.155433448031545,-0.0631809309124947,
,,,0.0315472,-0.195634452626109,-0.036648266017437,
,,,0.031648,-0.195634452626109,-0.036648266017437,
,,,0.0317488,-0.195634452626109,-0.036648266017437,
,,,0.0318496,-0.215734954923391,-0.0499145984649658,
,,,0.0319504,-0.235835457220674,-0.036648266017437,
,,,0.0320512,-0.255935959517956,-0.0499145984649658,
,,,0.032152,-0.255935959517956,-0.036648266017437,
,,,0.0322528,-0.255935959517956,-0.0233819335699081,
,,,0.0323536,-0.276036461815238,-0.036648266017437,
,,,0.0324544,-0.29613696411252,-0.0101156011223793,
,,,0.0325552,-0.29613696411252,-0.036648266017437,
,,,0.032656,-0.316237466409802,-0.0101156011223793,
,,,0.0327568,-0.316237466409802,-0.0101156011223793,
,,,0.0328576,-0.316237466409802,-0.036648266017437,
,,,0.0329584,-0.336337968707085,0.00315073132514954,
,,,0.0330592,-0.356438471004367,-0.036648266017437,
,,,0.03316,-0.356438471004367,-0.0233819335699081,
,,,0.0332608,-0.376538973301649,-0.0233819335699081,
,,,0.0333616,-0.376538973301649,0.00315073132514954,
,,,0.0334624,-0.396639475598931,-0.0101156011223793,
,,,0.0335632,-0.396639475598931,-0.0101156011223793,
,,,0.033664,-0.396639475598931,0.0296833962202072,
,,,0.0337648,-0.416739977896214,0.0429497286677361,
,,,0.0338656,-0.416739977896214,0.0827487260103226,
,,,0.0339664,-0.416739977896214,0.122547723352909,
,,,0.0340672,-0.416739977896214,0.175613053143024,
,,,0.034168,-0.436840480193496,0.255211047828197,
,,,0.0342688,-0.436840480193496,0.308276377618313,
,,,0.0343696,-0.436840480193496,0.427673369646072,
,,,0.0344704,-0.436840480193496,0.586869359016418,
,,,0.0345712,-0.436840480193496,0.706266351044178,
,,,0.034672,-0.436840480193496,0.825663343071938,
,,,0.0347728,-0.456940982490778,0.878728672862053,
,,,0.0348736,-0.436840480193496,0.878728672862053,
,,,0.0349744,-0.456940982490778,0.852196007966995,
,,,0.0350752,-0.436840480193496,0.759331680834293,
,,,0.035176,-0.436840480193496,0.693000018596649,
,,,0.0352768,-0.456940982490778,0.586869359016418,
,,,0.0353776,-0.456940982490778,0.520537696778774,
,,,0.0354784,-0.436840480193496,0.401140704751015,
,,,0.0355792,-0.456940982490778,0.295010045170784,
,,,0.03568,-0.456940982490778,0.255211047828197,
,,,0.0357808,-0.436840480193496,0.122547723352909,
,,,0.0358816,-0.436840480193496,0.0429497286677361,
,,,0.0359824,-0.456940982490778,-0.0499145984649658,
,,,0.0360832,-0.436840480193496,-0.142778925597668,
,,,0.036184,-0.436840480193496,-0.248909585177898,
,,,0.0362848,-0.436840480193496,-0.288708582520485,
,,,0.0363856,-0.436840480193496,-0.328507579863071,
,,,0.0364864,-0.436840480193496,-0.394839242100716,
,,,0.0365872,-0.416739977896214,-0.434638239443302,
,,,0.036688,-0.416739977896214,-0.447904571890831,
,,,0.0367888,-0.436840480193496,-0.487703569233418,
,,,0.0368896,-0.416739977896214,-0.500969901680946,
,,,0.0369904,-0.416739977896214,-0.554035231471062,
,,,0.0370912,-0.416739977896214,-0.540768899023533,
,,,0.037192,-0.396639475598931,-0.527502566576004,
,,,0.0372928,-0.416739977896214,-0.514236234128475,
,,,0.0373936,-0.396639475598931,-0.487703569233418,
,,,0.0374944,-0.376538973301649,-0.46117090433836,
,,,0.0375952,-0.356438471004367,-0.421371906995773,
,,,0.037696,-0.356438471004367,-0.394839242100716,
,,,0.0377968,-0.336337968707085,-0.355040244758129,
,,,0.0378976,-0.336337968707085,-0.3417739123106,
,,,0.0379984,-0.316237466409802,-0.301974914968014,
,,,0.0380992,-0.29613696411252,-0.275442250072956,
,,,0.0382,-0.29613696411252,-0.262175917625427,
,,,0.0383008,-0.276036461815238,-0.195844255387783,
,,,0.0384016,-0.255935959517956,-0.209110587835312,
,,,0.0385024,-0.255935959517956,-0.182577922940254,
,,,0.0386032,-0.215734954923391,-0.142778925597668,
,,,0.038704,-0.235835457220674,-0.169311590492725,
,,,0.0388048,-0.215734954923391,-0.11624626070261,
,,,0.0389056,-0.195634452626109,-0.11624626070261,
,,,0.0390064,-0.175533950328827,-0.129512593150139,
,,,0.0391072,-0.195634452626109,-0.0897135958075523,
,,,0.039208,-0.155433448031545,-0.129512593150139,
,,,0.0393088,-0.135332945734262,-0.102979928255081,
,,,0.0394096,-0.155433448031545,-0.0764472633600235,
,,,0.0395104,-0.135332945734262,-0.102979928255081,
,,,0.0396112,-0.095131941139698,-0.0764472633600235,
,,,0.039712,-0.0750314388424158,-0.0764472633600235,
,,,0.0398128,-0.0750314388424158,-0.0631809309124947,
,,,0.0399136,-0.0750314388424158,-0.0897135958075523,
,,,0.0400144,-0.0750314388424158,-0.0499145984649658,
,,,0.0401152,-0.0549309365451336,-0.036648266017437,
,,,0.040216,-0.0348304342478514,-0.036648266017437,
,,,0.0403168,-0.0147299319505692,-0.0499145984649658,
,,,0.0404176,-0.0147299319505692,-0.0499145984649658,
,,,0.0405184,0.00537057034671307,-0.0233819335699081,
,,,0.0406192,0.0254710726439953,-0.0499145984649658,
,,,0.04072,0.0455715749412775,-0.0631809309124947,
,,,0.0408208,0.0455715749412775,-0.0631809309124947,
,,,0.0409216,0.0656720772385597,-0.0101156011223793,
,,,0.0410224,0.0857725795358419,-0.0233819335699081,
,,,0.0411232,0.0656720772385597,-0.0499145984649658,
,,,0.041224,0.0857725795358419,-0.036648266017437,
,,,0.0413248,0.125973584130406,-0.0233819335699081,
,,,0.0414256,0.125973584130406,-0.0631809309124947,
,,,0.0415264,0.125973584130406,-0.036648266017437,
,,,0.0416272,0.146074086427689,-0.0233819335699081,
,,,0.041728,0.166174588724971,-0.0233819335699081,
,,,0.0418288,0.166174588724971,-0.0631809309124947,
,,,0.0419296,0.166174588724971,-0.0499145984649658,
,,,0.0420304,0.206375593319535,-0.0631809309124947,
,,,0.0421312,0.206375593319535,-0.0233819335699081,
,,,0.042232,0.226476095616817,-0.036648266017437,
,,,0.0423328,0.226476095616817,-0.0499145984649658,
,,,0.0424336,0.226476095616817,-0.036648266017437,
,,,0.0425344,0.266677100211382,-0.0233819335699081,
,,,0.0426352,0.2465765979141,-0.0233819335699081,
,,,0.042736,0.266677100211382,-0.036648266017437,
,,,0.0428368,0.266677100211382,-0.0233819335699081,
,,,0.0429376,0.286777602508664,0.00315073132514954,
,,,0.0430384,0.286777602508664,0.00315073132514954,
,,,0.0431392,0.306878104805946,-0.0101156011223793,
,,,0.04324,0.347079109400511,-0.0101156011223793,
,,,0.0433408,0.306878104805946,0.0164170637726784,
,,,0.0434416,0.326978607103229,0.0296833962202072,
,,,0.0435424,0.347079109400511,0.0164170637726784,
,,,0.0436432,0.347079109400511,0.0562160611152649,
,,,0.043744,0.347079109400511,0.0694823935627937,
,,,0.0438448,0.367179611697793,0.0960150584578514,
,,,0.0439456,0.347079109400511,0.135814055800438,
,,,0.0440464,0.387280113995075,0.202145718038082,
,,,0.0441472,0.387280113995075,0.281743712723255,
,,,0.044248,0.387280113995075,0.374608039855957,
,,,0.0443488,0.387280113995075,0.467472366988659,
,,,0.0444496,0.387280113995075,0.560336694121361,
,,,0.0445504,0.387280113995075,0.67973368614912,
,,,0.0446512,0.387280113995075,0.746065348386765,
,,,0.044752,0.387280113995075,0.732799015939236,
,,,0.0448528,0.387280113995075,0.719532683491707,
,,,0.0449536,0.387280113995075,0.706266351044178,
,,,0.0450544,0.407380616292357,0.613402023911476,
,,,0.0451552,0.387280113995075,0.520537696778774,
,,,0.045256,0.407380616292357,0.401140704751015,
,,,0.0453568,0.407380616292357,0.281743712723255,
,,,0.0454576,0.407380616292357,0.175613053143024,
,,,0.0455584,0.387280113995075,0.0694823935627937,
,,,0.0456592,0.387280113995075,-0.0233819335699081,
,,,0.04576,0.387280113995075,-0.11624626070261,
,,,0.0458608,0.387280113995075,-0.182577922940254,
,,,0.0459616,0.387280113995075,-0.248909585177898,
,,,0.0460624,0.387280113995075,-0.288708582520485,
,,,0.0461632,0.387280113995075,-0.301974914968014,
,,,0.046264,0.387280113995075,-0.3417739123106,
,,,0.0463648,0.367179611697793,-0.368306577205658,
,,,0.0464656,0.367179611697793,-0.368306577205658,
,,,0.0465664,0.367179611697793,-0.355040244758129,
,,,0.0466672,0.367179611697793,-0.368306577205658,
,,,0.046768,0.367179611697793,-0.381572909653187,
,,,0.0468688,0.367179611697793,-0.355040244758129,
,,,0.0469696,0.367179611697793,-0.368306577205658,
,,,0.0470704,0.367179611697793,-0.355040244758129,
,,,0.0471712,0.347079109400511,-0.3417739123106,
,,,0.047272,0.347079109400511,-0.3417739123106,
,,,0.0473728,0.326978607103229,-0.315241247415543,
,,,0.0474736,0.306878104805946,-0.328507579863071,
,,,0.0475744,0.306878104805946,-0.288708582520485,
,,,0.0476752,0.306878104805946,-0.262175917625427,
,,,0.047776,0.286777602508664,-0.248909585177898,
,,,0.0478768,0.286777602508664,-0.248909585177898,
,,,0.0479776,0.266677100211382,-0.209110587835312,
,,,0.0480784,0.2465765979141,-0.195844255387783,
,,,0.0481792,0.226476095616817,-0.195844255387783,
,,,0.04828,0.226476095616817,-0.182577922940254,
,,,0.0483808,0.226476095616817,-0.182577922940254,
,,,0.0484816,0.206375593319535,-0.169311590492725,
,,,0.0485824,0.206375593319535,-0.142778925597668,
,,,0.0486832,0.186275091022253,-0.11624626070261,
,,,0.048784,0.166174588724971,-0.11624626070261,
,,,0.0488848,0.146074086427689,-0.11624626070261,
,,,0.0489856,0.146074086427689,-0.102979928255081,
,,,0.0490864,0.125973584130406,-0.0764472633600235,
,,,0.0491872,0.105873081833124,-0.0764472633600235,
,,,0.049288,0.105873081833124,-0.0631809309124947,
,,,0.0493888,0.105873081833124,-0.0631809309124947,
,,,0.0494896,0.0656720772385597,-0.0631809309124947,
,,,0.0495904,0.0857725795358419,-0.0631809309124947,
,,,0.0496912,0.0455715749412775,-0.0631809309124947,
,,,0.049792,0.0455715749412775,-0.0499145984649658,
,,,0.0498928,0.0254710726439953,-0.0631809309124947,
