Time(s),CH1(V),CH2(V)
0.003994,-0.040261,-0.000363
0.003994,-0.040261,0.000963
0.003994,-0.040261,0.002290
0.003994,-0.040261,0.001405
0.003994,-0.040261,-0.000806
0.003995,-0.040261,-0.003017
0.003995,-0.040261,-0.003901
0.003995,-0.040261,-0.002574
0.003995,-0.040261,-0.000363
0.003995,-0.040261,0.001848
0.003995,-0.040261,0.002290
0.003996,-0.040261,0.001848
0.003996,-0.040261,0.000079
0.003996,-0.040261,-0.001690
0.003996,-0.040261,-0.003459
0.003996,-0.040261,-0.004343
0.003996,-0.040261,-0.003459
0.003996,-0.040261,-0.001248
0.003997,-0.040261,0.002290
0.003997,-0.040261,0.003616
0.003997,-0.040261,0.002732
0.003997,-0.040261,0.000521
0.003997,-0.040261,-0.001248
0.003997,-0.040261,-0.002574
0.003997,-0.040261,-0.003017
0.003998,-0.040261,-0.002574
0.003998,-0.040261,-0.001248
0.003998,-0.040261,0.000079
0.003998,-0.040261,0.001848
0.003998,-0.040261,0.002290
0.003998,-0.040261,0.000963
0.003999,-0.040261,-0.000806
0.003999,-0.040261,-0.002574
0.003999,-0.040261,-0.003017
0.003999,-0.040261,-0.002132
0.003999,-0.040261,0.000079
0.003999,-0.040261,0.002290
0.003999,-0.040261,0.003174
0.004000,-0.040261,0.002732
0.004000,-0.040261,0.000963
0.004000,-0.040261,-0.000806
0.004000,-0.040261,-0.000806
0.004000,-0.040261,0.004943
0.004000,-0.000060,0.011134
0.004000,0.040141,0.017325
0.004001,0.040141,0.023074
0.004001,0.040141,0.027938
0.004001,0.080342,0.031476
0.004001,0.080342,0.033687
0.004001,0.120543,0.035456
0.004001,0.120543,0.036340
0.004002,0.120543,0.037224
0.004002,0.160744,0.037667
0.004002,0.160744,0.038993
0.004002,0.200945,0.040320
0.004002,0.200945,0.041647
0.004002,0.200945,0.042531
0.004002,0.241146,0.043415
0.004003,0.241146,0.044742
0.004003,0.241146,0.046069
0.004003,0.281347,0.046511
0.004003,0.281347,0.046511
0.004003,0.281347,0.045627
0.004003,0.321548,0.044300
0.004004,0.321548,0.044300
0.004004,0.361749,0.044742
0.004004,0.361749,0.045184
0.004004,0.361749,0.046511
0.004004,0.401950,0.047395
0.004004,0.401950,0.048280
0.004004,0.401950,0.047395
0.004005,0.442151,0.046069
0.004005,0.442151,0.045184
0.004005,0.442151,0.044742
0.004005,0.482352,0.044742
0.004005,0.482352,0.045627
0.004005,0.482352,0.046511
0.004005,0.522553,0.047395
0.004006,0.522553,0.048280
0.004006,0.522553,0.047395
0.004006,0.562754,0.046069
0.004006,0.562754,0.043858
0.004006,0.562754,0.042531
0.004006,0.602955,0.042531
0.004007,0.602955,0.043858
0.004007,0.602955,0.045627
0.004007,0.643156,0.047395
0.004007,0.643156,0.047838
0.004007,0.643156,0.047395
0.004007,0.643156,0.045627
0.004007,0.683357,0.042973
0.004008,0.683357,0.041204
0.004008,0.683357,0.041204
0.004008,0.723558,0.042531
0.004008,0.723558,0.044300
0.004008,0.723558,0.046069
0.004008,0.763759,0.046511
0.004008,0.763759,0.046069
0.004009,0.763759,0.044300
0.004009,0.803960,0.042531
0.004009,0.803960,0.041204
0.004009,0.803960,0.041647
0.004009,0.803960,0.042973
0.004009,0.844161,0.044300
0.004010,0.844161,0.043858
0.004010,0.844161,0.042089
0.004010,0.884362,0.040762
0.004010,0.884362,0.040320
0.004010,0.884362,0.040762
0.004010,0.924563,0.042089
0.004010,0.924563,0.043415
0.004011,0.924563,0.044300
0.004011,0.924563,0.043858
0.004011,0.964764,0.042973
0.004011,0.964764,0.041204
0.004011,0.964764,0.038993
0.004011,1.004965,0.038109
0.004012,1.004965,0.038109
0.004012,1.004965,0.039436
0.004012,1.045166,0.040320
0.004012,1.045166,0.041647
0.004012,1.045166,0.042089
0.004012,1.045166,0.042089
0.004012,1.085367,0.040320
0.004013,1.085367,0.039436
0.004013,1.085367,0.038993
0.004013,1.125568,0.038993
0.004013,1.125568,0.039436
0.004013,1.125568,0.039878
0.004013,1.125568,0.039878
0.004013,1.165769,0.038993
0.004014,1.165769,0.037667
0.004014,1.165769,0.036782
0.004014,1.205970,0.036340
0.004014,1.205970,0.037224
0.004014,1.205970,0.038551
0.004014,1.205970,0.040320
0.004015,1.246171,0.040762
0.004015,1.246171,0.040320
0.004015,1.246171,0.038551
0.004015,1.246171,0.036782
0.004015,1.286372,0.035456
0.004015,1.286372,0.034571
0.004015,1.286372,0.035898
0.004016,1.286372,0.037224
0.004016,1.326573,0.038551
0.004016,1.326573,0.038993
0.004016,1.326573,0.038551
0.004016,1.366774,0.036782
0.004016,1.366774,0.035898
0.004016,1.366774,0.035898
0.004017,1.366774,0.036340
0.004017,1.366774,0.036782
0.004017,1.406975,0.036782
0.004017,1.406975,0.036782
0.004017,1.406975,0.036782
0.004017,1.447176,0.036340
0.004018,1.447176,0.036340
0.004018,1.447176,0.035013
0.004018,1.447176,0.034129
0.004018,1.487377,0.034129
0.004018,1.487377,0.034571
0.004018,1.487377,0.035898
0.004018,1.487377,0.036340
0.004019,1.527578,0.037224
0.004019,1.527578,0.037224
0.004019,1.527578,0.035898
0.004019,1.527578,0.034571
0.004019,1.567779,0.033245
0.004019,1.567779,0.032360
0.004020,1.567779,0.032360
0.004020,1.567779,0.033687
0.004020,1.567779,0.035013
0.004020,1.607980,0.036340
0.004020,1.607980,0.036340
0.004020,1.607980,0.035013
0.004020,1.648181,0.033687
0.004021,1.648181,0.032802
0.004021,1.648181,0.031476
0.004021,1.648181,0.031034
0.004021,1.688382,0.032360
0.004021,1.688382,0.033687
0.004021,1.688382,0.035013
0.004021,1.688382,0.034571
0.004022,1.728583,0.033687
0.004022,1.728583,0.031918
0.004022,1.728583,0.030591
0.004022,1.728583,0.030591
0.004022,1.728583,0.031034
0.004022,1.768784,0.032360
0.004023,1.768784,0.033687
0.004023,1.768784,0.034129
0.004023,1.768784,0.033245
0.004023,1.808985,0.031476
0.004023,1.808985,0.030591
0.004023,1.808985,0.029707
0.004023,1.808985,0.029707
0.004024,1.808985,0.030149
0.004024,1.849186,0.031476
0.004024,1.849186,0.032360
0.004024,1.849186,0.032802
0.004024,1.849186,0.032360
0.004024,1.849186,0.031476
0.004025,1.889387,0.030591
0.004025,1.889387,0.030591
0.004025,1.889387,0.030591
0.004025,1.929588,0.030591
0.004025,1.929588,0.030591
0.004025,1.929588,0.030591
0.004025,1.929588,0.030149
0.004026,1.929588,0.029707
0.004026,1.969789,0.029707
0.004026,1.969789,0.030149
0.004026,1.969789,0.030149
0.004026,1.969789,0.030149
0.004026,1.969789,0.030149
0.004026,2.009990,0.030149
0.004027,2.009990,0.030591
0.004027,2.009990,0.030149
0.004027,2.009990,0.029707
0.004027,2.050191,0.029265
0.004027,2.050191,0.029265
0.004027,2.050191,0.028822
0.004028,2.050191,0.029265
0.004028,2.050191,0.028822
0.004028,2.050191,0.027496
0.004028,2.090392,0.026611
0.004028,2.090392,0.027054
0.004028,2.090392,0.028822
0.004028,2.090392,0.029707
0.004029,2.090392,0.030149
0.004029,2.130593,0.029707
0.004029,2.130593,0.028822
0.004029,2.130593,0.028380
0.004029,2.130593,0.027496
0.004029,2.170794,0.026611
0.004029,2.170794,0.025727
0.004030,2.170794,0.026169
0.004030,2.170794,0.026611
0.004030,2.170794,0.027054
0.004030,2.170794,0.027496
0.004030,2.210995,0.027938
0.004030,2.210995,0.027938
0.004031,2.210995,0.027938
0.004031,2.210995,0.027938
0.004031,2.210995,0.027054
0.004031,2.251196,0.026611
0.004031,2.251196,0.026169
0.004031,2.251196,0.025285
0.004031,2.251196,0.024843
0.004032,2.251196,0.024843
0.004032,2.251196,0.025727
0.004032,2.291397,0.027054
0.004032,2.291397,0.027496
0.004032,2.291397,0.027496
0.004032,2.291397,0.027496
0.004033,2.291397,0.026611
0.004033,2.331598,0.025285
0.004033,2.331598,0.024400
0.004033,2.331598,0.023958
0.004033,2.331598,0.023516
0.004033,2.331598,0.024843
0.004033,2.331598,0.026169
0.004034,2.371799,0.027054
0.004034,2.371799,0.027054
0.004034,2.371799,0.025727
0.004034,2.371799,0.024400
0.004034,2.371799,0.023958
0.004034,2.371799,0.023958
0.004034,2.412000,0.024843
0.004035,2.412000,0.025285
0.004035,2.412000,0.025285
0.004035,2.412000,0.025285
0.004035,2.412000,0.025285
0.004035,2.412000,0.024843
0.004035,2.412000,0.023958
0.004036,2.412000,0.023516
0.004036,2.412000,0.023516
0.004036,2.412000,0.023958
0.004036,2.412000,0.025285
0.004036,2.452201,0.025285
0.004036,2.452201,0.024843
0.004036,2.452201,0.023958
0.004037,2.452201,0.023516
0.004037,2.452201,0.023958
0.004037,2.452201,0.023958
0.004037,2.492402,0.023958
0.004037,2.492402,0.023074
0.004037,2.492402,0.022189
0.004037,2.492402,0.022189
0.004038,2.492402,0.022189
0.004038,2.492402,0.022189
0.004038,2.532603,0.022632
0.004038,2.532603,0.023074
0.004038,2.532603,0.023516
0.004038,2.532603,0.023958
0.004039,2.532603,0.023958
0.004039,2.572804,0.023516
0.004039,2.572804,0.022632
0.004039,2.572804,0.021305
0.004039,2.572804,0.019978
0.004039,2.572804,0.019978
0.004039,2.572804,0.021305
0.004040,2.572804,0.023074
0.004040,2.613005,0.024400
0.004040,2.613005,0.024400
0.004040,2.613005,0.023074
0.004040,2.613005,0.021305
0.004040,2.613005,0.019536
0.004041,2.613005,0.019094
0.004041,2.653206,0.019094
0.004041,2.653206,0.020863
0.004041,2.653206,0.023074
0.004041,2.653206,0.024400
0.004041,2.653206,0.024400
0.004041,2.653206,0.022632
0.004042,2.653206,0.019978
0.004042,2.693407,0.017767
0.004042,2.693407,0.017325
0.004042,2.693407,0.017767
0.004042,2.693407,0.019536
0.004042,2.693407,0.022189
0.004042,2.693407,0.024843
0.004043,2.693407,0.025285
0.004043,2.733608,0.023074
0.004043,2.733608,0.019536
0.004043,2.733608,0.017325
0.004043,2.733608,0.016883
0.004043,2.733608,0.017325
0.004044,2.733608,0.019094
0.004044,2.733608,0.021305
0.004044,2.773809,0.022632
0.004044,2.773809,0.023074
0.004044,2.773809,0.021747
0.004044,2.773809,0.019536
0.004044,2.773809,0.017767
0.004045,2.773809,0.017325
0.004045,2.814010,0.017767
0.004045,2.814010,0.019536
0.004045,2.814010,0.021305
0.004045,2.814010,0.021747
0.004045,2.814010,0.021305
0.004045,2.814010,0.020420
0.004046,2.814010,0.019536
0.004046,2.854211,0.018652
0.004046,2.854211,0.018209
0.004046,2.854211,0.017767
0.004046,2.854211,0.018209
0.004046,2.854211,0.019094
0.004047,2.854211,0.019978
0.004047,2.854211,0.019978
0.004047,2.854211,0.019536
0.004047,2.894412,0.019536
0.004047,2.894412,0.019094
0.004047,2.894412,0.019094
0.004047,2.894412,0.018209
0.004048,2.894412,0.017767
0.004048,2.894412,0.017325
0.004048,2.894412,0.017325
0.004048,2.894412,0.017325
0.004048,2.934613,0.018209
0.004048,2.934613,0.018652
0.004049,2.934613,0.019094
0.004049,2.934613,0.019536
0.004049,2.934613,0.019978
0.004049,2.934613,0.019536
0.004049,2.934613,0.018209
0.004049,2.974814,0.017325
0.004049,2.974814,0.016441
0.004050,2.974814,0.015556
0.004050,2.974814,0.015556
0.004050,2.974814,0.016441
0.004050,2.974814,0.017325
0.004050,2.974814,0.019094
0.004050,3.015015,0.019978
0.004050,3.015015,0.019536
0.004051,3.015015,0.018652
0.004051,3.015015,0.017325
0.004051,3.015015,0.016441
0.004051,3.015015,0.015114
0.004051,3.015015,0.015114
0.004051,3.015015,0.015998
0.004052,3.015015,0.017325
0.004052,3.055216,0.017767
0.004052,3.055216,0.018209
0.004052,3.055216,0.017767
0.004052,3.055216,0.016441
0.004052,3.055216,0.015998
0.004052,3.055216,0.015998
0.004053,3.055216,0.016883
0.004053,3.055216,0.017325
0.004053,3.095417,0.017325
0.004053,3.095417,0.017325
0.004053,3.095417,0.017325
0.004053,3.095417,0.016883
0.004054,3.095417,0.015998
0.004054,3.095417,0.015114
0.004054,3.095417,0.015114
0.004054,3.095417,0.015114
0.004054,3.135618,0.015998
0.004054,3.135618,0.017325
0.004054,3.135618,0.017767
0.004055,3.135618,0.017325
0.004055,3.135618,0.017325
0.004055,3.135618,0.016441
0.004055,3.135618,0.015998
0.004055,3.135618,0.015556
0.004055,3.135618,0.015114
0.004055,3.135618,0.014672
0.004056,3.175819,0.015556
0.004056,3.175819,0.016441
0.004056,3.175819,0.017325
0.004056,3.175819,0.016883
0.004056,3.175819,0.016441
0.004056,3.175819,0.015998
0.004057,3.175819,0.015998
0.004057,3.175819,0.015556
0.004057,3.175819,0.015114
0.004057,3.216020,0.015114
0.004057,3.216020,0.015114
0.004057,3.216020,0.015556
0.004057,3.216020,0.015556
0.004058,3.216020,0.015556
0.004058,3.216020,0.015114
0.004058,3.216020,0.014672
0.004058,3.216020,0.015114
0.004058,3.256221,0.015114
0.004058,3.256221,0.015114
0.004058,3.256221,0.014672
0.004059,3.256221,0.013787
0.004059,3.256221,0.014230
0.004059,3.256221,0.015114
0.004059,3.256221,0.015998
0.004059,3.256221,0.015998
0.004059,3.256221,0.015998
0.004060,3.296422,0.015556
0.004060,3.256221,0.015114
0.004060,3.296422,0.014230
0.004060,3.296422,0.012461
0.004060,3.296422,0.011576
0.004060,3.296422,0.012018
0.004060,3.296422,0.013787
0.004061,3.296422,0.015114
0.004061,3.296422,0.016441
0.004061,3.296422,0.016441
0.004061,3.296422,0.015556
0.004061,3.336623,0.014230
0.004061,3.336623,0.012903
0.004062,3.336623,0.011576
0.004062,3.336623,0.011576
0.004062,3.336623,0.013345
0.004062,3.336623,0.015556
0.004062,3.336623,0.016441
0.004062,3.336623,0.015556
0.004062,3.336623,0.014230
0.004063,3.376824,0.012461
0.004063,3.376824,0.011576
0.004063,3.376824,0.011134
0.004063,3.376824,0.011134
0.004063,3.376824,0.012903
0.004063,3.376824,0.015114
0.004063,3.376824,0.016441
0.004064,3.376824,0.015998
0.004064,3.376824,0.014672
0.004064,3.376824,0.012461
0.004064,3.417025,0.011134
0.004064,3.417025,0.011134
0.004064,3.417025,0.012018
0.004065,3.417025,0.012903
0.004065,3.417025,0.013787
0.004065,3.417025,0.014672
0.004065,3.417025,0.014672
0.004065,3.417025,0.013345
0.004065,3.417025,0.012461
0.004065,3.417025,0.011576
0.004066,3.457226,0.012018
0.004066,3.457226,0.012461
0.004066,3.457226,0.013345
0.004066,3.457226,0.013787
0.004066,3.457226,0.013345
0.004066,3.457226,0.012461
0.004066,3.457226,0.012018
0.004067,3.457226,0.011576
0.004067,3.457226,0.011576
0.004067,3.457226,0.012461
0.004067,3.457226,0.013345
0.004067,3.457226,0.013345
0.004067,3.457226,0.013345
0.004068,3.497427,0.012903
0.004068,3.497427,0.012018
0.004068,3.497427,0.010692
0.004068,3.497427,0.010250
0.004068,3.497427,0.010692
0.004068,3.497427,0.011576
0.004068,3.497427,0.012461
0.004069,3.497427,0.013345
0.004069,3.497427,0.012903
0.004069,3.497427,0.012461
0.004069,3.497427,0.012461
0.004069,3.537628,0.012461
0.004069,3.537628,0.011576
0.004070,3.537628,0.011134
0.004070,3.537628,0.010692
0.004070,3.537628,0.011134
0.004070,3.537628,0.011576
0.004070,3.537628,0.011576
0.004070,3.537628,0.011134
0.004070,3.537628,0.011134
0.004071,3.537628,0.011576
0.004071,3.537628,0.012461
0.004071,3.577829,0.012903
0.004071,3.577829,0.012018
0.004071,3.577829,0.012018
0.004071,3.577829,0.011134
0.004071,3.577829,0.010692
0.004072,3.577829,0.009807
0.004072,3.577829,0.010250
0.004072,3.577829,0.011134
0.004072,3.577829,0.012461
0.004072,3.577829,0.012461
0.004072,3.577829,0.011576
0.004073,3.577829,0.010250
0.004073,3.618030,0.009807
0.004073,3.618030,0.009807
0.004073,3.618030,0.010250
0.004073,3.618030,0.010692
0.004073,3.618030,0.011134
0.004073,3.618030,0.011576
0.004074,3.618030,0.012018
0.004074,3.618030,0.012461
0.004074,3.618030,0.011576
0.004074,3.618030,0.009807
0.004074,3.618030,0.008481
0.004074,3.618030,0.008481
0.004074,3.618030,0.009365
0.004075,3.658231,0.010250
0.004075,3.658231,0.011134
0.004075,3.658231,0.011576
0.004075,3.658231,0.012018
0.004075,3.658231,0.012018
0.004075,3.658231,0.011134
0.004076,3.658231,0.009807
0.004076,3.658231,0.009365
0.004076,3.658231,0.008923
0.004076,3.658231,0.009365
0.004076,3.658231,0.009365
0.004076,3.658231,0.010250
0.004076,3.658231,0.010692
0.004077,3.658231,0.010692
0.004077,3.658231,0.010692
0.004077,3.698432,0.010250
0.004077,3.698432,0.009807
0.004077,3.698432,0.009365
0.004077,3.698432,0.009365
0.004078,3.698432,0.009807
0.004078,3.698432,0.010250
0.004078,3.698432,0.010250
0.004078,3.698432,0.009807
0.004078,3.698432,0.009365
0.004078,3.698432,0.008923
0.004078,3.698432,0.008481
0.004079,3.698432,0.008481
0.004079,3.698432,0.008481
0.004079,3.698432,0.008923
0.004079,3.698432,0.010250
0.004079,3.698432,0.012018
0.004079,3.738633,0.012461
0.004079,3.738633,0.011134
0.004080,3.738633,0.009807
0.004080,3.738633,0.008039
0.004080,3.738633,0.006712
0.004080,3.738633,0.006712
0.004080,3.738633,0.007154
0.004080,3.738633,0.008481
0.004081,3.738633,0.009365
0.004081,3.738633,0.010692
0.004081,3.738633,0.011576
0.004081,3.738633,0.011576
0.004081,3.778834,0.010250
0.004081,3.778834,0.008481
0.004081,3.778834,0.007154
0.004082,3.778834,0.007596
0.004082,3.778834,0.008481
0.004082,3.778834,0.009365
0.004082,3.778834,0.009365
0.004082,3.778834,0.009365
0.004082,3.778834,0.008481
0.004083,3.778834,0.008039
0.004083,3.778834,0.008039
0.004083,3.778834,0.008039
0.004083,3.778834,0.008923
0.004083,3.778834,0.009365
0.004083,3.778834,0.009807
0.004083,3.778834,0.009807
0.004084,3.819035,0.008923
0.004084,3.819035,0.007596
0.004084,3.819035,0.006712
0.004084,3.819035,0.006270
0.004084,3.819035,0.007154
0.004084,3.819035,0.008481
0.004084,3.819035,0.009807
0.004085,3.819035,0.010692
0.004085,3.819035,0.011134
0.004085,3.819035,0.010250
0.004085,3.819035,0.008039
0.004085,3.819035,0.006270
0.004085,3.819035,0.005385
0.004086,3.819035,0.005828
0.004086,3.819035,0.007596
0.004086,3.859236,0.008923
0.004086,3.859236,0.010250
0.004086,3.859236,0.010692
0.004086,3.859236,0.009365
0.004086,3.859236,0.007596
0.004087,3.859236,0.006270
0.004087,3.859236,0.005828
0.004087,3.859236,0.006712
0.004087,3.859236,0.008481
0.004087,3.859236,0.009365
0.004087,3.859236,0.009807
0.004087,3.859236,0.008923
0.004088,3.859236,0.008039
0.004088,3.859236,0.006712
0.004088,3.859236,0.005385
0.004088,3.859236,0.005385
0.004088,3.859236,0.006270
0.004088,3.899437,0.007596
0.004089,3.899437,0.008923
0.004089,3.899437,0.009807
0.004089,3.899437,0.009807
0.004089,3.899437,0.008923
0.004089,3.899437,0.007596
0.004089,3.899437,0.006712
0.004089,3.899437,0.005828
0.004090,3.899437,0.005828
0.004090,3.899437,0.005828
0.004090,3.899437,0.006712
0.004090,3.899437,0.007596
0.004090,3.899437,0.008039
0.004090,3.899437,0.008481
0.004091,3.899437,0.008923
0.004091,3.899437,0.008923
0.004091,3.899437,0.008039
0.004091,3.899437,0.007154
0.004091,3.899437,0.006270
0.004091,3.899437,0.005828
0.004091,3.939638,0.005385
0.004092,3.939638,0.005385
0.004092,3.939638,0.006712
0.004092,3.939638,0.008039
0.004092,3.939638,0.008481
0.004092,3.939638,0.008039
0.004092,3.939638,0.007596
0.004092,3.939638,0.007154
0.004093,3.939638,0.006712
0.004093,3.939638,0.006712
0.004093,3.939638,0.006270
0.004093,3.939638,0.005828
0.004093,3.939638,0.005828
0.004093,3.939638,0.006270
0.004094,3.939638,0.007154
0.004094,3.939638,0.008039
0.004094,3.939638,0.008039
0.004094,3.939638,0.008481
0.004094,3.939638,0.007596
0.004094,3.939638,0.007154
0.004094,3.939638,0.006270
0.004095,3.979839,0.004943
0.004095,3.979839,0.004501
0.004095,3.979839,0.004943
0.004095,3.979839,0.006270
0.004095,3.979839,0.007596
0.004095,3.979839,0.008039
0.004095,3.979839,0.008039
0.004096,3.979839,0.007596
0.004096,3.979839,0.006712
0.004096,3.979839,0.005828
0.004096,3.979839,0.005385
0.004096,3.979839,0.005828
0.004096,3.979839,0.006712
0.004097,3.979839,0.007596
0.004097,3.979839,0.008039
0.004097,3.979839,0.007596
0.004097,3.979839,0.007154
0.004097,3.979839,0.006270
0.004097,3.979839,0.004943
0.004097,3.979839,0.004059
0.004098,4.020040,0.004943
0.004098,4.020040,0.006270
0.004098,4.020040,0.007596
0.004098,4.020040,0.008481
0.004098,4.020040,0.008039
0.004098,4.020040,0.006712
0.004099,4.020040,0.005385
0.004099,4.020040,0.004059
0.004099,4.020040,0.003616
0.004099,4.020040,0.003616
0.004099,4.020040,0.004501
0.004099,4.020040,0.006270
0.004099,4.020040,0.008039
0.004100,4.020040,0.008923
0.004100,4.020040,0.008481
0.004100,4.020040,0.007154
0.004100,4.020040,0.005385
0.004100,4.020040,0.004059
0.004100,4.020040,0.003174
0.004100,4.020040,0.003174
0.004101,4.060241,0.004501
0.004101,4.060241,0.006270
0.004101,4.060241,0.007154
0.004101,4.060241,0.006712
0.004101,4.060241,0.005828
0.004101,4.060241,0.005828
0.004102,4.060241,0.006270
0.004102,4.060241,0.005828
0.004102,4.060241,0.005385
0.004102,4.060241,0.004943
0.004102,4.060241,0.004943
0.004102,4.060241,0.005828
0.004102,4.060241,0.006270
0.004103,4.060241,0.005828
0.004103,4.060241,0.005385
0.004103,4.060241,0.005385
0.004103,4.060241,0.005828
0.004103,4.060241,0.006270
0.004103,4.060241,0.005828
0.004103,4.060241,0.004943
0.004104,4.060241,0.004501
0.004104,4.060241,0.004501
0.004104,4.060241,0.005385
0.004104,4.060241,0.005828
0.004104,4.060241,0.006270
0.004104,4.060241,0.006712
0.004105,4.100442,0.006712
0.004105,4.100442,0.005828
0.004105,4.100442,0.005385
0.004105,4.100442,0.004501
0.004105,4.100442,0.003616
0.004105,4.100442,0.004059
0.004105,4.100442,0.004943
0.004106,4.100442,0.006270
0.004106,4.100442,0.006270
0.004106,4.100442,0.006712
0.004106,4.100442,0.006270
0.004106,4.100442,0.005385
0.004106,4.100442,0.004501
0.004107,4.100442,0.004501
0.004107,4.100442,0.004943
0.004107,4.100442,0.004943
0.004107,4.100442,0.005385
0.004107,4.100442,0.005828
0.004107,4.100442,0.006270
0.004107,4.100442,0.005385
0.004108,4.100442,0.004501
0.004108,4.100442,0.004059
0.004108,4.100442,0.004059
0.004108,4.100442,0.004501
0.004108,4.140643,0.004943
0.004108,4.140643,0.005385
0.004108,4.140643,0.005828
0.004109,4.140643,0.005385
0.004109,4.100442,0.004501
0.004109,4.100442,0.004059
0.004109,4.100442,0.004059
0.004109,4.140643,0.004501
0.004109,4.140643,0.005385
0.004110,4.140643,0.005828
0.004110,4.140643,0.005385
0.004110,4.140643,0.004059
0.004110,4.140643,0.002290
0.004110,4.140643,0.001848
0.004110,4.140643,0.003174
0.004110,4.140643,0.004943
0.004111,4.140643,0.007154
0.004111,4.140643,0.007596
0.004111,4.140643,0.006712
0.004111,4.140643,0.004943
0.004111,4.140643,0.002290
0.004111,4.140643,0.000963
0.004112,4.140643,0.001405
0.004112,4.140643,0.003174
0.004112,4.140643,0.005828
0.004112,4.140643,0.007596
0.004112,4.140643,0.008039
0.004112,4.140643,0.006712
0.004112,4.140643,0.004501
0.004113,4.140643,0.002290
0.004113,4.140643,0.001405
0.004113,4.180844,0.001405
0.004113,4.180844,0.002732
0.004113,4.180844,0.004943
0.004113,4.180844,0.006712
0.004113,4.180844,0.007154
0.004114,4.180844,0.006712
0.004114,4.180844,0.004943
0.004114,4.180844,0.003174
0.004114,4.180844,0.002290
0.004114,4.180844,0.001848
0.004114,4.180844,0.003174
0.004115,4.180844,0.004943
0.004115,4.180844,0.006712
0.004115,4.180844,0.006712
0.004115,4.180844,0.005828
0.004115,4.180844,0.004059
0.004115,4.180844,0.002732
0.004115,4.180844,0.002290
0.004116,4.180844,0.002290
0.004116,4.180844,0.003174
0.004116,4.180844,0.004501
0.004116,4.180844,0.006270
0.004116,4.180844,0.006712
0.004116,4.180844,0.006270
0.004116,4.180844,0.005385
0.004117,4.180844,0.003616
0.004117,4.180844,0.002290
0.004117,4.180844,0.001848
0.004117,4.180844,0.002290
0.004117,4.221045,0.003616
0.004117,4.221045,0.004943
0.004118,4.221045,0.005828
0.004118,4.221045,0.005385
0.004118,4.180844,0.004059
0.004118,4.180844,0.002732
0.004118,4.221045,0.002732
0.004118,4.221045,0.003174
0.004118,4.221045,0.004059
0.004119,4.221045,0.005385
0.004119,4.221045,0.005828
0.004119,4.221045,0.004943
0.004119,4.221045,0.003616
0.004119,4.221045,0.001405
0.004119,4.221045,0.000521
0.004120,4.221045,0.000521
0.004120,4.221045,0.002732
0.004120,4.221045,0.005385
0.004120,4.221045,0.007596
0.004120,4.221045,0.007596
0.004120,4.221045,0.005828
0.004120,4.221045,0.003174
0.004121,4.221045,0.000963
0.004121,4.221045,0.000079
0.004121,4.221045,0.000521
0.004121,4.221045,0.002290
0.004121,4.221045,0.004501
0.004121,4.221045,0.006712
0.004121,4.221045,0.007154
0.004122,4.221045,0.005385
0.004122,4.221045,0.002290
0.004122,4.221045,0.000079
0.004122,4.221045,0.000079
0.004122,4.221045,0.001405
0.004122,4.221045,0.003616
0.004123,4.261246,0.006270
0.004123,4.261246,0.007154
0.004123,4.261246,0.006270
0.004123,4.261246,0.004059
0.004123,4.221045,0.001848
0.004123,4.221045,0.000079
0.004123,4.221045,-0.000363
0.004124,4.261246,0.000963
0.004124,4.261246,0.003616
0.004124,4.261246,0.006270
0.004124,4.261246,0.007154
0.004124,4.261246,0.006712
0.004124,4.261246,0.004501
0.004124,4.261246,0.001848
0.004125,4.261246,0.000521
0.004125,4.261246,0.000521
0.004125,4.261246,0.001848
0.004125,4.261246,0.004059
0.004125,4.261246,0.005828
0.004125,4.261246,0.005828
0.004126,4.261246,0.004943
0.004126,4.261246,0.003174
0.004126,4.261246,0.001848
0.004126,4.261246,0.000963
0.004126,4.261246,0.000963
0.004126,4.261246,0.002732
0.004126,4.261246,0.004943
0.004127,4.261246,0.006270
0.004127,4.261246,0.005828
0.004127,4.261246,0.004059
0.004127,4.261246,0.001848
0.004127,4.261246,0.000521
0.004127,4.261246,0.000521
0.004128,4.261246,0.001405
0.004128,4.261246,0.002732
0.004128,4.261246,0.004501
0.004128,4.261246,0.005385
0.004128,4.261246,0.005385
0.004128,4.261246,0.004059
0.004128,4.261246,0.002732
0.004129,4.261246,0.001405
0.004129,4.261246,0.000963
0.004129,4.301447,0.001405
0.004129,4.301447,0.002732
0.004129,4.301447,0.003616
0.004129,4.301447,0.004501
0.004129,4.301447,0.004501
0.004130,4.301447,0.004059
0.004130,4.301447,0.003174
0.004130,4.301447,0.002290
0.004130,4.301447,0.001848
0.004130,4.301447,0.002290
0.004130,4.301447,0.002732
0.004131,4.301447,0.003174
0.004131,4.301447,0.003174
0.004131,4.301447,0.003174
0.004131,4.301447,0.003174
0.004131,4.301447,0.002732
0.004131,4.301447,0.002732
0.004131,4.301447,0.002732
0.004132,4.301447,0.003174
0.004132,4.301447,0.002732
0.004132,4.301447,0.002732
0.004132,4.301447,0.002290
0.004132,4.301447,0.002732
0.004132,4.301447,0.002732
0.004132,4.301447,0.002732
0.004133,4.301447,0.002732
0.004133,4.301447,0.002290
0.004133,4.301447,0.002290
0.004133,4.301447,0.002290
0.004133,4.301447,0.002732
0.004133,4.301447,0.003174
0.004134,4.301447,0.003616
0.004134,4.301447,0.004059
0.004134,4.301447,0.004059
0.004134,4.301447,0.003174
0.004134,4.301447,0.001848
0.004134,4.301447,0.000521
0.004134,4.301447,0.000079
0.004135,4.301447,0.001405
0.004135,4.301447,0.002290
0.004135,4.301447,0.003616
0.004135,4.301447,0.004501
0.004135,4.301447,0.004059
0.004135,4.301447,0.003616
0.004136,4.301447,0.002732
0.004136,4.301447,0.001848
0.004136,4.301447,0.001848
0.004136,4.341648,0.001848
0.004136,4.301447,0.002732
0.004136,4.341648,0.003174
0.004136,4.341648,0.003174
0.004137,4.341648,0.002732
0.004137,4.341648,0.002290
0.004137,4.341648,0.001405
0.004137,4.341648,0.000521
0.004137,4.341648,0.000963
0.004137,4.341648,0.002290
0.004137,4.341648,0.003616
0.004138,4.341648,0.005385
0.004138,4.341648,0.005385
0.004138,4.341648,0.004501
0.004138,4.341648,0.002732
0.004138,4.341648,0.000963
0.004138,4.341648,-0.000363
0.004139,4.341648,-0.001248
0.004139,4.341648,-0.000363
0.004139,4.341648,0.001848
0.004139,4.341648,0.004059
0.004139,4.341648,0.004501
0.004139,4.341648,0.004059
0.004139,4.341648,0.002732
0.004140,4.341648,0.001848
0.004140,4.341648,0.001848
0.004140,4.341648,0.001848
0.004140,4.341648,0.001848
0.004140,4.341648,0.001848
0.004140,4.341648,0.001848
0.004141,4.341648,0.002290
0.004141,4.341648,0.001848
0.004141,4.341648,0.000963
0.004141,4.341648,0.000521
0.004141,4.341648,0.000963
0.004141,4.341648,0.002732
0.004141,4.341648,0.004059
0.004142,4.341648,0.004501
0.004142,4.341648,0.003174
0.004142,4.341648,0.001848
0.004142,4.341648,0.000521
0.004142,4.341648,0.000079
0.004142,4.341648,0.000521
0.004142,4.341648,0.001405
0.004143,4.341648,0.002732
0.004143,4.341648,0.004059
0.004143,4.341648,0.004943
0.004143,4.341648,0.004501
0.004143,4.341648,0.002290
0.004143,4.341648,0.000079
0.004144,4.341648,-0.000363
0.004144,4.341648,0.000521
0.004144,4.341648,0.001405
0.004144,4.341648,0.002732
0.004144,4.381849,0.003616
0.004144,4.341648,0.004501
0.004144,4.341648,0.003616
0.004145,4.341648,0.002290
0.004145,4.381849,0.000963
0.004145,4.381849,0.000079
0.004145,4.381849,-0.000363
0.004145,4.381849,0.000963
0.004145,4.381849,0.002732
0.004145,4.381849,0.004501
0.004146,4.381849,0.004943
0.004146,4.381849,0.004059
0.004146,4.381849,0.002290
0.004146,4.381849,0.000079
0.004146,4.381849,-0.000806
0.004146,4.381849,-0.000806
0.004147,4.381849,0.000079
0.004147,4.381849,0.001848
0.004147,4.381849,0.003616
0.004147,4.381849,0.004943
0.004147,4.381849,0.004059
0.004147,4.381849,0.003174
0.004147,4.381849,0.001405
0.004148,4.381849,-0.000363
0.004148,4.381849,-0.000806
0.004148,4.381849,-0.000363
0.004148,4.381849,0.001405
0.004148,4.381849,0.002732
0.004148,4.381849,0.004059
0.004149,4.381849,0.004059
0.004149,4.381849,0.003174
0.004149,4.381849,0.002290
0.004149,4.381849,0.000963
0.004149,4.381849,0.000521
0.004149,4.381849,0.000079
0.004149,4.381849,0.000079
0.004150,4.381849,0.000963
0.004150,4.381849,0.001848
0.004150,4.381849,0.002732
0.004150,4.381849,0.002732
0.004150,4.381849,0.002732
0.004150,4.381849,0.002290
0.004150,4.381849,0.001848
0.004151,4.381849,0.001405
0.004151,4.381849,0.000521
0.004151,4.381849,0.000521
0.004151,4.381849,0.001405
0.004151,4.381849,0.002290
0.004151,4.381849,0.002732
0.004152,4.381849,0.002290
0.004152,4.381849,0.001848
0.004152,4.381849,0.001848
0.004152,4.381849,0.001848
0.004152,4.381849,0.000963
0.004152,4.381849,0.000521
0.004152,4.381849,0.000521
0.004153,4.381849,0.001405
0.004153,4.381849,0.002732
0.004153,4.381849,0.003174
0.004153,4.381849,0.002732
0.004153,4.381849,0.001848
0.004153,4.422050,0.001405
0.004153,4.422050,0.001405
0.004154,4.422050,0.000521
0.004154,4.422050,0.000079
0.004154,4.422050,0.000521
0.004154,4.422050,0.000963
0.004154,4.381849,0.001848
0.004154,4.381849,0.002732
0.004155,4.422050,0.002732
0.004155,4.422050,0.002732
0.004155,4.422050,0.002290
0.004155,4.422050,0.002290
0.004155,4.422050,0.001405
0.004155,4.422050,0.000963
0.004155,4.422050,0.000079
0.004156,4.422050,0.000079
0.004156,4.422050,0.000521
0.004156,4.422050,0.001405
0.004156,4.422050,0.001405
0.004156,4.422050,0.001405
0.004156,4.422050,0.000963
0.004157,4.422050,0.000963
0.004157,4.422050,0.000963
0.004157,4.422050,0.001848
0.004157,4.422050,0.002732
0.004157,4.422050,0.003616
0.004157,4.422050,0.003174
0.004157,4.422050,0.002290
0.004158,4.422050,0.001405
0.004158,4.422050,0.000521
0.004158,4.422050,0.000079
0.004158,4.422050,0.000079
0.004158,4.422050,0.000079
0.004158,4.422050,0.000963
0.004158,4.422050,0.001848
0.004159,4.422050,0.002290
0.004159,4.422050,0.002290
0.004159,4.422050,0.001848
0.004159,4.422050,0.001405
0.004159,4.422050,0.000963
0.004159,4.422050,0.000521
0.004160,4.422050,0.000963
0.004160,4.422050,0.001405
0.004160,4.422050,0.002290
0.004160,4.422050,0.002290
0.004160,4.422050,0.002290
0.004160,4.422050,0.001405
0.004160,4.422050,0.000521
0.004161,4.422050,-0.000363
0.004161,4.422050,-0.000363
0.004161,4.422050,0.000079
0.004161,4.422050,0.001405
0.004161,4.422050,0.002732
0.004161,4.422050,0.003174
0.004161,4.422050,0.003174
0.004162,4.422050,0.002290
0.004162,4.422050,0.000963
0.004162,4.422050,-0.000363
0.004162,4.422050,-0.000806
0.004162,4.422050,0.000079
0.004162,4.422050,0.000963
0.004163,4.422050,0.001848
0.004163,4.422050,0.002732
0.004163,4.422050,0.002732
0.004163,4.422050,0.002290
0.004163,4.422050,0.000521
0.004163,4.422050,-0.000363
0.004163,4.422050,-0.001248
0.004164,4.422050,-0.000363
0.004164,4.422050,0.000963
0.004164,4.422050,0.003616
0.004164,4.422050,0.004501
0.004164,4.422050,0.003616
0.004164,4.422050,0.001848
0.004165,4.422050,0.000521
0.004165,4.422050,-0.000806
0.004165,4.422050,-0.002132
0.004165,4.462251,-0.001690
0.004165,4.422050,-0.000363
0.004165,4.422050,0.001848
0.004165,4.422050,0.003174
0.004166,4.462251,0.003174
0.004166,4.462251,0.002290
0.004166,4.462251,0.001405
0.004166,4.462251,0.000963
0.004166,4.462251,0.000521
0.004166,4.462251,0.000521
0.004166,4.462251,0.000963
0.004167,4.462251,0.001848
0.004167,4.462251,0.002290
0.004167,4.462251,0.001848
0.004167,4.462251,0.000079
0.004167,4.462251,-0.001248
0.004167,4.462251,-0.001248
0.004168,4.462251,0.000521
0.004168,4.462251,0.002290
0.004168,4.462251,0.003174
0.004168,4.462251,0.003174
0.004168,4.462251,0.002290
0.004168,4.462251,0.000963
0.004168,4.462251,-0.000363
0.004169,4.462251,-0.000363
0.004169,4.462251,0.000079
0.004169,4.462251,0.000963
0.004169,4.462251,0.002290
0.004169,4.462251,0.001848
0.004169,4.462251,0.000521
0.004170,4.462251,-0.000363
0.004170,4.462251,-0.000363
0.004170,4.462251,0.000079
0.004170,4.462251,0.000963
0.004170,4.462251,0.002290
0.004170,4.462251,0.002732
0.004170,4.462251,0.003174
0.004171,4.462251,0.001848
0.004171,4.462251,0.000963
0.004171,4.462251,-0.000363
0.004171,4.462251,-0.000806
0.004171,4.462251,0.000079
0.004171,4.462251,0.001405
0.004171,4.462251,0.001848
0.004172,4.462251,0.001405
0.004172,4.462251,0.000521
0.004172,4.462251,0.000521
0.004172,4.462251,0.000521
0.004172,4.462251,0.000521
0.004172,4.462251,0.000963
0.004173,4.462251,0.001405
0.004173,4.462251,0.001848
0.004173,4.462251,0.001848
0.004173,4.462251,0.001405
0.004173,4.462251,0.000079
0.004173,4.462251,-0.000806
0.004173,4.462251,-0.000363
0.004174,4.462251,0.000521
0.004174,4.462251,0.001405
0.004174,4.462251,0.001848
0.004174,4.462251,0.001848
0.004174,4.462251,0.001405
0.004174,4.462251,0.000079
0.004174,4.462251,-0.001248
0.004175,4.462251,-0.001248
0.004175,4.462251,0.000079
0.004175,4.462251,0.001848
0.004175,4.462251,0.002732
0.004175,4.462251,0.002732
0.004175,4.462251,0.001848
0.004176,4.462251,0.000079
0.004176,4.462251,-0.001248
0.004176,4.462251,-0.002132
0.004176,4.462251,-0.001248
0.004176,4.462251,0.000079
0.004176,4.462251,0.001405
0.004176,4.462251,0.002732
0.004177,4.462251,0.003174
0.004177,4.462251,0.001848
0.004177,4.462251,0.000521
0.004177,4.462251,-0.000806
0.004177,4.462251,-0.001248
0.004177,4.462251,-0.000806
0.004178,4.462251,0.000521
0.004178,4.462251,0.002290
0.004178,4.462251,0.004059
0.004178,4.462251,0.003174
0.004178,4.462251,0.001405
0.004178,4.462251,-0.000806
0.004178,4.462251,-0.001690
0.004179,4.462251,-0.001248
0.004179,4.462251,-0.000363
0.004179,4.462251,0.000521
0.004179,4.462251,0.001405
0.004179,4.462251,0.002290
0.004179,4.462251,0.002732
0.004179,4.462251,0.001848
0.004180,4.462251,0.000963
0.004180,4.462251,0.000521
0.004180,4.462251,0.000079
0.004180,4.462251,0.000079
0.004180,4.462251,0.000521
0.004180,4.462251,0.000079
0.004181,4.462251,0.000079
0.004181,4.462251,0.000079
0.004181,4.462251,0.000521
0.004181,4.462251,0.001405
0.004181,4.502452,0.001848
0.004181,4.502452,0.001848
0.004181,4.502452,0.001405
0.004182,4.462251,0.000521
0.004182,4.462251,0.000079
0.004182,4.462251,-0.000363
0.004182,4.462251,-0.000363
0.004182,4.502452,0.000079
0.004182,4.502452,0.000963
0.004182,4.502452,0.001848
0.004183,4.502452,0.001848
0.004183,4.502452,0.001405
0.004183,4.502452,0.000079
0.004183,4.502452,-0.000806
0.004183,4.502452,-0.001248
0.004183,4.502452,-0.000363
0.004184,4.502452,0.000521
0.004184,4.502452,0.001848
0.004184,4.502452,0.002290
0.004184,4.502452,0.002290
0.004184,4.502452,0.001405
0.004184,4.502452,0.000521
0.004184,4.502452,-0.000363
0.004185,4.502452,-0.001248
0.004185,4.502452,-0.001248
0.004185,4.502452,-0.000363
0.004185,4.502452,0.000521
0.004185,4.502452,0.000963
0.004185,4.502452,0.001405
0.004186,4.502452,0.001848
0.004186,4.502452,0.001405
0.004186,4.502452,-0.000363
0.004186,4.462251,-0.001690
0.004186,4.502452,-0.001248
0.004186,4.502452,-0.000806
0.004186,4.502452,0.000521
0.004187,4.502452,0.001405
0.004187,4.502452,0.002732
0.004187,4.502452,0.002290
0.004187,4.502452,0.001405
0.004187,4.502452,0.000963
0.004187,4.502452,-0.000363
0.004187,4.502452,-0.001690
0.004188,4.502452,-0.001690
0.004188,4.502452,-0.000806
0.004188,4.502452,0.001405
0.004188,4.502452,0.002732
0.004188,4.502452,0.003174
0.004188,4.502452,0.003174
0.004189,4.502452,0.001848
0.004189,4.502452,-0.000363
0.004189,4.502452,-0.002132
0.004189,4.502452,-0.002574
0.004189,4.502452,-0.001248
0.004189,4.502452,0.000521
0.004189,4.502452,0.002732
0.004190,4.502452,0.003616
0.004190,4.502452,0.002732
0.004190,4.502452,0.000963
0.004190,4.502452,-0.000806
0.004190,4.502452,-0.001690
0.004190,4.502452,-0.002132
0.004190,4.502452,-0.001248
0.004191,4.502452,0.000963
0.004191,4.502452,0.002290
0.004191,4.502452,0.002732
0.004191,4.502452,0.002290
0.004191,4.502452,0.000963
0.004191,4.502452,0.000079
0.004192,4.502452,-0.000806
0.004192,4.502452,-0.000806
0.004192,4.502452,0.000079
0.004192,4.502452,0.000963
0.004192,4.502452,0.000963
0.004192,4.502452,0.000521
0.004192,4.502452,0.000079
0.004193,4.502452,0.000079
0.004193,4.502452,0.000079
0.004193,4.502452,0.000521
0.004193,4.502452,0.001405
0.004193,4.502452,0.001848
0.004193,4.502452,0.001405
0.004194,4.502452,0.000963
0.004194,4.502452,0.000079
0.004194,4.502452,-0.000363
0.004194,4.502452,-0.000806
0.004194,4.502452,-0.000363
0.004194,4.502452,0.000079
0.004194,4.502452,0.000079
0.004195,4.502452,0.000521
0.004195,4.502452,0.000963
0.004195,4.502452,0.000963
0.004195,4.502452,0.000963
0.004195,4.502452,0.000521
0.004195,4.502452,0.000079
0.004195,4.502452,-0.000363
0.004196,4.502452,-0.000363
0.004196,4.502452,0.000079
0.004196,4.502452,0.000079
0.004196,4.502452,0.000079
0.004196,4.502452,0.000079
0.004196,4.502452,0.000079
0.004197,4.502452,0.000079
0.004197,4.502452,0.000079
0.004197,4.502452,0.000521
0.004197,4.502452,0.000963
0.004197,4.502452,0.001405
0.004197,4.502452,0.000963
0.004197,4.502452,0.001405
0.004198,4.502452,0.000963
0.004198,4.502452,0.000521
0.004198,4.502452,-0.000363
0.004198,4.502452,-0.001248
0.004198,4.502452,-0.001248
0.004198,4.502452,-0.000363
0.004199,4.502452,0.000521
0.004199,4.502452,0.001405
0.004199,4.502452,0.001405
0.004199,4.502452,0.001405
0.004199,4.502452,0.000963
0.004199,4.502452,0.000079
0.004199,4.502452,-0.000363
0.004200,4.502452,-0.000806
0.004200,4.502452,0.000079
0.004200,4.502452,0.000521
0.004200,4.502452,0.000521
0.004200,4.502452,-0.000806
0.004200,4.502452,-0.001248
0.004200,4.502452,-0.000806
0.004201,4.502452,0.000521
0.004201,4.502452,0.001405
0.004201,4.502452,0.001848
0.004201,4.502452,0.001848
0.004201,4.502452,0.000963
0.004201,4.502452,0.000521
0.004202,4.502452,-0.000806
0.004202,4.502452,-0.001690
0.004202,4.502452,-0.002132
0.004202,4.502452,-0.001248
0.004202,4.502452,0.000963
0.004202,4.502452,0.002290
0.004202,4.502452,0.002732
0.004203,4.502452,0.001848
0.004203,4.502452,0.000521
0.004203,4.502452,-0.000363
0.004203,4.502452,-0.001248
0.004203,4.502452,-0.001248
0.004203,4.502452,-0.000806
0.004203,4.502452,0.000079
0.004204,4.502452,0.001848
0.004204,4.502452,0.002732
0.004204,4.502452,0.001405
0.004204,4.502452,0.000079
0.004204,4.502452,-0.001690
0.004204,4.502452,-0.002132
0.004205,4.502452,-0.001690
0.004205,4.502452,-0.000363
0.004205,4.502452,0.000963
0.004205,4.502452,0.002290
0.004205,4.502452,0.002290
0.004205,4.502452,0.002290
0.004205,4.542653,0.000963
0.004206,4.502452,-0.000363
0.004206,4.542653,-0.001690
0.004206,4.502452,-0.001690
0.004206,4.502452,-0.000806
0.004206,4.502452,0.000521
0.004206,4.502452,0.001405
0.004207,4.502452,0.001405
0.004207,4.502452,0.000521
0.004207,4.542653,-0.000363
0.004207,4.542653,-0.000806
0.004207,4.542653,0.000079
0.004207,4.542653,0.000079
0.004207,4.542653,0.000521
0.004208,4.502452,0.000079
0.004208,4.542653,0.000521
0.004208,4.542653,0.000521
0.004208,4.542653,0.000521
0.004208,4.542653,0.000079
0.004208,4.542653,-0.000363
0.004208,4.542653,0.000079
0.004209,4.542653,0.000521
0.004209,4.542653,0.000521
0.004209,4.502452,-0.000363
0.004209,4.502452,-0.000806
0.004209,4.502452,-0.000363
0.004209,4.542653,0.000521
0.004210,4.542653,0.000963
0.004210,4.542653,0.001405
0.004210,4.542653,0.000963
0.004210,4.542653,0.000963
0.004210,4.542653,0.000079
0.004210,4.542653,-0.001248
0.004210,4.502452,-0.002574
0.004211,4.502452,-0.003017
0.004211,4.542653,-0.001690
0.004211,4.542653,0.000963
0.004211,4.542653,0.003174
0.004211,4.542653,0.003174
0.004211,4.542653,0.002732
0.004211,4.542653,0.001848
0.004212,4.542653,0.000079
0.004212,4.542653,-0.001690
0.004212,4.542653,-0.003459
0.004212,4.542653,-0.003017
0.004212,4.542653,-0.001690
0.004212,4.542653,0.000521
0.004213,4.542653,0.003174
0.004213,4.542653,0.004059
0.004213,4.542653,0.002732
0.004213,4.542653,0.000521
0.004213,4.542653,-0.001690
0.004213,4.542653,-0.003459
0.004213,4.542653,-0.003459
0.004214,4.542653,-0.002132
0.004214,4.542653,0.000079
0.004214,4.542653,0.001848
0.004214,4.542653,0.002732
0.004214,4.542653,0.002732
0.004214,4.542653,0.001405
0.004215,4.542653,-0.000806
0.004215,4.542653,-0.002574
0.004215,4.542653,-0.002574
0.004215,4.542653,-0.001248
0.004215,4.542653,0.001405
0.004215,4.542653,0.003174
0.004215,4.542653,0.003616
0.004216,4.542653,0.002290
0.004216,4.542653,0.000079
0.004216,4.542653,-0.002132
0.004216,4.542653,-0.003459
0.004216,4.542653,-0.003017
0.004216,4.542653,-0.001248
0.004216,4.542653,0.001848
0.004217,4.542653,0.003616
0.004217,4.542653,0.004501
0.004217,4.542653,0.002732
0.004217,4.542653,0.000079
0.004217,4.542653,-0.002132
0.004217,4.542653,-0.003459
0.004218,4.542653,-0.003459
0.004218,4.542653,-0.001690
0.004218,4.542653,0.000521
0.004218,4.542653,0.002732
0.004218,4.542653,0.003174
0.004218,4.542653,0.002290
0.004218,4.542653,0.000521
0.004219,4.542653,-0.000806
0.004219,4.542653,-0.001690
0.004219,4.542653,-0.001248
0.004219,4.542653,0.000521
0.004219,4.542653,0.001405
0.004219,4.542653,0.001405
0.004219,4.542653,0.000521
0.004220,4.542653,-0.000806
0.004220,4.542653,-0.001690
0.004220,4.542653,-0.002132
0.004220,4.542653,-0.001690
0.004220,4.542653,-0.000806
0.004220,4.542653,0.000963
0.004221,4.542653,0.002290
0.004221,4.542653,0.002290
0.004221,4.542653,0.000963
0.004221,4.542653,-0.000363
0.004221,4.542653,-0.001690
0.004221,4.542653,-0.002132
0.004221,4.542653,-0.001690
0.004222,4.542653,-0.000363
0.004222,4.542653,0.001405
0.004222,4.542653,0.001848
0.004222,4.542653,0.000521
0.004222,4.542653,-0.000806
0.004222,4.542653,-0.002132
0.004223,4.542653,-0.002132
0.004223,4.542653,-0.000806
0.004223,4.542653,0.000963
0.004223,4.542653,0.001848
0.004223,4.542653,0.001405
0.004223,4.542653,0.000521
0.004223,4.542653,-0.000363
0.004224,4.542653,-0.001690
0.004224,4.542653,-0.001690
0.004224,4.542653,-0.001248
0.004224,4.542653,0.000079
0.004224,4.542653,0.001405
0.004224,4.542653,0.001848
0.004224,4.542653,0.000963
0.004225,4.542653,-0.000363
0.004225,4.542653,-0.001248
0.004225,4.542653,-0.001248
0.004225,4.542653,-0.000363
0.004225,4.542653,0.000521
0.004225,4.542653,0.000963
0.004226,4.542653,0.001405
0.004226,4.542653,0.001405
0.004226,4.542653,0.000521
0.004226,4.542653,-0.000363
0.004226,4.542653,-0.000806
0.004226,4.542653,-0.001248
0.004226,4.542653,-0.000363
0.004227,4.542653,0.000521
0.004227,4.542653,0.000963
0.004227,4.542653,0.000521
0.004227,4.542653,-0.000363
0.004227,4.542653,-0.001248
0.004227,4.542653,-0.001248
0.004228,4.542653,-0.000806
0.004228,4.542653,0.000079
0.004228,4.542653,0.000963
0.004228,4.542653,0.001405
0.004228,4.542653,0.001405
0.004228,4.542653,0.000963
0.004228,4.542653,0.000079
0.004229,4.542653,-0.000806
0.004229,4.542653,-0.001248
0.004229,4.542653,-0.001248
0.004229,4.542653,-0.000363
0.004229,4.542653,0.000079
0.004229,4.542653,-0.000363
0.004229,4.542653,-0.000363
0.004230,4.542653,0.000521
0.004230,4.542653,0.000963
0.004230,4.542653,0.000521
0.004230,4.542653,0.000079
0.004230,4.542653,0.000079
0.004230,4.542653,0.000079
0.004231,4.542653,0.000079
0.004231,4.542653,-0.000363
0.004231,4.542653,-0.000806
0.004231,4.542653,-0.000806
0.004231,4.542653,-0.001248
0.004231,4.542653,-0.000806
0.004231,4.542653,-0.000806
0.004232,4.542653,-0.000806
0.004232,4.542653,-0.000363
0.004232,4.542653,0.000079
0.004232,4.542653,0.001405
0.004232,4.542653,0.001848
0.004232,4.542653,0.001405
0.004232,4.542653,0.001405
0.004233,4.542653,0.000963
0.004233,4.542653,-0.000363
0.004233,4.542653,-0.002574
0.004233,4.542653,-0.003901
0.004233,4.542653,-0.003901
0.004233,4.542653,-0.001690
0.004234,4.542653,0.000521
0.004234,4.542653,0.002290
0.004234,4.542653,0.002290
0.004234,4.542653,0.001848
0.004234,4.542653,0.000521
0.004234,4.542653,-0.000363
0.004234,4.542653,-0.001248
0.004235,4.542653,-0.000806
0.004235,4.542653,-0.000363
0.004235,4.542653,0.000521
0.004235,4.542653,0.000521
0.004235,4.542653,0.000079
0.004235,4.542653,-0.000806
0.004236,4.542653,-0.001690
0.004236,4.542653,-0.001690
0.004236,4.542653,-0.000363
0.004236,4.542653,0.000521
0.004236,4.542653,0.000963
0.004236,4.542653,0.000963
0.004236,4.542653,0.000963
0.004237,4.542653,0.000521
0.004237,4.542653,0.000079
0.004237,4.542653,-0.000806
0.004237,4.542653,-0.001248
0.004237,4.542653,-0.001690
0.004237,4.542653,-0.001248
0.004237,4.542653,-0.000363
0.004238,4.542653,0.000079
0.004238,4.542653,0.000521
0.004238,4.542653,0.000521
0.004238,4.542653,0.000963
0.004238,4.542653,0.000521
0.004238,4.542653,0.000079
0.004239,4.542653,-0.000363
0.004239,4.542653,0.000079
0.004239,4.542653,0.000079
0.004239,4.542653,0.000079
0.004239,4.542653,-0.000363
0.004239,4.542653,-0.000363
0.004239,4.542653,-0.000806
0.004240,4.542653,-0.000363
0.004240,4.542653,0.000079
0.004240,4.542653,-0.000363
0.004240,4.542653,0.000079
0.004240,4.542653,0.000521
0.004240,4.542653,0.000521
0.004240,4.542653,0.000079
0.004241,4.542653,-0.000363
0.004241,4.542653,-0.000806
0.004241,4.542653,-0.001248
0.004241,4.542653,-0.001248
0.004241,4.542653,-0.000806
0.004241,4.542653,-0.000806
0.004242,4.542653,0.000079
0.004242,4.542653,0.000521
0.004242,4.542653,0.000963
0.004242,4.542653,0.000963
0.004242,4.542653,0.000521
0.004242,4.542653,-0.000363
0.004242,4.542653,-0.001248
0.004243,4.542653,-0.001690
0.004243,4.542653,-0.002132
0.004243,4.542653,-0.001248
0.004243,4.542653,-0.000363
0.004243,4.542653,0.000521
0.004243,4.542653,0.000521
0.004244,4.542653,0.000521
0.004244,4.542653,0.000521
0.004244,4.542653,0.000963
0.004244,4.542653,0.000521
0.004244,4.542653,0.000079
0.004244,4.542653,-0.000806
0.004244,4.542653,-0.001248
0.004245,4.542653,-0.000806
0.004245,4.542653,-0.000363
0.004245,4.542653,-0.000363
0.004245,4.542653,-0.000363
0.004245,4.542653,-0.000806
0.004245,4.542653,-0.000363
0.004245,4.542653,-0.000363
0.004246,4.542653,-0.000363
0.004246,4.542653,0.000521
0.004246,4.542653,0.000963
0.004246,4.542653,0.001405
0.004246,4.542653,0.001405
0.004246,4.542653,0.000963
0.004247,4.542653,-0.000806
0.004247,4.542653,-0.002132
0.004247,4.542653,-0.002574
0.004247,4.542653,-0.002574
0.004247,4.542653,-0.001248
0.004247,4.542653,0.000521
0.004247,4.542653,0.001848
0.004248,4.542653,0.002290
0.004248,4.542653,0.001848
0.004248,4.542653,0.000079
0.004248,4.542653,-0.001248
0.004248,4.542653,-0.002574
0.004248,4.542653,-0.002574
0.004248,4.542653,-0.001248
0.004249,4.542653,0.000521
0.004249,4.542653,0.001848
0.004249,4.542653,0.002290
0.004249,4.542653,0.001405
0.004249,4.542653,-0.000363
0.004249,4.542653,-0.002132
0.004250,4.542653,-0.003459
0.004250,4.542653,-0.002574
0.004250,4.542653,-0.000806
0.004250,4.542653,0.001405
0.004250,4.542653,0.002732
0.004250,4.542653,0.002732
0.004250,4.542653,0.001405
0.004251,4.542653,-0.000806
0.004251,4.542653,-0.002132
0.004251,4.542653,-0.003459
0.004251,4.542653,-0.003017
0.004251,4.542653,-0.001248
0.004251,4.542653,0.001405
0.004252,4.542653,0.002732
0.004252,4.542653,0.002732
0.004252,4.542653,0.001405
0.004252,4.542653,-0.000806
0.004252,4.542653,-0.002574
0.004252,4.542653,-0.003459
0.004252,4.542653,-0.003017
0.004253,4.542653,-0.000363
0.004253,4.542653,0.001848
0.004253,4.542653,0.003616
0.004253,4.542653,0.003616
0.004253,4.542653,0.001848
0.004253,4.542653,-0.001248
0.004253,4.542653,-0.003901
0.004254,4.542653,-0.004343
0.004254,4.542653,-0.003017
0.004254,4.542653,-0.000806
0.004254,4.542653,0.001405
0.004254,4.542653,0.002732
0.004254,4.542653,0.002732
0.004255,4.542653,0.000963
0.004255,4.542653,-0.001248
0.004255,4.542653,-0.002132
0.004255,4.542653,-0.001690
0.004255,4.542653,-0.000363
0.004255,4.542653,0.000963
0.004255,4.542653,0.001405
0.004256,4.542653,0.000963
0.004256,4.542653,-0.000806
0.004256,4.542653,-0.002132
0.004256,4.542653,-0.002574
0.004256,4.542653,-0.002132
0.004256,4.542653,-0.001248
0.004257,4.542653,0.000521
0.004257,4.542653,0.001848
0.004257,4.542653,0.002290
0.004257,4.542653,0.001848
0.004257,4.542653,0.000521
0.004257,4.542653,-0.001248
0.004257,4.542653,-0.002574
0.004258,4.542653,-0.002574
0.004258,4.542653,-0.001248
0.004258,4.542653,0.000079
0.004258,4.542653,0.000963
0.004258,4.542653,0.000963
0.004258,4.582854,-0.000363
0.004258,4.582854,-0.001248
0.004259,4.542653,-0.001690
0.004259,4.542653,-0.002132
0.004259,4.542653,-0.001248
0.004259,4.542653,0.000521
0.004259,4.542653,0.001848
0.004259,4.542653,0.002290
0.004260,4.582854,0.001405
0.004260,4.582854,-0.000806
0.004260,4.542653,-0.002132
0.004260,4.582854,-0.002574
0.004260,4.582854,-0.002132
0.004260,4.582854,-0.000806
0.004260,4.582854,0.000521
0.004261,4.542653,0.001405
0.004261,4.542653,0.001848
0.004261,4.542653,0.001405
0.004261,4.542653,0.000521
0.004261,4.542653,-0.001248
0.004261,4.542653,-0.002132
0.004261,4.582854,-0.002132
0.004262,4.582854,-0.001690
0.004262,4.582854,-0.000363
0.004262,4.582854,0.000521
0.004262,4.582854,0.000963
0.004262,4.542653,0.000521
0.004262,4.542653,0.000079
0.004263,4.542653,-0.000363
0.004263,4.542653,0.000079
0.004263,4.582854,-0.000363
0.004263,4.582854,-0.001248
0.004263,4.582854,-0.001248
0.004263,4.582854,-0.000363
0.004263,4.582854,0.000521
0.004264,4.582854,0.000521
0.004264,4.542653,0.000521
0.004264,4.542653,0.000521
0.004264,4.582854,0.000521
0.004264,4.582854,0.000521
0.004264,4.582854,0.000079
0.004265,4.582854,-0.000363
0.004265,4.582854,-0.001248
0.004265,4.542653,-0.001690
0.004265,4.542653,-0.001248
0.004265,4.542653,-0.000363
0.004265,4.542653,-0.000363
0.004265,4.542653,-0.000363
0.004266,4.582854,-0.000363
0.004266,4.582854,0.000079
0.004266,4.582854,0.000521
0.004266,4.582854,0.000079
0.004266,4.582854,-0.000806
0.004266,4.582854,-0.000806
0.004266,4.542653,-0.000363
0.004267,4.542653,0.000521
0.004267,4.542653,0.000963
0.004267,4.582854,0.000521
0.004267,4.582854,-0.000363
0.004267,4.582854,-0.001248
0.004267,4.582854,-0.002132
0.004268,4.582854,-0.002132
0.004268,4.582854,-0.001690
0.004268,4.542653,-0.000806
0.004268,4.542653,0.000963
0.004268,4.542653,0.001405
0.004268,4.582854,0.001405
0.004268,4.582854,0.000079
0.004269,4.582854,-0.001248
0.004269,4.582854,-0.002132
0.004269,4.582854,-0.002132
0.004269,4.582854,-0.001690
0.004269,4.542653,-0.000806
0.004269,4.582854,0.000079
0.004269,4.582854,0.000521
0.004270,4.582854,0.000963
0.004270,4.582854,0.000521
0.004270,4.582854,0.000079
0.004270,4.582854,-0.000363
0.004270,4.582854,-0.000363
0.004270,4.542653,0.000079
0.004271,4.542653,0.000521
0.004271,4.582854,0.000521
0.004271,4.542653,0.000079
0.004271,4.582854,-0.000806
0.004271,4.582854,-0.001248
0.004271,4.582854,-0.001248
0.004271,4.582854,-0.001690
0.004272,4.582854,-0.001248
0.004272,4.582854,-0.000363
0.004272,4.582854,0.000079
0.004272,4.542653,0.000079
0.004272,4.582854,0.000521
0.004272,4.582854,0.000079
0.004273,4.582854,0.000079
0.004273,4.582854,0.000079
0.004273,4.582854,0.000079
0.004273,4.582854,0.000963
0.004273,4.582854,0.000521
0.004273,4.582854,-0.000363
0.004273,4.582854,-0.001248
0.004274,4.582854,-0.002132
0.004274,4.582854,-0.001690
0.004274,4.582854,-0.001248
0.004274,4.582854,0.000079
0.004274,4.582854,0.000963
0.004274,4.582854,0.001848
0.004274,4.582854,0.001848
0.004275,4.582854,0.000521
0.004275,4.582854,-0.001248
0.004275,4.582854,-0.002574
0.004275,4.582854,-0.003017
0.004275,4.582854,-0.001690
0.004275,4.582854,0.000079
0.004276,4.582854,0.001405
0.004276,4.582854,0.002290
0.004276,4.582854,0.001848
0.004276,4.582854,0.000963
0.004276,4.582854,-0.000363
0.004276,4.582854,-0.001690
0.004276,4.582854,-0.003017
0.004277,4.582854,-0.002574
0.004277,4.582854,-0.001248
0.004277,4.582854,0.000521
0.004277,4.582854,0.000963
0.004277,4.582854,0.000963
0.004277,4.582854,0.000521
0.004277,4.582854,-0.000363
0.004278,4.582854,-0.001248
0.004278,4.582854,-0.001248
0.004278,4.582854,-0.000806
0.004278,4.542653,-0.000363
0.004278,4.542653,0.000079
0.004278,4.582854,0.000079
0.004279,4.582854,-0.000806
0.004279,4.582854,-0.000806
0.004279,4.582854,-0.000806
0.004279,4.582854,-0.000806
0.004279,4.582854,-0.001248
0.004279,4.582854,-0.000806
0.004279,4.582854,-0.000363
0.004280,4.582854,0.000079
0.004280,4.582854,0.000079
0.004280,4.582854,-0.000363
0.004280,4.582854,-0.000806
0.004280,4.582854,-0.000806
0.004280,4.582854,-0.000806
0.004281,4.582854,-0.000806
0.004281,4.582854,-0.000363
0.004281,4.582854,0.000079
0.004281,4.582854,0.000079
0.004281,4.582854,-0.000806
0.004281,4.582854,-0.000806
0.004281,4.582854,-0.000806
0.004282,4.582854,-0.000363
0.004282,4.582854,0.000963
0.004282,4.582854,0.001405
0.004282,4.582854,0.000963
0.004282,4.582854,0.000079
0.004282,4.582854,-0.001248
0.004282,4.582854,-0.002132
0.004283,4.582854,-0.002574
0.004283,4.582854,-0.002132
0.004283,4.582854,-0.000806
0.004283,4.582854,0.000963
0.004283,4.582854,0.002290
0.004283,4.582854,0.002290
0.004284,4.582854,0.000521
