Address:,USB0::0x0957::0x179B::MY59127610::0::INSTR,,Analog Channels,,,
Model:,DSO-X 2002A,,Time (s),1 (VOLT),2 (VOLT),
Serial Number:,MY59127610,,0.0009809375,4.76627179607749,-0.000452266562206205,
Firmware Version:,02.50.2019022736,,0.0009811458325,4.76878435933031,-0.000402015313738957,
Start Time:,2023-04-19 07:53:34.629,,0.000981354165,4.76627179607749,-0.000351764065271709,
,,,0.0009815624975,4.76627179607749,-0.000351764065271709,
Analog Sample Count:,959,,0.00098177083,4.76878435933031,-0.000351764065271709,
Function Sample Count:,0,,0.0009819791625,4.76627179607749,-0.000402015313738957,
Waveform Memory Sample Count:,0,,0.000982187495,4.76627179607749,-0.000402015313738957,
Digital Sample Count:,0,,0.0009823958275,4.76878435933031,-0.000251261568337213,
,,,0.00098260416,4.76878435933031,-0.000150759071402717,
Setup Text Information:,,,0.0009828124925,4.76878435933031,-0.000201010319869965,
ANALOG,,,0.000983020825,4.76878435933031,-0.000351764065271709,
Channel 1,,,0.0009832291575,4.76627179607749,-0.000502517810673453,
Scale,1 V/,,0.00098343749,4.76627179607749,-0.000502517810673453,
Pos,1.912 V,,0.0009836458225,4.76878435933031,-0.000452266562206205,
Coup,,,0.000983854155,4.76627179607749,-0.000301512816804461,
BW,Off,,0.0009840624875,4.76878435933031,-0.000251261568337213,
Inv,Off,,0.00098427082,4.76627179607749,-0.000351764065271709,
Imp,1M Ohm,,0.0009844791525,4.76627179607749,-0.000402015313738957,
Trace Label,1,,0.000984687485,4.76627179607749,-0.000402015313738957,
Probe,1,,0.0009848958175,4.76627179607749,-0.000301512816804461,
Skew,0 s,,0.00098510415,4.76878435933031,-0.000100507822935469,
,,,0.0009853124825,4.76878435933031,0.000100497170933522,
Channel 2,,,0.000985520815,4.76878435933031,-5.32600097358227E-09,
Scale,20 mV/,,0.0009857291475,4.76878435933031,-0.000351764065271709,
Pos,-40 mV,,0.00098593748,4.76627179607749,-0.000603020307607949,
Coup,,,0.0009861458125,4.76878435933031,-0.000402015313738957,
BW,Off,,0.000986354145,4.76878435933031,-5.02565744682215E-05,
Inv,Off,,0.0009865624775,4.76878435933031,5.02459224662744E-05,
Imp,1M Ohm,,0.00098677081,4.76878435933031,-5.02565744682215E-05,
Trace Label,2,,0.0009869791425,4.76878435933031,-0.000351764065271709,
Probe,1,,0.000987187475,4.76627179607749,-0.000653271556075197,
Skew,0 s,,0.0009873958075,4.76627179607749,-0.000552769059140701,
,,,0.00098760414,4.76878435933031,-0.000251261568337213,
MATH,,,0.0009878124725,4.76878435933031,0.000100497170933522,
REFERENCE WAVEFORM,,,0.000988020805,4.76878435933031,5.02459224662744E-05,
TRIGGER,,,0.0009882291375,4.76878435933031,-0.000301512816804461,
Sweep Mode,AUTO,,0.00098843747,4.76878435933031,-0.000603020307607949,
Coup,DC,,0.0009886458025,4.76627179607749,-0.000804025301476941,
Noise Rej,Off,,0.000988854135,4.76627179607749,-0.000502517810673453,
HF Rej,Off,,0.0009890624675,4.76878435933031,-5.02565744682215E-05,
Holdoff,40.0 ns,,0.0009892708,4.76878435933031,0.00015074841940077,
Mode,EDGE,,0.0009894791325,4.76878435933031,-5.32600097358227E-09,
Source,WGEN,,0.000989687465,4.76627179607749,-0.000502517810673453,
Slope,POS,,0.0009898957975,4.76627179607749,-0.000854276549944188,
Level,0 V V,,0.00099010413,4.76627179607749,-0.000854276549944188,
,,,0.0009903124625,4.76627179607749,-0.000502517810673453,
HORIZONTAL,,,0.000990520795,4.76878435933031,-5.32600097358227E-09,
Mode,MAIN,,0.0009907291275,4.76878435933031,0.000100497170933522,
Ref,CENT,,0.00099093746,4.76878435933031,-0.000150759071402717,
Main Scale,20 µs/,,0.0009911457925,4.76627179607749,-0.000452266562206205,
Main Delay,1.081 ms,,0.000991354125,4.76627179607749,-0.000552769059140701,
,,,0.0009915624575,4.76878435933031,-0.000251261568337213,
ACQUISITION,,,0.00099177079,4.76878435933031,-5.32600097358227E-09,
Mode,AVER,,0.0009919791225,4.76878435933031,-5.32600097358227E-09,
RealTime,On,,0.000992187455,4.76627179607749,-0.000251261568337213,
Vectors,On,,0.0009923957875,4.76627179607749,-0.000653271556075197,
Persistence,Off,,0.00099260412,4.76627179607749,-0.000753774053009693,
,,,0.0009928124525,4.76627179607749,-0.000552769059140701,
MEASUREMENTS,,,0.000993020785,4.76878435933031,-0.000301512816804461,
Frequency(1),,,0.0009932291175,4.76878435933031,-0.000100507822935469,
Cur,No signal,,0.00099343745,4.76878435933031,-0.000100507822935469,
,,,0.0009936457825,4.76878435933031,-0.000301512816804461,
Pk-Pk(1),,,0.000993854115,4.76627179607749,-0.000402015313738957,
Cur,4.827 V,,0.0009940624475,4.76627179607749,-0.000552769059140701,
,,,0.00099427078,4.76878435933031,-0.000402015313738957,
Average - Full Screen(1),,,0.0009944791125,4.76878435933031,-0.000351764065271709,
Cur,0.89912 V,,0.000994687445,4.76627179607749,-0.000452266562206205,
,,,0.0009948957775,4.76627179607749,-0.000452266562206205,
,,,0.00099510411,4.76627179607749,-0.000402015313738957,
,,,0.0009953124425,4.76627179607749,-0.000251261568337213,
,,,0.000995520775,4.76878435933031,-5.02565744682215E-05,
,,,0.0009957291075,4.76878435933031,-0.000100507822935469,
,,,0.00099593744,4.76878435933031,-0.000251261568337213,
,,,0.0009961457725,4.76627179607749,-0.000402015313738957,
,,,0.000996354105,4.76627179607749,-0.000402015313738957,
,,,0.0009965624375,4.76878435933031,-0.000351764065271709,
,,,0.00099677077,4.76878435933031,-0.000301512816804461,
,,,0.0009969791025,4.76627179607749,-0.000351764065271709,
,,,0.000997187435,4.76627179607749,-0.000452266562206205,
,,,0.0009973957675,4.76627179607749,-0.000351764065271709,
,,,0.0009976041,4.76878435933031,-0.000251261568337213,
,,,0.0009978124325,4.76878435933031,-0.000201010319869965,
,,,0.000998020765,4.76878435933031,-0.000201010319869965,
,,,0.0009982290975,4.76878435933031,-0.000251261568337213,
,,,0.00099843743,4.76878435933031,-0.000201010319869965,
,,,0.0009986457625,4.76627179607749,-0.000251261568337213,
,,,0.000998854095,4.76878435933031,-0.000351764065271709,
,,,0.0009990624275,4.76878435933031,-0.000402015313738957,
,,,0.00099927076,4.76627179607749,-0.000502517810673453,
,,,0.0009994790925,4.76627179607749,-0.000452266562206205,
,,,0.000999687425,4.76878435933031,-0.000201010319869965,
,,,0.0009998957575,4.76878435933031,-0.000100507822935469,
,,,0.00100010409,4.74617129005492,-0.00718593385681743,
,,,0.0010003124225,4.68084464548156,-0.0219095496577211,
,,,0.001000520755,4.62054312741384,-0.0342211055321968,
,,,0.0010007290875,4.56526673585176,-0.0445226114679826,
,,,0.00100093742,4.50747778103687,-0.052914569962013,
,,,0.0010011457525,4.45471395272762,-0.0594472322627553,
,,,0.001001354085,4.40446268767118,-0.065075372091087,
,,,0.0010015624175,4.35169885936193,-0.0695477332046721,
,,,0.00100177075,4.3014475943055,-0.072964818100445,
,,,0.0010019790825,4.25370889250189,-0.0756281342692091,
,,,0.001002187415,4.20597019069828,-0.0775879329594318,
,,,0.0010023957475,4.16074405214749,-0.079246224158851,
,,,0.00100260408,4.1155179135967,-0.0803015003766632,
,,,0.0010028124125,4.07280433829874,-0.0811055203521391,
,,,0.001003020745,4.03009076300077,-0.0818090378306806,
,,,0.0010032290775,3.9873771877028,-0.0822110478184186,
,,,0.00100343741,3.94466361240484,-0.0822612990668858,
,,,0.0010036457425,3.90195003710687,-0.0821607965699513,
,,,0.001003854075,3.85923646180891,-0.0820100428245496,
,,,0.0010040624075,3.82154801301658,-0.0816080328368116,
,,,0.00100427074,3.78134700097144,-0.0811557716006064,
,,,0.0010044790725,3.74114598892629,-0.0807035103644012,
,,,0.001004687405,3.70345754013397,-0.0801507466312614,
,,,0.0010048957375,3.66576909134164,-0.0795477316496545,
,,,0.00100510407,3.6255680792965,-0.0787437116741785,
,,,0.0010053124025,3.58787963050418,-0.078241199189506,
,,,0.001005520735,3.55019118171185,-0.0775879329594318,
,,,0.0010057290675,3.51501529617235,-0.0769849179778248,
,,,0.0010059374,3.47732684738003,-0.0763819029962178,
,,,0.0010061457325,3.4396383985877,-0.0755778830207419,
,,,0.001006354065,3.4044625130482,-0.0747738630452659,
,,,0.0010065623975,3.37179919076152,-0.0739698430697899,
,,,0.00100677073,3.33662330522202,-0.0731155718458467,
,,,0.0010069790625,3.2989348564297,-0.0724120543673052,
,,,0.001007187395,3.26375897089019,-0.0718090393856983,
,,,0.0010073957275,3.23109564860351,-0.071155773155624,
,,,0.00100760406,3.19843232631683,-0.0704522556770826,
,,,0.0010078123925,3.16828156728297,-0.0696482357016066,
,,,0.001008020725,3.13310568174347,-0.0688442157261306,
,,,0.0010082290575,3.10295492270961,-0.0681406982475892,
,,,0.00100843739,3.07029160042293,-0.0674371807690477,
,,,0.0010086457225,3.03762827813625,-0.066683412042039,
,,,0.001008854055,3.00747751910239,-0.066080397060432,
,,,0.0010090623875,2.97481419681571,-0.065276377084956,
,,,0.00100927072,2.94466343778186,-0.0646231108548818,
,,,0.0010094790525,2.914512678748,-0.0638190908794058,
,,,0.001009687385,2.88687448296696,-0.0630653221523971,
,,,0.0010098957175,2.8567237239331,-0.0626130609161919,
,,,0.00101010405,2.82657296489924,-0.0619095434376504,
,,,0.0010103123825,2.79642220586538,-0.0613567797045107,
,,,0.001010520715,2.76878401008435,-0.0606532622259692,
,,,0.0010107290475,2.74114581430331,-0.0599497447474278,
,,,0.00101093738,2.71099505526945,-0.0594974835112225,
,,,0.0010111457125,2.68586942274123,-0.0589447197780828,
,,,0.001011354045,2.6582312269602,-0.0581909510510741,
,,,0.0010115623775,2.63059303117916,-0.0574874335725326,
,,,0.00101177071,2.60295483539812,-0.0567839160939911,
,,,0.0010119790425,2.57782920286991,-0.0562311523608514,
,,,0.001012187375,2.55019100708887,-0.0556783886277117,
,,,0.0010123957075,2.52506537456065,-0.0551758761430392,
,,,0.00101260404,2.49742717877962,-0.0546733636583667,
,,,0.0010128123725,2.46978898299858,-0.0541708511736942,
,,,0.001013020705,2.44466335047036,-0.05351758494362,
,,,0.0010132290375,2.41953771794215,-0.0529648212104803,
,,,0.00101343737,2.39692464866675,-0.0523618062288733,
,,,0.0010136457025,2.37431157939136,-0.0517085399987991,
,,,0.001013854035,2.34667338361032,-0.0512562787625939,
,,,0.0010140623675,2.32406031433493,-0.0508542687748559,
,,,0.0010142707,2.30144724505953,-0.0502512537932489,
,,,0.0010144790325,2.27883417578414,-0.0498492438055109,
,,,0.001014687365,2.25370854325593,-0.0492964800723712,
,,,0.0010148956975,2.23109547398053,-0.0487437163392315,
,,,0.00101510403,2.20596984145232,-0.048241203854559,
,,,0.0010153123625,2.1808442089241,-0.0477889426183538,
,,,0.001015520695,2.16074370290153,-0.0473366813821485,
,,,0.0010157290275,2.14064319687895,-0.046834168897476,
,,,0.00101593736,2.11803012760356,-0.0463316564128036,
,,,0.0010161456925,2.09792962158099,-0.0459296464250656,
,,,0.001016354025,2.07531655230559,-0.0455778876857948,
,,,0.0010165623575,2.05521604628302,-0.0450251239526551,
,,,0.00101677069,2.03511554026045,-0.0445728627164499,
,,,0.0010169790225,2.01501503423788,-0.0440703502317774,
,,,0.001017187355,1.9949145282153,-0.0436180889955722,
,,,0.0010173956875,1.97481402219273,-0.0432160790078342,
,,,0.00101760402,1.95471351617016,-0.0428140690200962,
,,,0.0010178123525,1.93461301014759,-0.0424623102808255,
,,,0.001018020685,1.91451250412501,-0.0419095465476858,
,,,0.0010182290175,1.89692456135526,-0.041356782814546,
,,,0.00101843735,1.87682405533269,-0.0409045215783408,
,,,0.0010186456825,1.85672354931012,-0.0405527628390701,
,,,0.001018854015,1.83662304328755,-0.0403517578452011,
,,,0.0010190623475,1.81652253726497,-0.0401507528513321,
,,,0.00101927068,1.79893459449522,-0.0395979891181923,
,,,0.0010194790125,1.78134665172547,-0.0389447228881181,
,,,0.001019687345,1.76375870895572,-0.0384422104034456,
,,,0.0010198956775,1.74617076618597,-0.0381407029126422,
,,,0.00102010401,1.72858282341622,-0.0378391954218387,
,,,0.0010203123425,1.71099488064647,-0.0375879391795024,
,,,0.001020520675,1.69340693787672,-0.0371859291917644,
,,,0.0010207290075,1.67581899510697,-0.0367336679555592,
,,,0.00102093734,1.65823105233721,-0.036281406719354,
,,,0.0010211456725,1.64315567282028,-0.0359798992285505,
,,,0.001021354005,1.62305516679771,-0.0357788942346815,
,,,0.0010215623375,1.60797978728078,-0.0354271354954108,
,,,0.00102177067,1.59290440776385,-0.0349246230107383,
,,,0.0010219790025,1.57782902824692,-0.0344221105260658,
,,,0.001022187335,1.56024108547717,-0.0340201005383278,
,,,0.0010223956675,1.54516570596024,-0.0337185930475243,
,,,0.001022604,1.52757776319049,-0.0334170855567208,
,,,0.0010228123325,1.51250238367356,-0.0331658293143846,
,,,0.001023020665,1.49742700415663,-0.0329145730720484,
,,,0.0010232289975,1.4823516246397,-0.0326633168297121,
,,,0.00102343733,1.46727624512278,-0.0323115580904414,
,,,0.0010236456625,1.45220086560585,-0.0317587943573017,
,,,0.001023853995,1.43712548608892,-0.0314572868664982,
,,,0.0010240623275,1.42205010657199,-0.0312060306241619,
,,,0.00102427066,1.40697472705506,-0.0310050256302929,
,,,0.0010244789925,1.39189934753813,-0.0307537693879567,
,,,0.001024687325,1.3768239680212,-0.030402010648686,
,,,0.0010248956575,1.36426115175709,-0.0299497494124807,
,,,0.00102510399,1.34918577224016,-0.0297487444186118,
,,,0.0010253123225,1.33411039272323,-0.0295477394247428,
,,,0.001025520655,1.32154757645912,-0.0294472369278083,
,,,0.0010257289875,1.3064721969422,-0.029195980685472,
,,,0.00102593732,1.29390938067809,-0.0286934682007995,
,,,0.0010261456525,1.28134656441398,-0.0282412069645943,
,,,0.001026353985,1.26878374814987,-0.0279396994737908,
,,,0.0010265623175,1.25622093188576,-0.0276381919829873,
,,,0.00102677065,1.24365811562166,-0.0274371869891183,
,,,0.0010269789825,1.22858273610473,-0.0273869357406511,
,,,0.001027187315,1.21601991984062,-0.0272864332437166,
,,,0.0010273956475,1.20345710357651,-0.0268844232559786,
,,,0.00102760398,1.1908942873124,-0.0263819107713061,
,,,0.0010278123125,1.1783314710483,-0.0260804032805027,
,,,0.001028020645,1.16828121803701,-0.0257788957896992,
,,,0.0010282289775,1.1557184017729,-0.0255276395473629,
,,,0.00102843731,1.14315558550879,-0.0253768858019612,
,,,0.0010286456425,1.13310533249751,-0.0252763833050267,
,,,0.001028853975,1.1205425162334,-0.0250251270626904,
,,,0.0010290623075,1.11049226322211,-0.024723619571887,
,,,0.00102927064,1.09792944695801,-0.0243718608326162,
,,,0.0010294789725,1.08787919394672,-0.0239698508448782,
,,,0.001029687305,1.07782894093543,-0.023718594602542,
,,,0.0010298956375,1.06526612467133,-0.023718594602542,
,,,0.00103010397,1.05270330840722,-0.0236683433540748,
,,,0.0010303123025,1.04265305539593,-0.023316584614804,
,,,0.001030520635,1.03260280238464,-0.0228643233785988,
,,,0.0010307289675,1.02255254937336,-0.0224623133908608,
,,,0.0010309373,1.01250229636207,-0.0222613083969918,
,,,0.0010311456325,1.00245204335079,-0.0221608059000573,
,,,0.001031353965,0.989889227086678,-0.0224120621423936,
,,,0.0010315622975,0.979838974075392,-0.0221105546515901,
,,,0.00103177063,0.969788721064106,-0.0217085446638521,
,,,0.0010319789625,0.959738468052819,-0.0211557809307124,
,,,0.001032187295,0.949688215041533,-0.0209045246883761,
,,,0.0010323956275,0.939637962030247,-0.0208040221914416,
,,,0.00103260396,0.929587709018961,-0.0207537709429744,
,,,0.0010328122925,0.919537456007674,-0.0207537709429744,
,,,0.001033020625,0.909487202996388,-0.0205527659491054,
,,,0.0010332289575,0.899436949985102,-0.0202010072098346,
,,,0.00103343729,0.891899260226637,-0.0197487459736294,
,,,0.0010336456225,0.881849007215351,-0.0195979922282277,
,,,0.001033853955,0.874311317456886,-0.0195979922282277,
,,,0.0010340622875,0.8642610644456,-0.0196984947251622,
,,,0.00103427062,0.854210811434314,-0.0195979922282277,
,,,0.0010344789525,0.844160558423027,-0.0192462334889569,
,,,0.001034687285,0.836622868664563,-0.0190452284950879,
,,,0.0010348956175,0.829085178906098,-0.0187939722527517,
,,,0.00103510395,0.819034925894812,-0.018442213513481,
,,,0.0010353122825,0.811497236136347,-0.0181407060226775,
,,,0.001035520615,0.803959546377882,-0.018040203525743,
,,,0.0010357289475,0.793909293366596,-0.0179397010288085,
,,,0.00103593728,0.786371603608131,-0.0177889472834067,
,,,0.0010361456125,0.778833913849667,-0.0175879422895378,
,,,0.001036353945,0.771296224091202,-0.0173366860472015,
,,,0.0010365622775,0.763758534332737,-0.0170854298048653,
,,,0.00103677061,0.753708281321451,-0.0171859323017998,
,,,0.0010369789425,0.746170591562986,-0.0172864347987343,
,,,0.001037187275,0.738632901804522,-0.0170854298048653,
,,,0.0010373956075,0.731095212046057,-0.0167336710655945,
,,,0.00103760394,0.723557522287592,-0.0162311585809221,
,,,0.0010378122725,0.718532395781949,-0.0159799023385858,
,,,0.001038020605,0.710994706023484,-0.0158291485931841,
,,,0.0010382289375,0.70345701626502,-0.0158793998416513,
,,,0.00103843727,0.693406763253734,-0.0159296510901186,
,,,0.0010386456025,0.68838163674809,-0.0158793998416513,
,,,0.001038853935,0.680843946989626,-0.0156783948477823,
,,,0.0010390622675,0.673306257231161,-0.0154271386054461,
,,,0.0010392706,0.665768567472696,-0.0152261336115771,
,,,0.0010394789325,0.658230877714232,-0.0151758823631098,
,,,0.001039687265,0.650693187955767,-0.0150753798661754,
,,,0.0010398955975,0.645668061450124,-0.0149246261207736,
,,,0.00104010393,0.638130371691659,-0.0146231186299701,
,,,0.0010403122625,0.630592681933194,-0.0142713598906994,
,,,0.001040520595,0.625567555427551,-0.0140703548968304,
,,,0.0010407289275,0.618029865669087,-0.0140703548968304,
,,,0.00104093726,0.610492175910622,-0.0139196011514287,
,,,0.0010411455925,0.605467049404979,-0.0138693499029614,
,,,0.001041353925,0.597929359646514,-0.0138693499029614,
,,,0.0010415622575,0.590391669888049,-0.0137688474060269,
,,,0.00104177059,0.582853980129585,-0.0136683449090924,
,,,0.0010419789225,0.577828853623942,-0.0133668374182889,
,,,0.001042187255,0.570291163865477,-0.0130653299274854,
,,,0.0010423955875,0.565266037359834,-0.0129145761820837,
,,,0.00104260392,0.560240910854191,-0.0130150786790182,
,,,0.0010428122525,0.552703221095726,-0.0130150786790182,
,,,0.001043020585,0.545165531337261,-0.0128140736851492,
,,,0.0010432289175,0.540140404831618,-0.012562817442813,
,,,0.00104343725,0.535115278325975,-0.0124623149458785,
,,,0.0010436455825,0.530090151820332,-0.012361812448944,
,,,0.001043853915,0.522552462061867,-0.012361812448944,
,,,0.0010440622475,0.517527335556224,-0.012361812448944,
,,,0.00104427058,0.512502209050581,-0.012160807455075,
,,,0.0010444789125,0.507477082544938,-0.011959802461206,
,,,0.001044687245,0.502451956039295,-0.0117085462188697,
,,,0.0010448955775,0.497426829533651,-0.0114572899765335,
,,,0.00104510391,0.492401703028008,-0.0114572899765335,
,,,0.0010453122425,0.487376576522365,-0.011356787479599,
,,,0.001045520575,0.482351450016722,-0.0112060337341973,
,,,0.0010457289075,0.477326323511079,-0.0113065362311318,
,,,0.00104593724,0.472301197005436,-0.0113065362311318,
,,,0.0010461455725,0.464763507246971,-0.0112060337341973,
,,,0.001046353905,0.46225094399415,-0.0110552799887955,
,,,0.0010465622375,0.457225817488506,-0.0107035212495248,
,,,0.00104677057,0.452200690982863,-0.0105025162556558,
,,,0.0010469789025,0.44717556447722,-0.0104020137587213,
,,,0.001047187235,0.442150437971577,-0.0104020137587213,
,,,0.0010473955675,0.437125311465934,-0.010552767504123,
,,,0.0010476039,0.432100184960291,-0.010351762510254,
,,,0.0010478122325,0.429587621707469,-0.0100502550194506,
,,,0.001048020565,0.424562495201826,-0.0100000037709833,
,,,0.0010482288975,0.419537368696183,-0.0100502550194506,
,,,0.00104843723,0.41451224219054,-0.0101005062679178,
,,,0.0010486455625,0.409487115684897,-0.0100502550194506,
,,,0.001048853895,0.404461989179254,-0.00984925002558157,
,,,0.0010490622275,0.401949425926432,-0.00954774253477808,
,,,0.00104927056,0.396924299420789,-0.00929648629244184,
,,,0.0010494788925,0.394411736167967,-0.00919598379550735,
,,,0.001049687225,0.389386609662324,-0.00934673754090909,
,,,0.0010498955575,0.384361483156681,-0.00929648629244184,
,,,0.00105010389,0.379336356651038,-0.00929648629244184,
,,,0.0010503122225,0.374311230145395,-0.00929648629244184,
,,,0.001050520555,0.371798666892573,-0.00894472755317111,
,,,0.0010507288875,0.369286103639752,-0.00859296881390037,
,,,0.00105093722,0.364260977134109,-0.00859296881390037,
,,,0.0010511455525,0.359235850628465,-0.00874372255930211,
,,,0.001051353885,0.354210724122822,-0.00894472755317111,
,,,0.0010515622175,0.351698160870001,-0.00894472755317111,
,,,0.00105177055,0.346673034364358,-0.00854271756543312,
,,,0.0010519788825,0.344160471111536,-0.00824121007462963,
,,,0.001052187215,0.341647907858714,-0.0079899538322934,
,,,0.0010523955475,0.336622781353071,-0.00809045632922789,
,,,0.00105260388,0.331597654847428,-0.00844221506849863,
,,,0.0010528122125,0.326572528341785,-0.00859296881390037,
,,,0.001053020545,0.324059965088964,-0.00844221506849863,
,,,0.0010532288775,0.321547401836142,-0.00793970258382615,
,,,0.00105343721,0.31903483858332,-0.00753769259608816,
,,,0.0010536455425,0.314009712077677,-0.00743719009915367,
,,,0.001053853875,0.308984585572034,-0.00763819509302266,
,,,0.0010540622075,0.306472022319213,-0.00783920008689165,
,,,0.00105427054,0.301446895813569,-0.00783920008689165,
,,,0.0010544788725,0.298934332560748,-0.00753769259608816,
,,,0.001054687205,0.296421769307926,-0.00713568260835018,
,,,0.0010548955375,0.293909206055105,-0.00698492886294844,
,,,0.00105510387,0.288884079549462,-0.00708543135988293,
,,,0.0010553122025,0.28637151629664,-0.00723618510528468,
,,,0.001055520535,0.283858953043818,-0.00718593385681743,
,,,0.0010557288675,0.278833826538175,-0.00728643635375192,
,,,0.0010559372,0.273808700032532,-0.00723618510528468,
,,,0.0010561455325,0.271296136779711,-0.00693467761448119,
,,,0.001056353865,0.271296136779711,-0.00668342137214495,
,,,0.0010565621975,0.266271010274068,-0.00648241637827596,
,,,0.00105677053,0.263758447021246,-0.0065326676267432,
,,,0.0010569788625,0.261245883768424,-0.00648241637827596,
,,,0.001057187195,0.256220757262781,-0.0066331701236777,
,,,0.0010573955275,0.25370819400996,-0.0067336726206122,
,,,0.00105760386,0.251195630757138,-0.00648241637827596,
,,,0.0010578121925,0.248683067504317,-0.00628141138440697,
,,,0.001058020525,0.246170504251495,-0.00628141138440697,
,,,0.0010582288575,0.241145377745852,-0.00638191388134146,
,,,0.00105843719,0.23863281449303,-0.00623116013593972,
,,,0.0010586455225,0.236120251240209,-0.00618090888747247,
,,,0.001058853855,0.233607687987387,-0.00613065763900522,
,,,0.0010590621875,0.231095124734566,-0.00597990389360348,
,,,0.00105927052,0.228582561481744,-0.00587940139666898,
,,,0.0010594788525,0.226069998228922,-0.00592965264513623,
,,,0.001059687185,0.221044871723279,-0.00603015514207073,
,,,0.0010598955175,0.218532308470458,-0.00587940139666898,
,,,0.00106010385,0.216019745217636,-0.00577889889973449,
,,,0.0010603121825,0.216019745217636,-0.00572864765126724,
,,,0.001060520515,0.213507181964815,-0.00572864765126724,
,,,0.0010607288475,0.208482055459172,-0.00572864765126724,
,,,0.00106093718,0.208482055459172,-0.00572864765126724,
,,,0.0010611455125,0.203456928953528,-0.00572864765126724,
,,,0.001061353845,0.200944365700707,-0.00557789390586549,
,,,0.0010615621775,0.198431802447885,-0.00542714016046375,
,,,0.00106177051,0.198431802447885,-0.00527638641506201,
,,,0.0010619788425,0.195919239195064,-0.00532663766352925,
,,,0.001062187175,0.193406675942242,-0.00542714016046375,
,,,0.0010623955075,0.190894112689421,-0.00542714016046375,
,,,0.00106260384,0.188381549436599,-0.00527638641506201,
,,,0.0010628121725,0.185868986183777,-0.00512563266966026,
,,,0.001063020505,0.183356422930956,-0.00502513017272577,
,,,0.0010632288375,0.180843859678134,-0.00502513017272577,
,,,0.00106343717,0.180843859678134,-0.00507538142119301,
,,,0.0010636455025,0.178331296425313,-0.00512563266966026,
,,,0.001063853835,0.175818733172491,-0.00512563266966026,
,,,0.0010640621675,0.17330616991967,-0.00497487892425852,
,,,0.0010642705,0.170793606666848,-0.00477387393038953,
,,,0.0010644788325,0.170793606666848,-0.00472362268192228,
,,,0.001064687165,0.168281043414026,-0.00467337143345503,
,,,0.0010648954975,0.165768480161205,-0.00467337143345503,
,,,0.00106510383,0.163255916908383,-0.00467337143345503,
,,,0.0010653121625,0.160743353655562,-0.00467337143345503,
,,,0.001065520495,0.160743353655562,-0.00462312018498778,
,,,0.0010657288275,0.15823079040274,-0.00467337143345503,
,,,0.00106593716,0.155718227149919,-0.00457286893652054,
,,,0.0010661454925,0.155718227149919,-0.00452261768805329,
,,,0.001066353825,0.153205663897097,-0.00442211519111879,
,,,0.0010665621575,0.150693100644276,-0.00442211519111879,
,,,0.00106677049,0.148180537391454,-0.00437186394265154,
,,,0.0010669788225,0.148180537391454,-0.0042211101972498,
,,,0.001067187155,0.145667974138632,-0.00417085894878255,
,,,0.0010673954875,0.143155410885811,-0.00417085894878255,
,,,0.00106760382,0.143155410885811,-0.00417085894878255,
,,,0.0010678121525,0.140642847632989,-0.00407035645184806,
,,,0.001068020485,0.138130284380168,-0.00407035645184806,
,,,0.0010682288175,0.138130284380168,-0.00396985395491356,
,,,0.00106843715,0.135617721127346,-0.00391960270644631,
,,,0.0010686454825,0.135617721127346,-0.00396985395491356,
,,,0.001068853815,0.133105157874525,-0.00396985395491356,
,,,0.0010690621475,0.130592594621703,-0.00386935145797906,
,,,0.00106927048,0.130592594621703,-0.00386935145797906,
,,,0.0010694788125,0.128080031368881,-0.00381910020951182,
,,,0.001069687145,0.12556746811606,-0.00381910020951182,
,,,0.0010698954775,0.123054904863238,-0.00391960270644631,
,,,0.00107010381,0.123054904863238,-0.0041206077003153,
,,,0.0010703121425,0.120542341610417,-0.00407035645184806,
,,,0.001070520475,0.120542341610417,-0.00366834646411007,
,,,0.0010707288075,0.118029778357595,-0.00336683897330659,
,,,0.00107093714,0.118029778357595,-0.00346734147024108,
,,,0.0010711454725,0.115517215104774,-0.00366834646411007,
,,,0.001071353805,0.113004651851952,-0.00381910020951182,
,,,0.0010715621375,0.110492088599131,-0.00381910020951182,
,,,0.00107177047,0.110492088599131,-0.00361809521564282,
,,,0.0010719788025,0.107979525346309,-0.00341709022177383,
,,,0.001072187135,0.107979525346309,-0.00321608522790484,
,,,0.0010723954675,0.105466962093487,-0.00346734147024108,
,,,0.0010726038,0.102954398840666,-0.00371859771257732,
,,,0.0010728121325,0.100441835587844,-0.00361809521564282,
,,,0.001073020465,0.100441835587844,-0.00341709022177383,
,,,0.0010732287975,0.100441835587844,-0.0030653314825031,
,,,0.00107343713,0.0979292723350227,-0.00291457773710135,
,,,0.0010736454625,0.0979292723350227,-0.00311558273097035,
,,,0.001073853795,0.0954167090822011,-0.00351759271870833,
,,,0.0010740621275,0.0929041458293796,-0.00376884896104457,
,,,0.00107427046,0.090391582576558,-0.00361809521564282,
,,,0.0010744787925,0.090391582576558,-0.00316583397943759,
,,,0.001074687125,0.090391582576558,-0.00286432648863411,
,,,0.0010748954575,0.0878790193237364,-0.00281407524016686,
,,,0.00107510379,0.0878790193237364,-0.00311558273097035,
,,,0.0010753121225,0.0853664560709149,-0.00346734147024108,
,,,0.001075520455,0.0828538928180933,-0.00356784396717558,
,,,0.0010757287875,0.0828538928180933,-0.00311558273097035,
,,,0.00107593712,0.0828538928180933,-0.00276382399169961,
,,,0.0010761454525,0.0803413295652717,-0.00256281899783062,
,,,0.001076353785,0.0803413295652717,-0.00261307024629787,
,,,0.0010765621175,0.0778287663124502,-0.00281407524016686,
,,,0.00107677045,0.0753162030596286,-0.00311558273097035,
,,,0.0010769787825,0.0753162030596286,-0.00301508023403585,
,,,0.001077187115,0.072803639806807,-0.00291457773710135,
,,,0.0010773954475,0.072803639806807,-0.00261307024629787,
,,,0.00107760378,0.072803639806807,-0.00261307024629787,
,,,0.0010778121125,0.0702910765539855,-0.00276382399169961,
,,,0.001078020445,0.0677785133011639,-0.00301508023403585,
,,,0.0010782287775,0.0677785133011639,-0.00316583397943759,
,,,0.00107843711,0.0652659500483423,-0.00301508023403585,
,,,0.0010786454425,0.0652659500483423,-0.00271357274323236,
,,,0.001078853775,0.0652659500483423,-0.00246231650089612,
,,,0.0010790621075,0.0652659500483423,-0.00241206525242887,
,,,0.00107927044,0.0627533867955208,-0.00271357274323236,
,,,0.0010794787725,0.0602408235426992,-0.00286432648863411,
,,,0.001079687105,0.0602408235426992,-0.00286432648863411,
,,,0.0010798954375,0.0577282602898777,-0.00276382399169961,
,,,0.00108010377,0.0577282602898777,-0.00251256774936337,
,,,0.0010803121025,0.0577282602898777,-0.00231156275549438,
,,,0.001080520435,0.0577282602898777,-0.00231156275549438,
,,,0.0010807287675,0.0552156970370561,-0.00251256774936337,
,,,0.0010809371,0.0527031337842345,-0.00266332149476511,
,,,0.0010811454325,0.0527031337842345,-0.00276382399169961,
,,,0.001081353765,0.050190570531413,-0.00261307024629787,
,,,0.0010815620975,0.050190570531413,-0.00231156275549438,
,,,0.00108177043,0.050190570531413,-0.00201005526469089,
,,,0.0010819787625,0.050190570531413,-0.00211055776162539,
,,,0.001082187095,0.0476780072785914,-0.00226131150702713,
,,,0.0010823954275,0.0476780072785914,-0.00246231650089612,
,,,0.00108260376,0.0451654440257698,-0.00256281899783062,
,,,0.0010828120925,0.0451654440257698,-0.00246231650089612,
,,,0.001083020425,0.0451654440257698,-0.00226131150702713,
,,,0.0010832287575,0.0426528807729483,-0.00211055776162539,
,,,0.00108343709,0.0426528807729483,-0.00226131150702713,
,,,0.0010836454225,0.0401403175201267,-0.00231156275549438,
,,,0.001083853755,0.0401403175201267,-0.00231156275549438,
,,,0.0010840620875,0.0401403175201267,-0.00216080901009263,
,,,0.00108427042,0.0401403175201267,-0.00206030651315814,
,,,0.0010844787525,0.0376277542673051,-0.00216080901009263,
,,,0.001084687085,0.0376277542673051,-0.00221106025855988,
,,,0.0010848954175,0.0351151910144836,-0.00231156275549438,
,,,0.00108510375,0.0351151910144836,-0.00221106025855988,
,,,0.0010853120825,0.0351151910144836,-0.00206030651315814,
,,,0.001085520415,0.0351151910144836,-0.00201005526469089,
,,,0.0010857287475,0.032602627761662,-0.00201005526469089,
,,,0.00108593708,0.032602627761662,-0.00211055776162539,
,,,0.0010861454125,0.0300900645088404,-0.00216080901009263,
,,,0.001086353745,0.0300900645088404,-0.00195980401622364,
,,,0.0010865620775,0.0300900645088404,-0.0018090502708219,
,,,0.00108677041,0.0300900645088404,-0.0019095527677564,
,,,0.0010869787425,0.0275775012560189,-0.00221106025855988,
,,,0.001087187075,0.0250649380031973,-0.00241206525242887,
,,,0.0010873954075,0.0250649380031973,-0.00226131150702713,
,,,0.00108760374,0.0250649380031973,-0.00185930151928915,
,,,0.0010878120725,0.0250649380031973,-0.00165829652542016,
,,,0.001088020405,0.0250649380031973,-0.0018090502708219,
,,,0.0010882287375,0.0225523747503757,-0.00211055776162539,
,,,0.00108843707,0.0225523747503757,-0.00241206525242887,
,,,0.0010886454025,0.0225523747503757,-0.00216080901009263,
,,,0.001088853735,0.0225523747503757,-0.00165829652542016,
,,,0.0010890620675,0.0225523747503757,-0.00135678903461667,
,,,0.0010892704,0.0200398114975542,-0.00150754278001841,
,,,0.0010894787325,0.0200398114975542,-0.00195980401622364,
,,,0.001089687065,0.0175272482447326,-0.00221106025855988,
,,,0.0010898953975,0.0175272482447326,-0.00211055776162539,
,,,0.00109010373,0.0175272482447326,-0.00175879902235465,
,,,0.0010903120625,0.0175272482447326,-0.00145729153155116,
,,,0.001090520395,0.0150146849919111,-0.00145729153155116,
,,,0.0010907287275,0.0150146849919111,-0.0017085477738874,
,,,0.00109093706,0.0150146849919111,-0.00195980401622364,
,,,0.0010911453925,0.0150146849919111,-0.0018090502708219,
,,,0.001091353725,0.0125021217390895,-0.00155779402848566,
,,,0.0010915620575,0.0150146849919111,-0.00135678903461667,
,,,0.00109177039,0.0125021217390895,-0.00160804527695291,
,,,0.0010919787225,0.00998955848626792,-0.00175879902235465,
,,,0.001092187055,0.00998955848626792,-0.00195980401622364,
,,,0.0010923953875,0.00998955848626792,-0.0019095527677564,
,,,0.00109260372,0.00998955848626792,-0.00160804527695291,
,,,0.0010928120525,0.00998955848626792,-0.00145729153155116,
,,,0.001093020385,0.00998955848626792,-0.00150754278001841,
,,,0.0010932287175,0.00747699523344636,-0.00160804527695291,
,,,0.00109343705,0.00747699523344636,-0.0017085477738874,
,,,0.0010936453825,0.00747699523344636,-0.0018090502708219,
,,,0.001093853715,0.00747699523344636,-0.00160804527695291,
,,,0.0010940620475,0.0049644319806248,-0.00135678903461667,
,,,0.00109427038,0.00747699523344636,-0.00120603528921492,
,,,0.0010944787125,0.00747699523344636,-0.00115578404074768,
,,,0.001094687045,0.0049644319806248,-0.00155779402848566,
,,,0.0010948953775,0.00245186872780323,-0.00160804527695291,
,,,0.00109510371,0.00245186872780323,-0.00160804527695291,
,,,0.0010953120425,0.0049644319806248,-0.00135678903461667,
,,,0.001095520375,0.0049644319806248,-0.00125628653768217,
,,,0.0010957287075,0.00245186872780323,-0.00120603528921492,
,,,0.00109593704,0.00245186872780323,-0.00140704028308392,
,,,0.0010961453725,-6.06945250183344E-05,-0.0017085477738874,
,,,0.001096353705,-6.06945250183344E-05,-0.00175879902235465,
,,,0.0010965620375,-6.06945250183344E-05,-0.00155779402848566,
,,,0.00109677037,-6.06945250183344E-05,-0.00125628653768217,
,,,0.0010969787025,-6.06945250183344E-05,-0.00100503029534593,
,,,0.001097187035,-6.06945250183344E-05,-0.00110553279228043,
,,,0.0010973953675,-6.06945250183344E-05,-0.00135678903461667,
,,,0.0010976037,-0.0025732577778399,-0.00165829652542016,
,,,0.0010978120325,-0.0025732577778399,-0.00155779402848566,
,,,0.001098020365,-0.0025732577778399,-0.00135678903461667,
,,,0.0010982286975,-0.0025732577778399,-0.00120603528921492,
,,,0.00109843703,-0.0025732577778399,-0.00125628653768217,
,,,0.0010986453625,-0.00508582103066146,-0.00125628653768217,
,,,0.001098853695,-0.00508582103066146,-0.00155779402848566,
,,,0.0010990620275,-0.00759838428348303,-0.00155779402848566,
,,,0.00109927036,-0.00759838428348303,-0.00140704028308392,
,,,0.0010994786925,-0.00508582103066146,-0.00120603528921492,
,,,0.001099687025,-0.00508582103066146,-0.00105528154381318,
,,,0.0010998953575,-0.00759838428348303,-0.00120603528921492,
,,,0.00110010369,-0.00759838428348303,-0.00125628653768217,
,,,0.0011003120225,-0.00759838428348303,-0.00145729153155116,
,,,0.001100520355,-0.0101109475363046,-0.00135678903461667,
,,,0.0011007286875,-0.0101109475363046,-0.00120603528921492,
,,,0.00110093702,-0.0101109475363046,-0.00115578404074768,
,,,0.0011011453525,-0.0101109475363046,-0.00115578404074768,
,,,0.001101353685,-0.0101109475363046,-0.00115578404074768,
,,,0.0011015620175,-0.0101109475363046,-0.00125628653768217,
,,,0.00110177035,-0.0126235107891262,-0.00135678903461667,
,,,0.0011019786825,-0.0126235107891262,-0.00135678903461667,
,,,0.001102187015,-0.0126235107891262,-0.00125628653768217,
,,,0.0011023953475,-0.0126235107891262,-0.00115578404074768,
,,,0.00110260368,-0.0126235107891262,-0.00100503029534593,
,,,0.0011028120125,-0.0126235107891262,-0.00100503029534593,
,,,0.001103020345,-0.0126235107891262,-0.00105528154381318,
,,,0.0011032286775,-0.0126235107891262,-0.00115578404074768,
,,,0.00110343701,-0.0126235107891262,-0.00110553279228043,
,,,0.0011036453425,-0.0126235107891262,-0.000904527798411436,
,,,0.001103853675,-0.0151360740419477,-0.000904527798411436,
,,,0.0011040620075,-0.0151360740419477,-0.000954779046878684,
,,,0.00110427034,-0.0151360740419477,-0.000804025301476941,
,,,0.0011044786725,-0.0151360740419477,-0.000954779046878684,
,,,0.001104687005,-0.0176486372947693,-0.00110553279228043,
,,,0.0011048953375,-0.0176486372947693,-0.00110553279228043,
,,,0.00110510367,-0.0151360740419477,-0.00110553279228043,
,,,0.0011053120025,-0.0151360740419477,-0.00110553279228043,
,,,0.001105520335,-0.0176486372947693,-0.00100503029534593,
,,,0.0011057286675,-0.0176486372947693,-0.00100503029534593,
,,,0.001105937,-0.0176486372947693,-0.00105528154381318,
,,,0.0011061453325,-0.0176486372947693,-0.00110553279228043,
,,,0.001106353665,-0.0201612005475909,-0.00105528154381318,
,,,0.0011065619975,-0.0176486372947693,-0.00100503029534593,
,,,0.00110677033,-0.0201612005475909,-0.00100503029534593,
,,,0.0011069786625,-0.0176486372947693,-0.000753774053009693,
,,,0.001107186995,-0.0176486372947693,-0.000804025301476941,
,,,0.0011073953275,-0.0201612005475909,-0.00100503029534593,
,,,0.00110760366,-0.0201612005475909,-0.00115578404074768,
,,,0.0011078119925,-0.0201612005475909,-0.00110553279228043,
,,,0.001108020325,-0.0201612005475909,-0.00105528154381318,
,,,0.0011082286575,-0.0201612005475909,-0.000954779046878684,
,,,0.00110843699,-0.0201612005475909,-0.000804025301476941,
,,,0.0011086453225,-0.0226737638004124,-0.000804025301476941,
,,,0.001108853655,-0.0226737638004124,-0.00100503029534593,
,,,0.0011090619875,-0.0226737638004124,-0.00115578404074768,
,,,0.00110927032,-0.0226737638004124,-0.00100503029534593,
,,,0.0011094786525,-0.0226737638004124,-0.000904527798411436,
,,,0.001109686985,-0.0226737638004124,-0.000904527798411436,
,,,0.0011098953175,-0.025186327053234,-0.000804025301476941,
,,,0.00111010365,-0.025186327053234,-0.00100503029534593,
,,,0.0011103119825,-0.025186327053234,-0.00115578404074768,
,,,0.001110520315,-0.025186327053234,-0.00110553279228043,
,,,0.0011107286475,-0.025186327053234,-0.000954779046878684,
,,,0.00111093698,-0.025186327053234,-0.000753774053009693,
,,,0.0011111453125,-0.025186327053234,-0.000753774053009693,
,,,0.001111353645,-0.025186327053234,-0.00105528154381318,
,,,0.0011115619775,-0.0276988903060555,-0.00135678903461667,
,,,0.00111177031,-0.0276988903060555,-0.00130653778614942,
,,,0.0011119786425,-0.0276988903060555,-0.00100503029534593,
,,,0.001112186975,-0.025186327053234,-0.000552769059140701,
,,,0.0011123953075,-0.025186327053234,-0.000502517810673453,
,,,0.00111260364,-0.025186327053234,-0.000653271556075197,
,,,0.0011128119725,-0.0276988903060555,-0.00110553279228043,
,,,0.001113020305,-0.0276988903060555,-0.00120603528921492,
,,,0.0011132286375,-0.0276988903060555,-0.000854276549944188,
,,,0.00111343697,-0.0276988903060555,-0.000502517810673453,
,,,0.0011136453025,-0.025186327053234,-0.000452266562206205,
,,,0.001113853635,-0.0276988903060555,-0.000703522804542445,
,,,0.0011140619675,-0.0276988903060555,-0.000954779046878684,
,,,0.0011142703,-0.0302114535588771,-0.00120603528921492,
,,,0.0011144786325,-0.0302114535588771,-0.00120603528921492,
,,,0.001114686965,-0.0302114535588771,-0.000954779046878684,
,,,0.0011148952975,-0.0276988903060555,-0.000502517810673453,
,,,0.00111510363,-0.0276988903060555,-0.000452266562206205,
,,,0.0011153119625,-0.0302114535588771,-0.000753774053009693,
,,,0.001115520295,-0.0302114535588771,-0.000904527798411436,
,,,0.0011157286275,-0.0302114535588771,-0.000954779046878684,
,,,0.00111593696,-0.0302114535588771,-0.000854276549944188,
,,,0.0011161452925,-0.0302114535588771,-0.000703522804542445,
,,,0.001116353625,-0.0302114535588771,-0.000552769059140701,
,,,0.0011165619575,-0.0302114535588771,-0.000653271556075197,
,,,0.00111677029,-0.0302114535588771,-0.000753774053009693,
,,,0.0011169786225,-0.0302114535588771,-0.000753774053009693,
,,,0.001117186955,-0.0327240168116987,-0.000804025301476941,
,,,0.0011173952875,-0.0327240168116987,-0.000854276549944188,
,,,0.00111760362,-0.0327240168116987,-0.000753774053009693,
,,,0.0011178119525,-0.0302114535588771,-0.000653271556075197,
,,,0.001118020285,-0.0327240168116987,-0.000603020307607949,
,,,0.0011182286175,-0.0327240168116987,-0.000854276549944188,
,,,0.00111843695,-0.0327240168116987,-0.00100503029534593,
,,,0.0011186452825,-0.0327240168116987,-0.00105528154381318,
,,,0.001118853615,-0.0327240168116987,-0.000804025301476941,
,,,0.0011190619475,-0.0327240168116987,-0.000502517810673453,
,,,0.00111927028,-0.0327240168116987,-0.000603020307607949,
,,,0.0011194786125,-0.0327240168116987,-0.000753774053009693,
,,,0.001119686945,-0.0352365800645202,-0.000954779046878684,
,,,0.0011198952775,-0.0352365800645202,-0.00100503029534593,
,,,0.00112010361,-0.0352365800645202,-0.000854276549944188,
,,,0.0011203119425,-0.0327240168116987,-0.000603020307607949,
,,,0.001120520275,-0.0327240168116987,-0.000402015313738957,
,,,0.0011207286075,-0.0352365800645202,-0.000653271556075197,
,,,0.00112093694,-0.0352365800645202,-0.00110553279228043,
,,,0.0011211452725,-0.0377491433173418,-0.00130653778614942,
,,,0.001121353605,-0.0377491433173418,-0.00105528154381318,
,,,0.0011215619375,-0.0352365800645202,-0.000653271556075197,
,,,0.00112177027,-0.0352365800645202,-0.000452266562206205,
,,,0.0011219786025,-0.0352365800645202,-0.000301512816804461,
,,,0.001122186935,-0.0352365800645202,-0.000653271556075197,
,,,0.0011223952675,-0.0377491433173418,-0.00110553279228043,
,,,0.0011226036,-0.0377491433173418,-0.00105528154381318,
,,,0.0011228119325,-0.0377491433173418,-0.000854276549944188,
,,,0.001123020265,-0.0377491433173418,-0.000603020307607949,
,,,0.0011232285975,-0.0352365800645202,-0.000402015313738957,
,,,0.00112343693,-0.0377491433173418,-0.000653271556075197,
,,,0.0011236452625,-0.0377491433173418,-0.000854276549944188,
,,,0.001123853595,-0.0402617065701634,-0.00100503029534593,
,,,0.0011240619275,-0.0377491433173418,-0.000954779046878684,
,,,0.00112427026,-0.0377491433173418,-0.000703522804542445,
,,,0.0011244785925,-0.0377491433173418,-0.000452266562206205,
,,,0.001124686925,-0.0377491433173418,-0.000402015313738957,
,,,0.0011248952575,-0.0377491433173418,-0.000402015313738957,
,,,0.00112510359,-0.0377491433173418,-0.000854276549944188,
,,,0.0011253119225,-0.0402617065701634,-0.00110553279228043,
,,,0.001125520255,-0.0402617065701634,-0.000904527798411436,
,,,0.0011257285875,-0.0377491433173418,-0.000452266562206205,
,,,0.00112593692,-0.0377491433173418,-0.000150759071402717,
,,,0.0011261452525,-0.0377491433173418,-0.000201010319869965,
,,,0.001126353585,-0.0402617065701634,-0.000703522804542445,
,,,0.0011265619175,-0.0402617065701634,-0.00105528154381318,
,,,0.00112677025,-0.0402617065701634,-0.00105528154381318,
,,,0.0011269785825,-0.0402617065701634,-0.000603020307607949,
,,,0.001127186915,-0.0377491433173418,-0.000150759071402717,
,,,0.0011273952475,-0.0377491433173418,-0.000150759071402717,
,,,0.00112760358,-0.0402617065701634,-0.000402015313738957,
,,,0.0011278119125,-0.0402617065701634,-0.000904527798411436,
,,,0.001128020245,-0.0427742698229849,-0.00120603528921492,
,,,0.0011282285775,-0.0402617065701634,-0.000904527798411436,
,,,0.00112843691,-0.0402617065701634,-0.000552769059140701,
,,,0.0011286452425,-0.0402617065701634,-0.000351764065271709,
,,,0.001128853575,-0.0402617065701634,-0.000452266562206205,
,,,0.0011290619075,-0.0402617065701634,-0.000703522804542445,
,,,0.00112927024,-0.0427742698229849,-0.000854276549944188,
,,,0.0011294785725,-0.0427742698229849,-0.000753774053009693,
,,,0.001129686905,-0.0427742698229849,-0.000603020307607949,
,,,0.0011298952375,-0.0402617065701634,-0.000452266562206205,
,,,0.00113010357,-0.0402617065701634,-0.000502517810673453,
,,,0.0011303119025,-0.0427742698229849,-0.000653271556075197,
,,,0.001130520235,-0.0427742698229849,-0.000804025301476941,
,,,0.0011307285675,-0.0427742698229849,-0.000854276549944188,
,,,0.0011309369,-0.0427742698229849,-0.000854276549944188,
,,,0.0011311452325,-0.0427742698229849,-0.000753774053009693,
,,,0.001131353565,-0.0427742698229849,-0.000603020307607949,
,,,0.0011315618975,-0.0427742698229849,-0.000452266562206205,
,,,0.00113177023,-0.0427742698229849,-0.000502517810673453,
,,,0.0011319785625,-0.0427742698229849,-0.000603020307607949,
,,,0.001132186895,-0.0452868330758065,-0.000854276549944188,
,,,0.0011323952275,-0.0452868330758065,-0.000954779046878684,
,,,0.00113260356,-0.0427742698229849,-0.000804025301476941,
,,,0.0011328118925,-0.0427742698229849,-0.000552769059140701,
,,,0.001133020225,-0.0427742698229849,-0.000452266562206205,
,,,0.0011332285575,-0.0427742698229849,-0.000502517810673453,
,,,0.00113343689,-0.0427742698229849,-0.000703522804542445,
,,,0.0011336452225,-0.0452868330758065,-0.000804025301476941,
,,,0.001133853555,-0.0452868330758065,-0.000753774053009693,
,,,0.0011340618875,-0.0452868330758065,-0.000552769059140701,
,,,0.00113427022,-0.0427742698229849,-0.000402015313738957,
,,,0.0011344785525,-0.0427742698229849,-0.000402015313738957,
,,,0.001134686885,-0.0452868330758065,-0.000452266562206205,
,,,0.0011348952175,-0.0452868330758065,-0.000653271556075197,
,,,0.00113510355,-0.0452868330758065,-0.000753774053009693,
,,,0.0011353118825,-0.0452868330758065,-0.000653271556075197,
,,,0.001135520215,-0.0452868330758065,-0.000502517810673453,
,,,0.0011357285475,-0.0452868330758065,-0.000402015313738957,
,,,0.00113593688,-0.0452868330758065,-0.000402015313738957,
,,,0.0011361452125,-0.0452868330758065,-0.000452266562206205,
,,,0.001136353545,-0.0452868330758065,-0.000552769059140701,
,,,0.0011365618775,-0.0452868330758065,-0.000753774053009693,
,,,0.00113677021,-0.0452868330758065,-0.000653271556075197,
,,,0.0011369785425,-0.0452868330758065,-0.000502517810673453,
,,,0.001137186875,-0.0452868330758065,-0.000402015313738957,
,,,0.0011373952075,-0.0452868330758065,-0.000452266562206205,
,,,0.00113760354,-0.0452868330758065,-0.000653271556075197,
,,,0.0011378118725,-0.0477993963286281,-0.000753774053009693,
,,,0.001138020205,-0.0452868330758065,-0.000753774053009693,
,,,0.0011382285375,-0.0477993963286281,-0.000804025301476941,
,,,0.00113843687,-0.0477993963286281,-0.000552769059140701,
,,,0.0011386452025,-0.0452868330758065,-0.000452266562206205,
,,,0.001138853535,-0.0477993963286281,-0.000603020307607949,
,,,0.0011390618675,-0.0477993963286281,-0.000552769059140701,
,,,0.0011392702,-0.0477993963286281,-0.000552769059140701,
,,,0.0011394785325,-0.0477993963286281,-0.000502517810673453,
,,,0.001139686865,-0.0477993963286281,-0.000452266562206205,
,,,0.0011398951975,-0.0477993963286281,-0.000452266562206205,
,,,0.00114010353,-0.0452868330758065,-0.000452266562206205,
,,,0.0011403118625,-0.0477993963286281,-0.000653271556075197,
,,,0.001140520195,-0.0477993963286281,-0.000703522804542445,
,,,0.0011407285275,-0.0477993963286281,-0.000703522804542445,
,,,0.00114093686,-0.0477993963286281,-0.000653271556075197,
,,,0.0011411451925,-0.0477993963286281,-0.000603020307607949,
,,,0.001141353525,-0.0477993963286281,-0.000653271556075197,
,,,0.0011415618575,-0.0477993963286281,-0.000703522804542445,
,,,0.00114177019,-0.0477993963286281,-0.000703522804542445,
,,,0.0011419785225,-0.0477993963286281,-0.000703522804542445,
,,,0.001142186855,-0.0477993963286281,-0.000552769059140701,
,,,0.0011423951875,-0.0477993963286281,-0.000452266562206205,
,,,0.00114260352,-0.0477993963286281,-0.000552769059140701,
,,,0.0011428118525,-0.0477993963286281,-0.000653271556075197,
,,,0.001143020185,-0.0477993963286281,-0.000603020307607949,
,,,0.0011432285175,-0.0477993963286281,-0.000452266562206205,
,,,0.00114343685,-0.0477993963286281,-0.000301512816804461,
,,,0.0011436451825,-0.0477993963286281,-0.000301512816804461,
,,,0.001143853515,-0.0477993963286281,-0.000452266562206205,
,,,0.0011440618475,-0.0503119595814496,-0.000653271556075197,
,,,0.00114427018,-0.0503119595814496,-0.000653271556075197,
,,,0.0011444785125,-0.0503119595814496,-0.000552769059140701,
,,,0.001144686845,-0.0503119595814496,-0.000351764065271709,
,,,0.0011448951775,-0.0477993963286281,-0.000251261568337213,
,,,0.00114510351,-0.0477993963286281,-0.000351764065271709,
,,,0.0011453118425,-0.0503119595814496,-0.000703522804542445,
,,,0.001145520175,-0.0503119595814496,-0.000753774053009693,
,,,0.0011457285075,-0.0503119595814496,-0.000502517810673453,
,,,0.00114593684,-0.0503119595814496,-0.000351764065271709,
,,,0.0011461451725,-0.0477993963286281,-0.000251261568337213,
,,,0.001146353505,-0.0503119595814496,-0.000402015313738957,
,,,0.0011465618375,-0.0503119595814496,-0.000552769059140701,
,,,0.00114677017,-0.0503119595814496,-0.000753774053009693,
,,,0.0011469785025,-0.0503119595814496,-0.000603020307607949,
,,,0.001147186835,-0.0503119595814496,-0.000502517810673453,
,,,0.0011473951675,-0.0503119595814496,-0.000452266562206205,
,,,0.0011476035,-0.0503119595814496,-0.000552769059140701,
,,,0.0011478118325,-0.0503119595814496,-0.000603020307607949,
,,,0.001148020165,-0.0503119595814496,-0.000552769059140701,
,,,0.0011482284975,-0.0503119595814496,-0.000452266562206205,
,,,0.00114843683,-0.0503119595814496,-0.000452266562206205,
,,,0.0011486451625,-0.0503119595814496,-0.000402015313738957,
,,,0.001148853495,-0.0503119595814496,-0.000552769059140701,
,,,0.0011490618275,-0.0503119595814496,-0.000502517810673453,
,,,0.00114927016,-0.0503119595814496,-0.000351764065271709,
,,,0.0011494784925,-0.0503119595814496,-0.000351764065271709,
,,,0.001149686825,-0.0503119595814496,-0.000452266562206205,
,,,0.0011498951575,-0.0503119595814496,-0.000653271556075197,
,,,0.00115010349,-0.0528245228342712,-0.000804025301476941,
,,,0.0011503118225,-0.0528245228342712,-0.000804025301476941,
,,,0.001150520155,-0.0528245228342712,-0.000653271556075197,
,,,0.0011507284875,-0.0503119595814496,-0.000402015313738957,
,,,0.00115093682,-0.0503119595814496,-0.000402015313738957,
,,,0.0011511451525,-0.0503119595814496,-0.000552769059140701,
,,,0.001151353485,-0.0528245228342712,-0.000552769059140701,
,,,0.0011515618175,-0.0503119595814496,-0.000502517810673453,
,,,0.00115177015,-0.0503119595814496,-0.000502517810673453,
,,,0.0011519784825,-0.0503119595814496,-0.000552769059140701,
,,,0.001152186815,-0.0528245228342712,-0.000502517810673453,
,,,0.0011523951475,-0.0528245228342712,-0.000502517810673453,
,,,0.00115260348,-0.0503119595814496,-0.000452266562206205,
,,,0.0011528118125,-0.0503119595814496,-0.000502517810673453,
,,,0.001153020145,-0.0528245228342712,-0.000402015313738957,
,,,0.0011532284775,-0.0528245228342712,-0.000301512816804461,
,,,0.00115343681,-0.0528245228342712,-0.000402015313738957,
,,,0.0011536451425,-0.0503119595814496,-0.000402015313738957,
,,,0.001153853475,-0.0528245228342712,-0.000351764065271709,
,,,0.0011540618075,-0.0528245228342712,-0.000402015313738957,
,,,0.00115427014,-0.0528245228342712,-0.000351764065271709,
,,,0.0011544784725,-0.0503119595814496,-0.000351764065271709,
,,,0.001154686805,-0.0528245228342712,-0.000452266562206205,
,,,0.0011548951375,-0.0528245228342712,-0.000452266562206205,
,,,0.00115510347,-0.0528245228342712,-0.000502517810673453,
,,,0.0011553118025,-0.0528245228342712,-0.000502517810673453,
,,,0.001155520135,-0.0528245228342712,-0.000452266562206205,
,,,0.0011557284675,-0.0528245228342712,-0.000351764065271709,
,,,0.0011559368,-0.0503119595814496,-0.000251261568337213,
,,,0.0011561451325,-0.0528245228342712,-0.000201010319869965,
,,,0.001156353465,-0.0528245228342712,-0.000251261568337213,
,,,0.0011565617975,-0.0528245228342712,-0.000402015313738957,
,,,0.00115677013,-0.0528245228342712,-0.000502517810673453,
,,,0.0011569784625,-0.0528245228342712,-0.000603020307607949,
,,,0.001157186795,-0.0528245228342712,-0.000603020307607949,
,,,0.0011573951275,-0.0528245228342712,-0.000452266562206205,
,,,0.00115760346,-0.0528245228342712,-0.000452266562206205,
,,,0.0011578117925,-0.0528245228342712,-0.000552769059140701,
,,,0.001158020125,-0.0528245228342712,-0.000603020307607949,
,,,0.0011582284575,-0.0528245228342712,-0.000603020307607949,
,,,0.00115843679,-0.0528245228342712,-0.000603020307607949,
,,,0.0011586451225,-0.0528245228342712,-0.000301512816804461,
,,,0.001158853455,-0.0528245228342712,-0.000150759071402717,
,,,0.0011590617875,-0.0528245228342712,-0.000201010319869965,
,,,0.00115927012,-0.0528245228342712,-0.000301512816804461,
,,,0.0011594784525,-0.0528245228342712,-0.000753774053009693,
,,,0.001159686785,-0.0553370860870928,-0.000904527798411436,
,,,0.0011598951175,-0.0553370860870928,-0.000753774053009693,
,,,0.00116010345,-0.0528245228342712,-0.000502517810673453,
,,,0.0011603117825,-0.0528245228342712,-0.000251261568337213,
,,,0.001160520115,-0.0528245228342712,-0.000301512816804461,
,,,0.0011607284475,-0.0528245228342712,-0.000502517810673453,
,,,0.00116093678,-0.0553370860870928,-0.000804025301476941,
,,,0.0011611451125,-0.0553370860870928,-0.000753774053009693,
,,,0.001161353445,-0.0528245228342712,-0.000452266562206205,
,,,0.0011615617775,-0.0528245228342712,-0.000100507822935469,
,,,0.00116177011,-0.0528245228342712,-0.000100507822935469,
,,,0.0011619784425,-0.0528245228342712,-0.000301512816804461,
,,,0.001162186775,-0.0528245228342712,-0.000552769059140701,
,,,0.0011623951075,-0.0553370860870928,-0.000753774053009693,
,,,0.00116260344,-0.0553370860870928,-0.000653271556075197,
,,,0.0011628117725,-0.0528245228342712,-0.000351764065271709,
,,,0.001163020105,-0.0528245228342712,-0.000150759071402717,
,,,0.0011632284375,-0.0528245228342712,-0.000100507822935469,
,,,0.00116343677,-0.0528245228342712,-0.000402015313738957,
,,,0.0011636451025,-0.0553370860870928,-0.000653271556075197,
,,,0.001163853435,-0.0553370860870928,-0.000653271556075197,
,,,0.0011640617675,-0.0528245228342712,-0.000402015313738957,
,,,0.0011642701,-0.0528245228342712,-0.000201010319869965,
,,,0.0011644784325,-0.0528245228342712,-0.000301512816804461,
,,,0.001164686765,-0.0553370860870928,-0.000502517810673453,
,,,0.0011648950975,-0.0553370860870928,-0.000603020307607949,
,,,0.00116510343,-0.0528245228342712,-0.000653271556075197,
,,,0.0011653117625,-0.0553370860870928,-0.000452266562206205,
,,,0.001165520095,-0.0528245228342712,-0.000201010319869965,
,,,0.0011657284275,-0.0528245228342712,-0.000150759071402717,
,,,0.00116593676,-0.0528245228342712,-0.000201010319869965,
,,,0.0011661450925,-0.0528245228342712,-0.000502517810673453,
,,,0.001166353425,-0.0553370860870928,-0.000603020307607949,
,,,0.0011665617575,-0.0553370860870928,-0.000653271556075197,
,,,0.00116677009,-0.0553370860870928,-0.000502517810673453,
,,,0.0011669784225,-0.0553370860870928,-0.000502517810673453,
,,,0.001167186755,-0.0553370860870928,-0.000452266562206205,
,,,0.0011673950875,-0.0553370860870928,-0.000402015313738957,
,,,0.00116760342,-0.0553370860870928,-0.000753774053009693,
,,,0.0011678117525,-0.0553370860870928,-0.000703522804542445,
,,,0.001168020085,-0.0553370860870928,-0.000351764065271709,
,,,0.0011682284175,-0.0528245228342712,-0.000201010319869965,
,,,0.00116843675,-0.0528245228342712,-0.000150759071402717,
,,,0.0011686450825,-0.0553370860870928,-0.000251261568337213,
,,,0.001168853415,-0.0553370860870928,-0.000452266562206205,
,,,0.0011690617475,-0.0553370860870928,-0.000603020307607949,
,,,0.00116927008,-0.0553370860870928,-0.000703522804542445,
,,,0.0011694784125,-0.0553370860870928,-0.000603020307607949,
,,,0.001169686745,-0.0553370860870928,-0.000452266562206205,
,,,0.0011698950775,-0.0553370860870928,-0.000402015313738957,
,,,0.00117010341,-0.0553370860870928,-0.000351764065271709,
,,,0.0011703117425,-0.0553370860870928,-0.000502517810673453,
,,,0.001170520075,-0.0553370860870928,-0.000552769059140701,
,,,0.0011707284075,-0.0553370860870928,-0.000402015313738957,
,,,0.00117093674,-0.0553370860870928,-0.000251261568337213,
,,,0.0011711450725,-0.0553370860870928,-0.000201010319869965,
,,,0.001171353405,-0.0553370860870928,-0.000402015313738957,
,,,0.0011715617375,-0.0553370860870928,-0.000552769059140701,
,,,0.00117177007,-0.0553370860870928,-0.000603020307607949,
,,,0.0011719784025,-0.0553370860870928,-0.000552769059140701,
,,,0.001172186735,-0.0553370860870928,-0.000502517810673453,
,,,0.0011723950675,-0.0553370860870928,-0.000351764065271709,
,,,0.0011726034,-0.0553370860870928,-0.000251261568337213,
,,,0.0011728117325,-0.0553370860870928,-0.000402015313738957,
,,,0.001173020065,-0.0553370860870928,-0.000452266562206205,
,,,0.0011732283975,-0.0553370860870928,-0.000502517810673453,
,,,0.00117343673,-0.0553370860870928,-0.000502517810673453,
,,,0.0011736450625,-0.0553370860870928,-0.000402015313738957,
,,,0.001173853395,-0.0553370860870928,-0.000402015313738957,
,,,0.0011740617275,-0.0553370860870928,-0.000452266562206205,
,,,0.00117427006,-0.0553370860870928,-0.000552769059140701,
,,,0.0011744783925,-0.0553370860870928,-0.000452266562206205,
,,,0.001174686725,-0.0553370860870928,-0.000301512816804461,
,,,0.0011748950575,-0.0553370860870928,-0.000351764065271709,
,,,0.00117510339,-0.0553370860870928,-0.000452266562206205,
,,,0.0011753117225,-0.0553370860870928,-0.000402015313738957,
,,,0.001175520055,-0.0553370860870928,-0.000552769059140701,
,,,0.0011757283875,-0.0553370860870928,-0.000703522804542445,
,,,0.00117593672,-0.0578496493399143,-0.000552769059140701,
,,,0.0011761450525,-0.0553370860870928,-0.000402015313738957,
,,,0.001176353385,-0.0553370860870928,-0.000251261568337213,
,,,0.0011765617175,-0.0553370860870928,-0.000502517810673453,
,,,0.00117677005,-0.0553370860870928,-0.000552769059140701,
,,,0.0011769783825,-0.0578496493399143,-0.000603020307607949,
,,,0.001177186715,-0.0578496493399143,-0.000502517810673453,
,,,0.0011773950475,-0.0578496493399143,-0.000351764065271709,
,,,0.00117760338,-0.0553370860870928,-0.000351764065271709,
,,,0.0011778117125,-0.0578496493399143,-0.000552769059140701,
,,,0.001178020045,-0.0578496493399143,-0.000603020307607949,
,,,0.0011782283775,-0.0553370860870928,-0.000502517810673453,
,,,0.00117843671,-0.0553370860870928,-0.000351764065271709,
,,,0.0011786450425,-0.0578496493399143,-0.000402015313738957,
,,,0.001178853375,-0.0578496493399143,-0.000351764065271709,
,,,0.0011790617075,-0.0553370860870928,-0.000452266562206205,
,,,0.00117927004,-0.0578496493399143,-0.000552769059140701,
,,,0.0011794783725,-0.0578496493399143,-0.000502517810673453,
,,,0.001179686705,-0.0578496493399143,-0.000301512816804461,
,,,0.0011798950375,-0.0553370860870928,-0.000201010319869965,
,,,0.00118010337,-0.0553370860870928,-0.000251261568337213,
,,,0.0011803117025,-0.0578496493399143,-0.000552769059140701,
,,,0.001180520035,-0.0578496493399143,-0.000653271556075197,
