x-axis,1,2
second,Volt,Volt
-106.0000E-06,,
-105.7950E-06,,
-105.5900E-06,-2.7371230563E+00,-87.6131009E-03
-105.3850E-06,-2.8753140122E+00,-107.7136032E-03
-105.1800E-06,-2.7371230563E+00,-102.6884776E-03
-104.9750E-06,-2.8376255697E+00,-115.2512915E-03
-104.7700E-06,-2.7371230563E+00,-115.2512915E-03
-104.5650E-06,-2.8376255697E+00,-107.7136032E-03
-104.3600E-06,-2.6743089855E+00,-102.6884776E-03
-104.1550E-06,-2.8376255697E+00,-115.2512915E-03
-103.9500E-06,-2.7371230563E+00,-115.2512915E-03
-103.7450E-06,-2.8753140122E+00,-75.0502869E-03
-103.5400E-06,-2.6743089855E+00,-115.2512915E-03
-103.3350E-06,-2.8376255697E+00,-67.5125986E-03
-103.1300E-06,-2.7371230563E+00,-90.1256637E-03
-102.9250E-06,-2.8376255697E+00,-115.2512915E-03
-102.7200E-06,-2.8753140122E+00,-142.8894822E-03
-102.5150E-06,-2.8376255697E+00,-115.2512915E-03
-102.3100E-06,-2.8124999413E+00,-75.0502869E-03
-102.1050E-06,-2.7119974280E+00,-75.0502869E-03
-101.9000E-06,-2.8753140122E+00,-75.0502869E-03
-101.6950E-06,-2.8376255697E+00,-115.2512915E-03
-101.4900E-06,-2.8753140122E+00,-75.0502869E-03
-101.2850E-06,-2.7119974280E+00,-75.0502869E-03
-101.0800E-06,-2.8124999413E+00,-102.6884776E-03
-100.8750E-06,-2.7119974280E+00,-75.0502869E-03
-100.6700E-06,-2.7371230563E+00,-87.6131009E-03
-100.4650E-06,-2.7119974280E+00,-107.7136032E-03
-100.2600E-06,-2.7371230563E+00,-102.6884776E-03
-100.0550E-06,-2.8376255697E+00,-115.2512915E-03
-99.8500E-06,-2.8753140122E+00,-87.6131009E-03
-99.6450E-06,-2.8753140122E+00,-75.0502869E-03
-99.4400E-06,-2.8124999413E+00,-87.6131009E-03
-99.2350E-06,-2.8753140122E+00,-115.2512915E-03
-99.0300E-06,-2.8753140122E+00,-115.2512915E-03
-98.8250E-06,-2.6743089855E+00,-115.2512915E-03
-98.6200E-06,-2.8753140122E+00,-115.2512915E-03
-98.4150E-06,-2.6743089855E+00,-115.2512915E-03
-98.2100E-06,-2.8753140122E+00,-115.2512915E-03
-98.0050E-06,-2.7119974280E+00,-75.0502869E-03
-97.8000E-06,-2.8753140122E+00,-115.2512915E-03
-97.5950E-06,-2.7119974280E+00,-75.0502869E-03
-97.3900E-06,-2.8753140122E+00,-115.2512915E-03
-97.1850E-06,-2.8376255697E+00,-82.5879753E-03
-96.9800E-06,-2.8124999413E+00,-115.2512915E-03
-96.7750E-06,-2.6743089855E+00,-107.7136032E-03
-96.5700E-06,-2.8124999413E+00,-75.0502869E-03
-96.3650E-06,-2.6743089855E+00,-107.7136032E-03
-96.1600E-06,-2.8124999413E+00,-87.6131009E-03
-95.9550E-06,-2.8753140122E+00,-115.2512915E-03
-95.7500E-06,-2.6743089855E+00,-87.6131009E-03
-95.5450E-06,-2.8753140122E+00,-115.2512915E-03
-95.3400E-06,-2.6743089855E+00,-142.8894822E-03
-95.1350E-06,-2.7119974280E+00,-67.5125986E-03
-94.9300E-06,-2.8753140122E+00,-102.6884776E-03
-94.7250E-06,-2.7119974280E+00,-75.0502869E-03
-94.5200E-06,-2.8124999413E+00,-102.6884776E-03
-94.3150E-06,-2.8753140122E+00,-82.5879753E-03
-94.1100E-06,-2.7371230563E+00,-102.6884776E-03
-93.9050E-06,-2.8753140122E+00,-122.7889799E-03
-93.7000E-06,-2.8124999413E+00,-102.6884776E-03
-93.4950E-06,-2.6743089855E+00,-115.2512915E-03
-93.2900E-06,-2.8753140122E+00,-75.0502869E-03
-93.0850E-06,-2.8753140122E+00,-122.7889799E-03
-92.8800E-06,-2.8753140122E+00,-75.0502869E-03
-92.6750E-06,-2.8753140122E+00,-115.2512915E-03
-92.4700E-06,-2.8124999413E+00,-115.2512915E-03
-92.2650E-06,-2.6743089855E+00,-115.2512915E-03
-92.0600E-06,-2.8753140122E+00,-127.8141055E-03
-91.8550E-06,-2.8753140122E+00,-115.2512915E-03
-91.6500E-06,-2.8124999413E+00,-75.0502869E-03
-91.4450E-06,-2.8753140122E+00,-82.5879753E-03
-91.2400E-06,-2.7371230563E+00,-115.2512915E-03
-91.0350E-06,-2.8753140122E+00,-82.5879753E-03
-90.8300E-06,-2.8753140122E+00,-115.2512915E-03
-90.6250E-06,-2.6743089855E+00,-115.2512915E-03
-90.4200E-06,-2.6743089855E+00,-115.2512915E-03
-90.2150E-06,-2.8753140122E+00,-75.0502869E-03
-90.0100E-06,-2.8753140122E+00,-75.0502869E-03
-89.8050E-06,-2.8376255697E+00,-115.2512915E-03
-89.6000E-06,-2.8124999413E+00,-75.0502869E-03
-89.3950E-06,-2.8753140122E+00,-115.2512915E-03
-89.1900E-06,-2.8124999413E+00,-87.6131009E-03
-88.9850E-06,-2.6743089855E+00,-115.2512915E-03
-88.7800E-06,-2.8753140122E+00,-115.2512915E-03
-88.5750E-06,-2.6743089855E+00,-115.2512915E-03
-88.3700E-06,-2.8124999413E+00,-115.2512915E-03
-88.1650E-06,-2.8753140122E+00,-82.5879753E-03
-87.9600E-06,-2.7371230563E+00,-75.0502869E-03
-87.7550E-06,-2.7119974280E+00,-115.2512915E-03
-87.5500E-06,-2.6743089855E+00,-155.4522961E-03
-87.3450E-06,-2.8376255697E+00,-75.0502869E-03
-87.1400E-06,-2.8124999413E+00,-87.6131009E-03
-86.9350E-06,-2.6743089855E+00,-107.7136032E-03
-86.7300E-06,-2.8753140122E+00,-87.6131009E-03
-86.5250E-06,-2.8376255697E+00,-75.0502869E-03
-86.3200E-06,-2.8753140122E+00,-115.2512915E-03
-86.1150E-06,-2.8753140122E+00,-82.5879753E-03
-85.9100E-06,-2.8753140122E+00,-75.0502869E-03
-85.7050E-06,-2.8753140122E+00,-107.7136032E-03
-85.5000E-06,-2.8753140122E+00,-115.2512915E-03
-85.2950E-06,-2.8376255697E+00,-75.0502869E-03
-85.0900E-06,-2.7371230563E+00,-87.6131009E-03
-84.8850E-06,-2.6743089855E+00,-82.5879753E-03
-84.6800E-06,-2.7371230563E+00,-102.6884776E-03
-84.4750E-06,-2.7119974280E+00,-115.2512915E-03
-84.2700E-06,-2.8753140122E+00,-115.2512915E-03
-84.0650E-06,-2.8376255697E+00,-82.5879753E-03
-83.8600E-06,-2.6743089855E+00,-75.0502869E-03
-83.6550E-06,-2.7119974280E+00,-82.5879753E-03
-83.4500E-06,-2.6743089855E+00,-87.6131009E-03
-83.2450E-06,-2.8376255697E+00,-115.2512915E-03
-83.0400E-06,-2.8753140122E+00,-87.6131009E-03
-82.8350E-06,-2.6743089855E+00,-107.7136032E-03
-82.6300E-06,-2.8124999413E+00,-87.6131009E-03
-82.4250E-06,-2.8753140122E+00,-82.5879753E-03
-82.2200E-06,-2.7371230563E+00,-75.0502869E-03
-82.0150E-06,-2.7119974280E+00,-115.2512915E-03
-81.8100E-06,-2.7371230563E+00,-87.6131009E-03
-81.6050E-06,-2.7119974280E+00,-107.7136032E-03
-81.4000E-06,-2.8753140122E+00,-102.6884776E-03
-81.1950E-06,-2.6743089855E+00,-75.0502869E-03
-80.9900E-06,-2.8124999413E+00,-115.2512915E-03
-80.7850E-06,-2.8753140122E+00,-115.2512915E-03
-80.5800E-06,-2.6743089855E+00,-87.6131009E-03
-80.3750E-06,-2.8376255697E+00,-115.2512915E-03
-80.1700E-06,-2.8124999413E+00,-87.6131009E-03
-79.9650E-06,-2.8753140122E+00,-115.2512915E-03
-79.7600E-06,-2.6743089855E+00,-115.2512915E-03
-79.5550E-06,-2.6743089855E+00,-82.5879753E-03
-79.3500E-06,-2.6743089855E+00,-87.6131009E-03
-79.1450E-06,-2.8376255697E+00,-82.5879753E-03
-78.9400E-06,-2.8124999413E+00,-102.6884776E-03
-78.7350E-06,-2.8753140122E+00,-82.5879753E-03
-78.5300E-06,-2.8753140122E+00,-87.6131009E-03
-78.3250E-06,-2.8753140122E+00,-155.4522961E-03
-78.1200E-06,-2.7371230563E+00,-115.2512915E-03
-77.9150E-06,-2.6743089855E+00,-155.4522961E-03
-77.7100E-06,-2.8753140122E+00,-75.0502869E-03
-77.5050E-06,-2.8753140122E+00,-75.0502869E-03
-77.3000E-06,-2.8753140122E+00,-102.6884776E-03
-77.0950E-06,-2.7119974280E+00,-115.2512915E-03
-76.8900E-06,-2.8753140122E+00,-75.0502869E-03
-76.6850E-06,-2.6743089855E+00,-75.0502869E-03
-76.4800E-06,-2.8753140122E+00,-102.6884776E-03
-76.2750E-06,-2.8376255697E+00,-115.2512915E-03
-76.0700E-06,-2.6743089855E+00,-75.0502869E-03
-75.8650E-06,-2.6743089855E+00,-115.2512915E-03
-75.6600E-06,-2.8753140122E+00,-75.0502869E-03
-75.4550E-06,-2.8376255697E+00,-115.2512915E-03
-75.2500E-06,-2.8753140122E+00,-102.6884776E-03
-75.0450E-06,-2.8753140122E+00,-115.2512915E-03
-74.8400E-06,-2.7371230563E+00,-87.6131009E-03
-74.6350E-06,-2.8753140122E+00,-115.2512915E-03
-74.4300E-06,-2.6743089855E+00,-87.6131009E-03
-74.2250E-06,-2.8376255697E+00,-115.2512915E-03
-74.0200E-06,-2.8753140122E+00,-102.6884776E-03
-73.8150E-06,-2.7119974280E+00,-115.2512915E-03
-73.6100E-06,-2.7371230563E+00,-115.2512915E-03
-73.4050E-06,-2.7119974280E+00,-75.0502869E-03
-73.2000E-06,-2.8753140122E+00,-102.6884776E-03
-72.9950E-06,-2.7119974280E+00,-122.7889799E-03
-72.7900E-06,-2.7371230563E+00,-75.0502869E-03
-72.5850E-06,-2.6743089855E+00,-82.5879753E-03
-72.3800E-06,-2.7371230563E+00,-62.4874730E-03
-72.1750E-06,-2.7119974280E+00,-155.4522961E-03
-71.9700E-06,-2.8753140122E+00,-75.0502869E-03
-71.7650E-06,-2.8753140122E+00,-115.2512915E-03
-71.5600E-06,-2.8753140122E+00,-102.6884776E-03
-71.3550E-06,-2.8753140122E+00,-75.0502869E-03
-71.1500E-06,-2.6743089855E+00,-102.6884776E-03
-70.9450E-06,-2.7119974280E+00,-75.0502869E-03
-70.7400E-06,-2.8753140122E+00,-75.0502869E-03
-70.5350E-06,-2.7119974280E+00,-107.7136032E-03
-70.3300E-06,-2.6743089855E+00,-75.0502869E-03
-70.1250E-06,-2.8753140122E+00,-75.0502869E-03
-69.9200E-06,-2.6743089855E+00,-102.6884776E-03
-69.7150E-06,-2.8753140122E+00,-75.0502869E-03
-69.5100E-06,-2.7371230563E+00,-115.2512915E-03
-69.3050E-06,-2.7119974280E+00,-75.0502869E-03
-69.1000E-06,-2.6743089855E+00,-115.2512915E-03
-68.8950E-06,-2.6743089855E+00,-82.5879753E-03
-68.6900E-06,-2.8753140122E+00,-87.6131009E-03
-68.4850E-06,-2.8376255697E+00,-75.0502869E-03
-68.2800E-06,-2.8753140122E+00,-115.2512915E-03
-68.0750E-06,-2.7119974280E+00,-90.1256637E-03
-67.8700E-06,-2.8753140122E+00,-115.2512915E-03
-67.6650E-06,-2.8376255697E+00,-75.0502869E-03
-67.4600E-06,-2.7371230563E+00,-87.6131009E-03
-67.2550E-06,-2.8753140122E+00,-107.7136032E-03
-67.0500E-06,-2.8753140122E+00,-115.2512915E-03
-66.8450E-06,-2.8753140122E+00,-82.5879753E-03
-66.6400E-06,-2.8124999413E+00,-102.6884776E-03
-66.4350E-06,-2.8753140122E+00,-75.0502869E-03
-66.2300E-06,-2.8753140122E+00,-102.6884776E-03
-66.0250E-06,-2.6743089855E+00,-115.2512915E-03
-65.8200E-06,-2.8124999413E+00,-75.0502869E-03
-65.6150E-06,-2.8376255697E+00,-107.7136032E-03
-65.4100E-06,-2.6743089855E+00,-102.6884776E-03
-65.2050E-06,-2.8753140122E+00,-115.2512915E-03
-65.0000E-06,-2.7371230563E+00,-102.6884776E-03
-64.7950E-06,-2.6743089855E+00,-82.5879753E-03
-64.5900E-06,-2.8124999413E+00,-75.0502869E-03
-64.3850E-06,-2.8753140122E+00,-75.0502869E-03
-64.1800E-06,-2.8124999413E+00,-75.0502869E-03
-63.9750E-06,-2.8753140122E+00,-82.5879753E-03
-63.7700E-06,-2.7371230563E+00,-75.0502869E-03
-63.5650E-06,-2.6743089855E+00,-75.0502869E-03
-63.3600E-06,-2.6743089855E+00,-75.0502869E-03
-63.1550E-06,-2.8376255697E+00,-67.5125986E-03
-62.9500E-06,-2.6743089855E+00,-75.0502869E-03
-62.7450E-06,-2.7119974280E+00,-42.3869707E-03
-62.5400E-06,-2.8753140122E+00,-115.2512915E-03
-62.3350E-06,-2.8376255697E+00,-115.2512915E-03
-62.1300E-06,-2.6743089855E+00,-102.6884776E-03
-61.9250E-06,-2.6743089855E+00,-75.0502869E-03
-61.7200E-06,-2.8124999413E+00,-102.6884776E-03
-61.5150E-06,-2.8753140122E+00,-75.0502869E-03
-61.3100E-06,-2.8753140122E+00,-115.2512915E-03
-61.1050E-06,-2.7119974280E+00,-75.0502869E-03
-60.9000E-06,-2.8753140122E+00,-87.6131009E-03
-60.6950E-06,-2.8753140122E+00,-75.0502869E-03
-60.4900E-06,-2.8753140122E+00,-142.8894822E-03
-60.2850E-06,-2.8376255697E+00,-75.0502869E-03
-60.0800E-06,-2.8753140122E+00,-75.0502869E-03
-59.8750E-06,-2.8376255697E+00,-75.0502869E-03
-59.6700E-06,-2.8124999413E+00,-75.0502869E-03
-59.4650E-06,-2.8753140122E+00,-115.2512915E-03
-59.2600E-06,-2.7371230563E+00,-87.6131009E-03
-59.0550E-06,-2.6743089855E+00,-115.2512915E-03
-58.8500E-06,-2.7371230563E+00,-75.0502869E-03
-58.6450E-06,-2.8753140122E+00,-107.7136032E-03
-58.4400E-06,-2.8753140122E+00,-87.6131009E-03
-58.2350E-06,-2.6743089855E+00,-75.0502869E-03
-58.0300E-06,-2.8753140122E+00,-102.6884776E-03
-57.8250E-06,-2.8753140122E+00,-75.0502869E-03
-57.6200E-06,-2.6743089855E+00,-142.8894822E-03
-57.4150E-06,-2.8753140122E+00,-107.7136032E-03
-57.2100E-06,-2.7371230563E+00,-102.6884776E-03
-57.0050E-06,-2.7119974280E+00,-42.3869707E-03
-56.8000E-06,-2.8753140122E+00,-142.8894822E-03
-56.5950E-06,-2.6743089855E+00,-147.9146078E-03
-56.3900E-06,-2.6743089855E+00,-75.0502869E-03
-56.1850E-06,-2.8376255697E+00,-115.2512915E-03
-55.9800E-06,-2.6743089855E+00,-75.0502869E-03
-55.7750E-06,-2.7119974280E+00,-82.5879753E-03
-55.5700E-06,-2.8753140122E+00,-115.2512915E-03
-55.3650E-06,-2.7119974280E+00,-107.7136032E-03
-55.1600E-06,-2.8753140122E+00,-102.6884776E-03
-54.9550E-06,-2.8376255697E+00,-82.5879753E-03
-54.7500E-06,-2.6743089855E+00,-115.2512915E-03
-54.5450E-06,-2.6743089855E+00,-82.5879753E-03
-54.3400E-06,-2.8124999413E+00,-142.8894822E-03
-54.1350E-06,-2.8753140122E+00,-75.0502869E-03
-53.9300E-06,-2.8124999413E+00,-115.2512915E-03
-53.7250E-06,-2.8753140122E+00,-115.2512915E-03
-53.5200E-06,-2.7371230563E+00,-75.0502869E-03
-53.3150E-06,-2.8753140122E+00,-107.7136032E-03
-53.1100E-06,-2.7371230563E+00,-75.0502869E-03
-52.9050E-06,-2.8753140122E+00,-82.5879753E-03
-52.7000E-06,-2.6743089855E+00,-115.2512915E-03
-52.4950E-06,-2.7119974280E+00,-107.7136032E-03
-52.2900E-06,-2.7371230563E+00,-75.0502869E-03
-52.0850E-06,-2.8753140122E+00,-115.2512915E-03
-51.8800E-06,-2.8124999413E+00,-102.6884776E-03
-51.6750E-06,-2.6743089855E+00,-75.0502869E-03
-51.4700E-06,-2.7371230563E+00,-115.2512915E-03
-51.2650E-06,-2.6743089855E+00,-82.5879753E-03
-51.0600E-06,-2.6743089855E+00,-115.2512915E-03
-50.8550E-06,-2.7119974280E+00,-75.0502869E-03
-50.6500E-06,-2.6743089855E+00,-115.2512915E-03
-50.4450E-06,-2.8376255697E+00,-115.2512915E-03
-50.2400E-06,-2.7371230563E+00,-87.6131009E-03
-50.0350E-06,-2.7119974280E+00,-115.2512915E-03
-49.8300E-06,-2.8124999413E+00,-75.0502869E-03
-49.6250E-06,-2.8753140122E+00,-75.0502869E-03
-49.4200E-06,-2.7371230563E+00,-87.6131009E-03
-49.2150E-06,-2.8376255697E+00,-115.2512915E-03
-49.0100E-06,-2.8124999413E+00,-87.6131009E-03
-48.8050E-06,-2.8753140122E+00,-115.2512915E-03
-48.6000E-06,-2.8753140122E+00,-75.0502869E-03
-48.3950E-06,-2.6743089855E+00,-115.2512915E-03
-48.1900E-06,-2.8124999413E+00,-115.2512915E-03
-47.9850E-06,-2.6743089855E+00,-115.2512915E-03
-47.7800E-06,-2.6743089855E+00,-115.2512915E-03
-47.5750E-06,-2.8753140122E+00,-107.7136032E-03
-47.3700E-06,-2.8753140122E+00,-115.2512915E-03
-47.1650E-06,-2.8753140122E+00,-67.5125986E-03
-46.9600E-06,-2.8753140122E+00,-87.6131009E-03
-46.7550E-06,-2.7119974280E+00,-75.0502869E-03
-46.5500E-06,-2.6743089855E+00,-75.0502869E-03
-46.3450E-06,-2.7119974280E+00,-115.2512915E-03
-46.1400E-06,-2.8753140122E+00,-75.0502869E-03
-45.9350E-06,-2.7119974280E+00,-75.0502869E-03
-45.7300E-06,-2.6743089855E+00,-115.2512915E-03
-45.5250E-06,-2.6743089855E+00,-115.2512915E-03
-45.3200E-06,-2.8124999413E+00,-115.2512915E-03
-45.1150E-06,-2.7119974280E+00,-75.0502869E-03
-44.9100E-06,-2.8124999413E+00,-102.6884776E-03
-44.7050E-06,-2.8753140122E+00,-115.2512915E-03
-44.5000E-06,-2.8753140122E+00,-102.6884776E-03
-44.2950E-06,-2.8753140122E+00,-107.7136032E-03
-44.0900E-06,-2.7371230563E+00,-87.6131009E-03
-43.8850E-06,-2.8753140122E+00,-107.7136032E-03
-43.6800E-06,-2.6743089855E+00,-75.0502869E-03
-43.4750E-06,-2.8376255697E+00,-107.7136032E-03
-43.2700E-06,-2.8753140122E+00,-87.6131009E-03
-43.0650E-06,-2.8376255697E+00,-75.0502869E-03
-42.8600E-06,-2.8753140122E+00,-87.6131009E-03
-42.6550E-06,-2.8753140122E+00,-82.5879753E-03
-42.4500E-06,-2.7371230563E+00,-102.6884776E-03
-42.2450E-06,-2.8753140122E+00,-75.0502869E-03
-42.0400E-06,-2.6743089855E+00,-127.8141055E-03
-41.8350E-06,-2.8753140122E+00,-75.0502869E-03
-41.6300E-06,-2.7371230563E+00,-102.6884776E-03
-41.4250E-06,-2.8753140122E+00,-107.7136032E-03
-41.2200E-06,-2.6743089855E+00,-127.8141055E-03
-41.0150E-06,-2.8753140122E+00,-82.5879753E-03
-40.8100E-06,-2.6743089855E+00,-127.8141055E-03
-40.6050E-06,-2.6743089855E+00,-115.2512915E-03
-40.4000E-06,-2.8753140122E+00,-75.0502869E-03
-40.1950E-06,-2.8376255697E+00,-75.0502869E-03
-39.9900E-06,-2.8124999413E+00,-102.6884776E-03
-39.7850E-06,-2.7119974280E+00,-75.0502869E-03
-39.5800E-06,-2.8753140122E+00,-87.6131009E-03
-39.3750E-06,-2.8376255697E+00,-115.2512915E-03
-39.1700E-06,-2.8753140122E+00,-75.0502869E-03
-38.9650E-06,-2.7119974280E+00,-82.5879753E-03
-38.7600E-06,-2.8753140122E+00,-87.6131009E-03
-38.5550E-06,-2.7119974280E+00,-115.2512915E-03
-38.3500E-06,-2.7371230563E+00,-75.0502869E-03
-38.1450E-06,-2.8753140122E+00,-75.0502869E-03
-37.9400E-06,-2.8124999413E+00,-102.6884776E-03
-37.7350E-06,-2.8753140122E+00,-115.2512915E-03
-37.5300E-06,-2.8753140122E+00,-115.2512915E-03
-37.3250E-06,-2.8753140122E+00,-75.0502869E-03
-37.1200E-06,-2.8753140122E+00,-115.2512915E-03
-36.9150E-06,-2.8376255697E+00,-115.2512915E-03
-36.7100E-06,-2.6743089855E+00,-115.2512915E-03
-36.5050E-06,-2.8753140122E+00,-75.0502869E-03
-36.3000E-06,-2.7371230563E+00,-115.2512915E-03
-36.0950E-06,-2.7119974280E+00,-82.5879753E-03
-35.8900E-06,-2.7371230563E+00,-75.0502869E-03
-35.6850E-06,-2.8753140122E+00,-82.5879753E-03
-35.4800E-06,-2.6743089855E+00,-87.6131009E-03
-35.2750E-06,-2.8376255697E+00,-115.2512915E-03
-35.0700E-06,-2.8124999413E+00,-115.2512915E-03
-34.8650E-06,-2.6743089855E+00,-107.7136032E-03
-34.6600E-06,-2.8753140122E+00,-75.0502869E-03
-34.4550E-06,-2.6743089855E+00,-107.7136032E-03
-34.2500E-06,-2.7371230563E+00,-115.2512915E-03
-34.0450E-06,-2.8376255697E+00,-75.0502869E-03
-33.8400E-06,-2.8753140122E+00,-87.6131009E-03
-33.6350E-06,-2.8753140122E+00,-107.7136032E-03
-33.4300E-06,-2.7371230563E+00,-115.2512915E-03
-33.2250E-06,-2.8753140122E+00,-115.2512915E-03
-33.0200E-06,-2.8124999413E+00,-75.0502869E-03
-32.8150E-06,-2.6743089855E+00,-115.2512915E-03
-32.6100E-06,-2.7371230563E+00,-34.8492824E-03
-32.4050E-06,-2.8753140122E+00,-115.2512915E-03
-32.2000E-06,-2.8753140122E+00,-102.6884776E-03
-31.9950E-06,-2.8376255697E+00,-107.7136032E-03
-31.7900E-06,-2.8124999413E+00,-87.6131009E-03
-31.5850E-06,-2.8753140122E+00,-107.7136032E-03
-31.3800E-06,-2.8753140122E+00,-102.6884776E-03
-31.1750E-06,-2.8753140122E+00,-115.2512915E-03
-30.9700E-06,-2.6743089855E+00,-102.6884776E-03
-30.7650E-06,-2.8753140122E+00,-115.2512915E-03
-30.5600E-06,-2.6743089855E+00,-115.2512915E-03
-30.3550E-06,-2.8376255697E+00,-115.2512915E-03
-30.1500E-06,-2.8124999413E+00,-127.8141055E-03
-29.9450E-06,-2.8376255697E+00,-75.0502869E-03
-29.7400E-06,-2.8753140122E+00,-75.0502869E-03
-29.5350E-06,-2.8753140122E+00,-82.5879753E-03
-29.3300E-06,-2.6743089855E+00,-87.6131009E-03
-29.1250E-06,-2.6743089855E+00,-82.5879753E-03
-28.9200E-06,-2.7371230563E+00,-87.6131009E-03
-28.7150E-06,-2.8753140122E+00,-75.0502869E-03
-28.5100E-06,-2.7371230563E+00,-75.0502869E-03
-28.3050E-06,-2.8376255697E+00,-75.0502869E-03
-28.1000E-06,-2.8753140122E+00,-75.0502869E-03
-27.8950E-06,-2.6743089855E+00,-75.0502869E-03
-27.6900E-06,-2.6743089855E+00,-87.6131009E-03
-27.4850E-06,-2.8376255697E+00,-115.2512915E-03
-27.2800E-06,-2.8124999413E+00,-102.6884776E-03
-27.0750E-06,-2.7119974280E+00,-115.2512915E-03
-26.8700E-06,-2.7371230563E+00,-102.6884776E-03
-26.6650E-06,-2.8376255697E+00,-115.2512915E-03
-26.4600E-06,-2.8753140122E+00,-87.6131009E-03
-26.2550E-06,-2.7119974280E+00,-82.5879753E-03
-26.0500E-06,-2.8124999413E+00,-34.8492824E-03
-25.8450E-06,-2.8753140122E+00,-162.9899845E-03
-25.6400E-06,-2.8124999413E+00,-115.2512915E-03
-25.4350E-06,-2.8753140122E+00,-82.5879753E-03
-25.2300E-06,-2.8124999413E+00,-102.6884776E-03
-25.0250E-06,-2.8753140122E+00,-75.0502869E-03
-24.8200E-06,-2.8124999413E+00,-87.6131009E-03
-24.6150E-06,-2.8753140122E+00,-82.5879753E-03
-24.4100E-06,-2.8124999413E+00,-115.2512915E-03
-24.2050E-06,-2.8376255697E+00,-75.0502869E-03
-24.0000E-06,-2.8753140122E+00,-75.0502869E-03
-23.7950E-06,-2.7119974280E+00,-115.2512915E-03
-23.5900E-06,-2.8753140122E+00,-75.0502869E-03
-23.3850E-06,-2.7119974280E+00,-75.0502869E-03
-23.1800E-06,-2.8124999413E+00,-75.0502869E-03
-22.9750E-06,-2.8753140122E+00,-115.2512915E-03
-22.7700E-06,-2.8753140122E+00,-102.6884776E-03
-22.5650E-06,-2.8376255697E+00,-82.5879753E-03
-22.3600E-06,-2.8753140122E+00,-75.0502869E-03
-22.1550E-06,-2.8753140122E+00,-82.5879753E-03
-21.9500E-06,-2.8124999413E+00,-75.0502869E-03
-21.7450E-06,-2.8753140122E+00,-115.2512915E-03
-21.5400E-06,-2.7371230563E+00,-75.0502869E-03
-21.3350E-06,-2.8753140122E+00,-75.0502869E-03
-21.1300E-06,-2.8124999413E+00,-115.2512915E-03
-20.9250E-06,-2.7119974280E+00,-75.0502869E-03
-20.7200E-06,-2.8753140122E+00,-115.2512915E-03
-20.5150E-06,-2.8753140122E+00,-75.0502869E-03
-20.3100E-06,-2.8753140122E+00,-115.2512915E-03
-20.1050E-06,-2.8753140122E+00,-82.5879753E-03
-19.9000E-06,-2.8753140122E+00,-115.2512915E-03
-19.6950E-06,-2.7119974280E+00,-75.0502869E-03
-19.4900E-06,-2.8124999413E+00,-75.0502869E-03
-19.2850E-06,-2.6743089855E+00,-82.5879753E-03
-19.0800E-06,-2.7371230563E+00,-87.6131009E-03
-18.8750E-06,-2.8376255697E+00,-115.2512915E-03
-18.6700E-06,-2.8753140122E+00,-75.0502869E-03
-18.4650E-06,-2.7119974280E+00,-82.5879753E-03
-18.2600E-06,-2.8753140122E+00,-115.2512915E-03
-18.0550E-06,-2.7119974280E+00,-75.0502869E-03
-17.8500E-06,-2.7371230563E+00,-75.0502869E-03
-17.6450E-06,-2.6743089855E+00,-115.2512915E-03
-17.4400E-06,-2.7371230563E+00,-115.2512915E-03
-17.2350E-06,-2.8753140122E+00,-155.4522961E-03
-17.0300E-06,-2.8124999413E+00,-115.2512915E-03
-16.8250E-06,-2.6743089855E+00,-75.0502869E-03
-16.6200E-06,-2.7371230563E+00,-102.6884776E-03
-16.4150E-06,-2.6743089855E+00,-82.5879753E-03
-16.2100E-06,-2.8753140122E+00,-115.2512915E-03
-16.0050E-06,-2.7119974280E+00,-115.2512915E-03
-15.8000E-06,-2.8124999413E+00,-102.6884776E-03
-15.5950E-06,-2.7119974280E+00,-82.5879753E-03
-15.3900E-06,-2.8753140122E+00,-87.6131009E-03
-15.1850E-06,-2.8753140122E+00,-82.5879753E-03
-14.9800E-06,-2.7371230563E+00,-75.0502869E-03
-14.7750E-06,-2.6743089855E+00,-75.0502869E-03
-14.5700E-06,-2.8124999413E+00,-102.6884776E-03
-14.3650E-06,-2.7119974280E+00,-115.2512915E-03
-14.1600E-06,-2.8753140122E+00,-115.2512915E-03
-13.9550E-06,-2.6743089855E+00,-82.5879753E-03
-13.7500E-06,-2.8124999413E+00,-75.0502869E-03
-13.5450E-06,-2.8753140122E+00,-115.2512915E-03
-13.3400E-06,-2.8124999413E+00,-115.2512915E-03
-13.1350E-06,-2.8753140122E+00,-115.2512915E-03
-12.9300E-06,-2.8753140122E+00,-115.2512915E-03
-12.7250E-06,-2.8753140122E+00,-107.7136032E-03
-12.5200E-06,-2.8124999413E+00,-115.2512915E-03
-12.3150E-06,-2.8753140122E+00,-75.0502869E-03
-12.1100E-06,-2.8124999413E+00,-115.2512915E-03
-11.9050E-06,-2.8753140122E+00,-75.0502869E-03
-11.7000E-06,-2.8753140122E+00,-102.6884776E-03
-11.4950E-06,-2.7119974280E+00,-75.0502869E-03
-11.2900E-06,-2.7371230563E+00,-75.0502869E-03
-11.0850E-06,-2.8753140122E+00,-82.5879753E-03
-10.8800E-06,-2.7371230563E+00,-115.2512915E-03
-10.6750E-06,-2.8753140122E+00,-107.7136032E-03
-10.4700E-06,-2.8753140122E+00,-47.4120963E-03
-10.2650E-06,-2.8376255697E+00,-34.8492824E-03
-10.0600E-06,-2.8124999413E+00,-75.0502869E-03
-9.8550E-06,-2.8753140122E+00,-107.7136032E-03
-9.6500E-06,-2.8753140122E+00,-115.2512915E-03
-9.4450E-06,-2.8753140122E+00,-115.2512915E-03
-9.2400E-06,-2.6743089855E+00,-75.0502869E-03
-9.0350E-06,-2.8753140122E+00,-107.7136032E-03
-8.8300E-06,-2.8753140122E+00,-102.6884776E-03
-8.6250E-06,-2.8376255697E+00,-82.5879753E-03
-8.4200E-06,-2.6743089855E+00,-75.0502869E-03
-8.2150E-06,-2.7119974280E+00,-75.0502869E-03
-8.0100E-06,-2.7371230563E+00,-62.4874730E-03
-7.8050E-06,-2.6743089855E+00,-107.7136032E-03
-7.6000E-06,-2.6743089855E+00,-75.0502869E-03
-7.3950E-06,-2.8753140122E+00,-75.0502869E-03
-7.1900E-06,-2.8753140122E+00,-87.6131009E-03
-6.9850E-06,-2.8753140122E+00,-75.0502869E-03
-6.7800E-06,-2.8753140122E+00,-75.0502869E-03
-6.5750E-06,-2.7119974280E+00,-82.5879753E-03
-6.3700E-06,-2.8753140122E+00,-87.6131009E-03
-6.1650E-06,-2.8753140122E+00,-42.3869707E-03
-5.9600E-06,-2.8124999413E+00,-87.6131009E-03
-5.7550E-06,-2.6743089855E+00,-75.0502869E-03
-5.5500E-06,-2.8753140122E+00,-115.2512915E-03
-5.3450E-06,-2.7119974280E+00,-75.0502869E-03
-5.1400E-06,-2.7371230563E+00,-115.2512915E-03
-4.9350E-06,-2.8753140122E+00,-82.5879753E-03
-4.7300E-06,-2.8753140122E+00,-102.6884776E-03
-4.5250E-06,-2.8376255697E+00,-107.7136032E-03
-4.3200E-06,-2.6743089855E+00,-102.6884776E-03
-4.1150E-06,-2.8376255697E+00,-107.7136032E-03
-3.9100E-06,-2.8753140122E+00,-87.6131009E-03
-3.7050E-06,-2.8753140122E+00,-75.0502869E-03
-3.5000E-06,-2.7371230563E+00,-102.6884776E-03
-3.2950E-06,-2.8753140122E+00,-115.2512915E-03
-3.0900E-06,-2.8753140122E+00,-75.0502869E-03
-2.8850E-06,-2.7119974280E+00,-82.5879753E-03
-2.6800E-06,-2.8753140122E+00,-75.0502869E-03
-2.4750E-06,-2.8376255697E+00,-75.0502869E-03
-2.2700E-06,-2.8753140122E+00,-75.0502869E-03
-2.0650E-06,-2.8376255697E+00,-42.3869707E-03
-1.8600E-06,-2.8753140122E+00,-47.4120963E-03
-1.6550E-06,-2.8753140122E+00,-115.2512915E-03
-1.4500E-06,-2.8753140122E+00,-102.6884776E-03
-1.2450E-06,-2.8376255697E+00,-115.2512915E-03
-1.0400E-06,-2.8124999413E+00,-75.0502869E-03
-835.0E-09,-2.7119974280E+00,-75.0502869E-03
-630.0E-09,-2.6743089855E+00,-75.0502869E-03
-425.0E-09,-2.8753140122E+00,-115.2512915E-03
-220.0E-09,-2.8753140122E+00,-115.2512915E-03
-15.0E-09,-2.8753140122E+00,-115.2512915E-03
+190.0E-09,+818.1533534E-03,+4.4274622276E+00
+395.0E-09,+1.3457915485E+00,+3.7490702751E+00
+600.0E-09,+1.3457915485E+00,+4.1862562001E+00
+805.0E-09,+1.5467965752E+00,+3.8721858517E+00
+1.0100E-06,+1.5467965752E+00,+3.9852511771E+00
+1.2150E-06,+1.5467965752E+00,+3.9048491679E+00
+1.4200E-06,+1.5467965752E+00,+3.8922863540E+00
+1.6250E-06,+1.5467965752E+00,+3.8319848471E+00
+1.8300E-06,+1.5467965752E+00,+3.8118843448E+00
+2.0350E-06,+1.5467965752E+00,+3.7515828379E+00
+2.2400E-06,+1.5467965752E+00,+3.7164069589E+00
+2.4450E-06,+1.5467965752E+00,+3.6636431403E+00
+2.6500E-06,+1.5467965752E+00,+3.6510803264E+00
+2.8550E-06,+1.5467965752E+00,+3.5907788195E+00
+3.0600E-06,+1.5467965752E+00,+3.5706783172E+00
+3.2650E-06,+1.5467965752E+00,+3.5430401266E+00
+3.4700E-06,+1.5467965752E+00,+3.5028391220E+00
+3.6750E-06,+1.5467965752E+00,+3.4626381174E+00
+3.8800E-06,+1.5467965752E+00,+3.4375124895E+00
+4.0850E-06,+1.5467965752E+00,+3.3897737965E+00
+4.2900E-06,+1.5467965752E+00,+3.3822361082E+00
+4.4950E-06,+1.5467965752E+00,+3.3018340990E+00
+4.7000E-06,+1.5467965752E+00,+3.3018340990E+00
+4.9050E-06,+1.5467965752E+00,+3.2289697782E+00
+5.1100E-06,+1.5467965752E+00,+3.2365074665E+00
+5.3150E-06,+1.5467965752E+00,+3.1812310852E+00
+5.5200E-06,+1.5467965752E+00,+3.1686682713E+00
+5.7250E-06,+1.5467965752E+00,+3.1410300806E+00
+5.9300E-06,+1.7478016019E+00,+3.1008290760E+00
+6.1350E-06,+1.5467965752E+00,+3.0606280714E+00
+6.3400E-06,+1.5467965752E+00,+3.0204270668E+00
+6.5450E-06,+1.7478016019E+00,+3.0204270668E+00
+6.7500E-06,+1.6849875310E+00,+2.9802260622E+00
+6.9550E-06,+1.7478016019E+00,+2.9400250576E+00
+7.1600E-06,+1.6096106460E+00,+2.9400250576E+00
+7.3650E-06,+1.5467965752E+00,+2.8998240530E+00
+7.5700E-06,+1.7478016019E+00,+2.8596230485E+00
+7.7750E-06,+1.5467965752E+00,+2.8194220439E+00
+7.9800E-06,+1.7478016019E+00,+2.8194220439E+00
+8.1850E-06,+1.7478016019E+00,+2.8194220439E+00
+8.3900E-06,+1.7478016019E+00,+2.7792210393E+00
+8.5950E-06,+1.7101131594E+00,+2.7314823463E+00
+8.8000E-06,+1.6096106460E+00,+2.7264572207E+00
+9.0050E-06,+1.7478016019E+00,+2.6912813417E+00
+9.2100E-06,+1.7478016019E+00,+2.6586180255E+00
+9.4150E-06,+1.7478016019E+00,+2.6184170209E+00
+9.6200E-06,+1.7478016019E+00,+2.5907788302E+00
+9.8250E-06,+1.7478016019E+00,+2.5782160163E+00
+10.0300E-06,+1.7478016019E+00,+2.5380150117E+00
+10.2350E-06,+1.5467965752E+00,+2.5380150117E+00
+10.4400E-06,+1.5467965752E+00,+2.5103768210E+00
+10.6450E-06,+1.7478016019E+00,+2.4576130025E+00
+10.8500E-06,+1.7478016019E+00,+2.4576130025E+00
+11.0550E-06,+1.7478016019E+00,+2.4174119979E+00
+11.2600E-06,+1.7478016019E+00,+2.4174119979E+00
+11.4650E-06,+1.7478016019E+00,+2.4098743096E+00
+11.6700E-06,+1.7478016019E+00,+2.3772109933E+00
+11.8750E-06,+1.7478016019E+00,+2.3043466725E+00
+12.0800E-06,+1.7478016019E+00,+2.3093717981E+00
+12.2850E-06,+1.7478016019E+00,+2.2968089841E+00
+12.4900E-06,+1.6849875310E+00,+2.2842461702E+00
+12.6950E-06,+1.7478016019E+00,+2.2164069749E+00
+12.9000E-06,+1.7478016019E+00,+2.2164069749E+00
+13.1050E-06,+1.7478016019E+00,+2.1762059703E+00
+13.3100E-06,+1.7478016019E+00,+2.2164069749E+00
+13.5150E-06,+1.7478016019E+00,+2.1360049658E+00
+13.7200E-06,+1.7478016019E+00,+2.1360049658E+00
+13.9250E-06,+1.7478016019E+00,+2.1360049658E+00
+14.1300E-06,+1.7478016019E+00,+2.0958039612E+00
+14.3350E-06,+1.7478016019E+00,+2.0631406449E+00
+14.5400E-06,+1.7478016019E+00,+2.0279647659E+00
+14.7450E-06,+1.7478016019E+00,+2.0556029566E+00
+14.9500E-06,+1.7478016019E+00,+2.0279647659E+00
+15.1550E-06,+1.7478016019E+00,+2.0154019520E+00
+15.3600E-06,+1.7478016019E+00,+2.0154019520E+00
+15.5650E-06,+1.7478016019E+00,+1.9752009474E+00
+15.7700E-06,+1.7478016019E+00,+1.9349999428E+00
+15.9750E-06,+1.7478016019E+00,+1.8947989382E+00
+16.1800E-06,+1.7478016019E+00,+1.9073617521E+00
+16.3850E-06,+1.9111181861E+00,+1.8947989382E+00
+16.5900E-06,+1.7478016019E+00,+1.8822361242E+00
+16.7950E-06,+1.7478016019E+00,+1.8621356219E+00
+17.0000E-06,+1.7478016019E+00,+1.8420351197E+00
+17.2050E-06,+1.7478016019E+00,+1.8545979336E+00
+17.4100E-06,+1.9488066286E+00,+1.8018341151E+00
+17.6150E-06,+1.7478016019E+00,+1.7741959244E+00
+17.8200E-06,+1.8106156727E+00,+1.7892713011E+00
+18.0250E-06,+1.7478016019E+00,+1.7415326082E+00
+18.2300E-06,+1.8106156727E+00,+1.7339949198E+00
+18.4350E-06,+1.7478016019E+00,+1.7339949198E+00
+18.6400E-06,+1.7478016019E+00,+1.7339949198E+00
+18.8450E-06,+1.7478016019E+00,+1.6862562269E+00
+19.0500E-06,+1.9488066286E+00,+1.6661557246E+00
+19.2550E-06,+1.7854900444E+00,+1.6535929106E+00
+19.4600E-06,+1.8106156727E+00,+1.6535929106E+00
+19.6650E-06,+1.7478016019E+00,+1.6535929106E+00
+19.8700E-06,+1.9488066286E+00,+1.5731909014E+00
+20.0750E-06,+1.9488066286E+00,+1.6460552223E+00
+20.2800E-06,+1.9488066286E+00,+1.6008290921E+00
+20.4850E-06,+1.7478016019E+00,+1.6058542177E+00
+20.6900E-06,+1.9488066286E+00,+1.5329898968E+00
+20.8950E-06,+1.9488066286E+00,+1.5329898968E+00
+21.1000E-06,+1.7478016019E+00,+1.5329898968E+00
+21.3050E-06,+1.9488066286E+00,+1.4927888922E+00
+21.5100E-06,+1.8106156727E+00,+1.4927888922E+00
+21.7150E-06,+1.9488066286E+00,+1.4852512039E+00
+21.9200E-06,+1.9488066286E+00,+1.4802260783E+00
+22.1250E-06,+1.9488066286E+00,+1.4199245714E+00
+22.3300E-06,+1.9488066286E+00,+1.4525878876E+00
+22.5350E-06,+1.9488066286E+00,+1.4123868831E+00
+22.7400E-06,+1.8106156727E+00,+1.3847486924E+00
+22.9450E-06,+1.7854900444E+00,+1.4123868831E+00
+23.1500E-06,+1.9488066286E+00,+1.3998240691E+00
+23.3550E-06,+1.7854900444E+00,+1.3646481901E+00
+23.5600E-06,+1.9488066286E+00,+1.3721858785E+00
+23.7650E-06,+1.9488066286E+00,+1.3319848739E+00
+23.9700E-06,+1.9488066286E+00,+1.3043466832E+00
+24.1750E-06,+1.9111181861E+00,+1.2917838693E+00
+24.3800E-06,+1.7478016019E+00,+1.3043466832E+00
+24.5850E-06,+1.9488066286E+00,+1.2591205530E+00
+24.7900E-06,+1.9488066286E+00,+1.2917838693E+00
+24.9950E-06,+1.9488066286E+00,+1.2591205530E+00
+25.2000E-06,+1.9488066286E+00,+1.2515828647E+00
+25.4050E-06,+1.9488066286E+00,+1.2515828647E+00
+25.6100E-06,+1.9488066286E+00,+1.2113818601E+00
+25.8150E-06,+1.7854900444E+00,+1.2113818601E+00
+26.0200E-06,+1.9488066286E+00,+1.2113818601E+00
+26.2250E-06,+1.9488066286E+00,+1.1711808555E+00
+26.4300E-06,+1.9488066286E+00,+1.1711808555E+00
+26.6350E-06,+1.9488066286E+00,+1.1711808555E+00
+26.8400E-06,+1.9488066286E+00,+1.1435426648E+00
+27.0450E-06,+1.9111181861E+00,+1.1385175392E+00
+27.2500E-06,+1.9488066286E+00,+1.1586180415E+00
+27.4550E-06,+1.9488066286E+00,+1.1309798509E+00
+27.6600E-06,+1.8106156727E+00,+1.0907788463E+00
+27.8650E-06,+1.9488066286E+00,+1.1058542230E+00
+28.0700E-06,+1.9488066286E+00,+1.0782160324E+00
+28.2750E-06,+1.9488066286E+00,+1.1309798509E+00
+28.4800E-06,+1.9488066286E+00,+1.0505778417E+00
+28.6850E-06,+1.9488066286E+00,+1.0430401533E+00
+28.8900E-06,+1.9488066286E+00,+1.0229396510E+00
+29.0950E-06,+1.9488066286E+00,+1.0430401533E+00
+29.3000E-06,+1.9488066286E+00,+1.0103768371E+00
+29.5050E-06,+1.9488066286E+00,+1.0103768371E+00
+29.7100E-06,+1.9488066286E+00,+970.1758325E-03
+29.9150E-06,+1.9488066286E+00,+1.0103768371E+00
+30.1200E-06,+1.9488066286E+00,+982.7386464E-03
+30.3250E-06,+1.9488066286E+00,+970.1758325E-03
+30.5300E-06,+1.9488066286E+00,+929.9748279E-03
+30.7350E-06,+1.9488066286E+00,+962.6381442E-03
+30.9400E-06,+1.9488066286E+00,+957.6130186E-03
+31.1450E-06,+1.9488066286E+00,+922.4371396E-03
+31.3500E-06,+1.9488066286E+00,+902.3366373E-03
+31.5550E-06,+1.9488066286E+00,+889.7738233E-03
+31.7600E-06,+1.9488066286E+00,+862.1356327E-03
+31.9650E-06,+1.9488066286E+00,+889.7738233E-03
+32.1700E-06,+1.9488066286E+00,+849.5728187E-03
+32.3750E-06,+1.9488066286E+00,+889.7738233E-03
+32.5800E-06,+1.9488066286E+00,+849.5728187E-03
+32.7850E-06,+1.9488066286E+00,+882.2361350E-03
+32.9900E-06,+1.9488066286E+00,+849.5728187E-03
+33.1950E-06,+2.1121232128E+00,+776.7084979E-03
+33.4000E-06,+1.9488066286E+00,+809.3718141E-03
+33.6050E-06,+1.9488066286E+00,+809.3718141E-03
+33.8100E-06,+1.9488066286E+00,+809.3718141E-03
+34.0150E-06,+1.9488066286E+00,+809.3718141E-03
+34.2200E-06,+1.9488066286E+00,+781.7336235E-03
+34.4250E-06,+1.9488066286E+00,+801.8341258E-03
+34.6300E-06,+2.0116206994E+00,+769.1708095E-03
+34.8350E-06,+1.9488066286E+00,+769.1708095E-03
+35.0400E-06,+1.9488066286E+00,+781.7336235E-03
+35.2450E-06,+1.9488066286E+00,+769.1708095E-03
+35.4500E-06,+1.9488066286E+00,+769.1708095E-03
+35.6550E-06,+1.9488066286E+00,+769.1708095E-03
+35.8600E-06,+1.9488066286E+00,+713.8944282E-03
+36.0650E-06,+1.9488066286E+00,+688.7688003E-03
+36.2700E-06,+2.0116206994E+00,+728.9698049E-03
+36.4750E-06,+1.9864950711E+00,+696.3064887E-03
+36.6800E-06,+2.0116206994E+00,+728.9698049E-03
+36.8850E-06,+1.9488066286E+00,+688.7688003E-03
+37.0900E-06,+1.9488066286E+00,+688.7688003E-03
+37.2950E-06,+1.9488066286E+00,+681.2311120E-03
+37.5000E-06,+2.0116206994E+00,+688.7688003E-03
+37.7050E-06,+1.9488066286E+00,+648.5677958E-03
+37.9100E-06,+1.9488066286E+00,+620.9296051E-03
+38.1150E-06,+1.9864950711E+00,+615.9044795E-03
+38.3200E-06,+1.9488066286E+00,+648.5677958E-03
+38.5250E-06,+1.9488066286E+00,+608.3667912E-03
+38.7300E-06,+1.9488066286E+00,+608.3667912E-03
+38.9350E-06,+1.9488066286E+00,+608.3667912E-03
+39.1400E-06,+1.9488066286E+00,+608.3667912E-03
+39.3450E-06,+2.1121232128E+00,+608.3667912E-03
+39.5500E-06,+2.0869975844E+00,+608.3667912E-03
+39.7550E-06,+1.9488066286E+00,+568.1657866E-03
+39.9600E-06,+2.0116206994E+00,+608.3667912E-03
+40.1650E-06,+1.9488066286E+00,+575.7034749E-03
+40.3700E-06,+1.9488066286E+00,+580.7286005E-03
+40.5750E-06,+1.9488066286E+00,+568.1657866E-03
+40.7800E-06,+2.0869975844E+00,+568.1657866E-03
+40.9850E-06,+1.9488066286E+00,+568.1657866E-03
+41.1900E-06,+1.9488066286E+00,+568.1657866E-03
+41.3950E-06,+1.9488066286E+00,+568.1657866E-03
+41.6000E-06,+1.9488066286E+00,+527.9647820E-03
+41.8050E-06,+1.9488066286E+00,+527.9647820E-03
+42.0100E-06,+1.9488066286E+00,+527.9647820E-03
+42.2150E-06,+1.9488066286E+00,+495.3014657E-03
+42.4200E-06,+2.0116206994E+00,+527.9647820E-03
+42.6250E-06,+2.1121232128E+00,+527.9647820E-03
+42.8300E-06,+1.9488066286E+00,+487.7637774E-03
+43.0350E-06,+1.9488066286E+00,+527.9647820E-03
+43.2400E-06,+1.9488066286E+00,+475.2009634E-03
+43.4450E-06,+1.9488066286E+00,+480.2260890E-03
+43.6500E-06,+1.9488066286E+00,+407.3617682E-03
+43.8550E-06,+1.9488066286E+00,+440.0250844E-03
+44.0600E-06,+2.0116206994E+00,+487.7637774E-03
+44.2650E-06,+2.1121232128E+00,+487.7637774E-03
+44.4700E-06,+1.9488066286E+00,+447.5627728E-03
+44.6750E-06,+1.9488066286E+00,+407.3617682E-03
+44.8800E-06,+1.9488066286E+00,+447.5627728E-03
+45.0850E-06,+1.9488066286E+00,+440.0250844E-03
+45.2900E-06,+1.9488066286E+00,+434.9999588E-03
+45.4950E-06,+1.9488066286E+00,+447.5627728E-03
+45.7000E-06,+1.9488066286E+00,+407.3617682E-03
+45.9050E-06,+1.9488066286E+00,+447.5627728E-03
+46.1100E-06,+2.0116206994E+00,+447.5627728E-03
+46.3150E-06,+2.1121232128E+00,+407.3617682E-03
+46.5200E-06,+1.9488066286E+00,+447.5627728E-03
+46.7250E-06,+2.1121232128E+00,+407.3617682E-03
+46.9300E-06,+2.1498116553E+00,+407.3617682E-03
+47.1350E-06,+2.1498116553E+00,+407.3617682E-03
+47.3400E-06,+1.9488066286E+00,+379.7235775E-03
+47.5450E-06,+2.1121232128E+00,+367.1607636E-03
+47.7500E-06,+2.0116206994E+00,+367.1607636E-03
+47.9550E-06,+2.1498116553E+00,+407.3617682E-03
+48.1600E-06,+2.1498116553E+00,+367.1607636E-03
+48.3650E-06,+1.9864950711E+00,+367.1607636E-03
+48.5700E-06,+2.1498116553E+00,+354.5979497E-03
+48.7750E-06,+2.1121232128E+00,+359.6230752E-03
+48.9800E-06,+2.1498116553E+00,+354.5979497E-03
+49.1850E-06,+2.1498116553E+00,+326.9597590E-03
+49.3900E-06,+2.1498116553E+00,+326.9597590E-03
+49.5950E-06,+1.9488066286E+00,+367.1607636E-03
+49.8000E-06,+1.9488066286E+00,+326.9597590E-03
+50.0050E-06,+2.1121232128E+00,+334.4974474E-03
+50.2100E-06,+2.0116206994E+00,+354.5979497E-03
+50.4150E-06,+2.1121232128E+00,+246.5577498E-03
+50.6200E-06,+2.0116206994E+00,+354.5979497E-03
+50.8250E-06,+2.1498116553E+00,+294.2964428E-03
+51.0300E-06,+1.9488066286E+00,+326.9597590E-03
+51.2350E-06,+1.9488066286E+00,+239.0200615E-03
+51.4400E-06,+2.0869975844E+00,+314.3969451E-03
+51.6450E-06,+2.1498116553E+00,+286.7587544E-03
+51.8500E-06,+1.9488066286E+00,+326.9597590E-03
+52.0550E-06,+1.9488066286E+00,+319.4220706E-03
+52.2600E-06,+2.1498116553E+00,+286.7587544E-03
+52.4650E-06,+2.1121232128E+00,+286.7587544E-03
+52.6700E-06,+2.1498116553E+00,+286.7587544E-03
+52.8750E-06,+2.1498116553E+00,+286.7587544E-03
+53.0800E-06,+2.0869975844E+00,+274.1959405E-03
+53.2850E-06,+2.1498116553E+00,+286.7587544E-03
+53.4900E-06,+1.9488066286E+00,+286.7587544E-03
+53.6950E-06,+2.1498116553E+00,+246.5577498E-03
+53.9000E-06,+2.1498116553E+00,+246.5577498E-03
+54.1050E-06,+2.1498116553E+00,+279.2210660E-03
+54.3100E-06,+2.1498116553E+00,+259.1205637E-03
+54.5150E-06,+1.9864950711E+00,+246.5577498E-03
+54.7200E-06,+2.0869975844E+00,+274.1959405E-03
+54.9250E-06,+2.1498116553E+00,+246.5577498E-03
+55.1300E-06,+1.9488066286E+00,+246.5577498E-03
+55.3350E-06,+2.1121232128E+00,+279.2210660E-03
+55.5400E-06,+2.0869975844E+00,+246.5577498E-03
+55.7450E-06,+2.1121232128E+00,+246.5577498E-03
+55.9500E-06,+2.0869975844E+00,+218.9195592E-03
+56.1550E-06,+2.1498116553E+00,+213.8944336E-03
+56.3600E-06,+2.0116206994E+00,+233.9949359E-03
+56.5650E-06,+2.1498116553E+00,+206.3567452E-03
+56.7700E-06,+2.0869975844E+00,+206.3567452E-03
+56.9750E-06,+2.1498116553E+00,+206.3567452E-03
+57.1800E-06,+2.0116206994E+00,+206.3567452E-03
+57.3850E-06,+1.9864950711E+00,+206.3567452E-03
+57.5900E-06,+2.1498116553E+00,+206.3567452E-03
+57.7950E-06,+2.1498116553E+00,+206.3567452E-03
+58.0000E-06,+2.0869975844E+00,+233.9949359E-03
+58.2050E-06,+1.9488066286E+00,+206.3567452E-03
+58.4100E-06,+2.1498116553E+00,+206.3567452E-03
+58.6150E-06,+2.1121232128E+00,+158.6180523E-03
+58.8200E-06,+2.1498116553E+00,+166.1557406E-03
+59.0250E-06,+1.9864950711E+00,+173.6934290E-03
+59.2300E-06,+2.1498116553E+00,+218.9195592E-03
+59.4350E-06,+1.9864950711E+00,+198.8190569E-03
+59.6400E-06,+2.0116206994E+00,+166.1557406E-03
+59.8450E-06,+2.1498116553E+00,+166.1557406E-03
+60.0500E-06,+2.1498116553E+00,+166.1557406E-03
+60.2550E-06,+2.1498116553E+00,+166.1557406E-03
+60.4600E-06,+2.1498116553E+00,+178.7185546E-03
+60.6650E-06,+2.1498116553E+00,+166.1557406E-03
+60.8700E-06,+2.1498116553E+00,+166.1557406E-03
+61.0750E-06,+2.1498116553E+00,+173.6934290E-03
+61.2800E-06,+2.1498116553E+00,+166.1557406E-03
+61.4850E-06,+1.9488066286E+00,+166.1557406E-03
+61.6900E-06,+1.9488066286E+00,+178.7185546E-03
+61.8950E-06,+2.1498116553E+00,+158.6180523E-03
+62.1000E-06,+2.0869975844E+00,+166.1557406E-03
+62.3050E-06,+1.9488066286E+00,+133.4924244E-03
+62.5100E-06,+2.0116206994E+00,+193.7939313E-03
+62.7150E-06,+1.9488066286E+00,+166.1557406E-03
+62.9200E-06,+2.1498116553E+00,+153.5929267E-03
+63.1250E-06,+2.1121232128E+00,+166.1557406E-03
+63.3300E-06,+1.9488066286E+00,+125.9547360E-03
+63.5350E-06,+2.1498116553E+00,+133.4924244E-03
+63.7400E-06,+2.0869975844E+00,+125.9547360E-03
+63.9450E-06,+2.1498116553E+00,+166.1557406E-03
+64.1500E-06,+2.0869975844E+00,+138.5175500E-03
+64.3550E-06,+1.9488066286E+00,+125.9547360E-03
+64.5600E-06,+2.1498116553E+00,+153.5929267E-03
+64.7650E-06,+1.9864950711E+00,+125.9547360E-03
+64.9700E-06,+2.1498116553E+00,+125.9547360E-03
+65.1750E-06,+2.1121232128E+00,+93.2914198E-03
+65.3800E-06,+2.1498116553E+00,+125.9547360E-03
+65.5850E-06,+1.9488066286E+00,+158.6180523E-03
+65.7900E-06,+2.0869975844E+00,+45.5527268E-03
+65.9950E-06,+1.9488066286E+00,+133.4924244E-03
+66.2000E-06,+2.1498116553E+00,+58.1155408E-03
+66.4050E-06,+2.1121232128E+00,+125.9547360E-03
+66.6100E-06,+2.0116206995E+00,+5.3517222E-03
+66.8150E-06,+2.1121232128E+00,+93.2914198E-03
+67.0200E-06,+2.1498116553E+00,+125.9547360E-03
+67.2250E-06,+2.1498116553E+00,+93.2914198E-03
+67.4300E-06,+2.1498116553E+00,+125.9547360E-03
+67.6350E-06,+1.9488066286E+00,+85.7537314E-03
+67.8400E-06,+2.0116206995E+00,+98.3165454E-03
+68.0450E-06,+2.1498116553E+00,+85.7537314E-03
+68.2500E-06,+1.9488066286E+00,+85.7537314E-03
+68.4550E-06,+2.1498116553E+00,+85.7537314E-03
+68.6600E-06,+2.1498116553E+00,+85.7537314E-03
+68.8650E-06,+2.1498116553E+00,+125.9547360E-03
+69.0700E-06,+2.1498116553E+00,+85.7537314E-03
+69.2750E-06,+2.1498116553E+00,+118.4170477E-03
+69.4800E-06,+2.1498116553E+00,+85.7537314E-03
+69.6850E-06,+2.1498116553E+00,+85.7537314E-03
+69.8900E-06,+1.9488066286E+00,+73.1909175E-03
+70.0950E-06,+2.1498116553E+00,+85.7537314E-03
+70.3000E-06,+1.9488066286E+00,+73.1909175E-03
+70.5050E-06,+2.1498116553E+00,+45.5527268E-03
+70.7100E-06,+2.1498116553E+00,+73.1909175E-03
+70.9150E-06,+2.1498116553E+00,+85.7537314E-03
+71.1200E-06,+2.1498116553E+00,+58.1155408E-03
+71.3250E-06,+2.1498116553E+00,+85.7537314E-03
+71.5300E-06,+2.0116206995E+00,+58.1155408E-03
+71.7350E-06,+1.9864950711E+00,+53.0904152E-03
+71.9400E-06,+2.0869975844E+00,+85.7537314E-03
+72.1450E-06,+2.1498116553E+00,+53.0904152E-03
+72.3500E-06,+1.9488066286E+00,+85.7537314E-03
+72.5550E-06,+2.1498116553E+00,+45.5527268E-03
+72.7600E-06,+2.1498116553E+00,+45.5527268E-03
+72.9650E-06,+2.1498116553E+00,+45.5527268E-03
+73.1700E-06,+2.1498116553E+00,+85.7537314E-03
+73.3750E-06,+2.1498116553E+00,+53.0904152E-03
+73.5800E-06,+2.1498116553E+00,+58.1155408E-03
+73.7850E-06,+2.1498116553E+00,+53.0904152E-03
+73.9900E-06,+2.1498116553E+00,+98.3165454E-03
+74.1950E-06,+2.1498116553E+00,+85.7537314E-03
+74.4000E-06,+2.1498116553E+00,+58.1155408E-03
+74.6050E-06,+2.1498116553E+00,+5.3517222E-03
+74.8100E-06,+2.1498116553E+00,+32.9899129E-03
+75.0150E-06,+1.9864950711E+00,+45.5527268E-03
+75.2200E-06,+2.1498116553E+00,+85.7537314E-03
+75.4250E-06,+2.1498116553E+00,+45.5527268E-03
+75.6300E-06,+2.1498116553E+00,+45.5527268E-03
+75.8350E-06,+1.9864950711E+00,+12.8894106E-03
+76.0400E-06,+2.1498116553E+00,+45.5527268E-03
+76.2450E-06,+2.1498116553E+00,+45.5527268E-03
+76.4500E-06,+2.1498116553E+00,+45.5527268E-03
+76.6550E-06,+2.1498116553E+00,+45.5527268E-03
+76.8600E-06,+2.0869975844E+00,+5.3517222E-03
+77.0650E-06,+2.1498116553E+00,+12.8894106E-03
+77.2700E-06,+2.0869975844E+00,+32.9899129E-03
+77.4750E-06,+2.1498116553E+00,+38.0150385E-03
+77.6800E-06,+2.0869975844E+00,+45.5527268E-03
+77.8850E-06,+2.1498116553E+00,+5.3517222E-03
+78.0900E-06,+2.1498116553E+00,+5.3517222E-03
+78.2950E-06,+2.1498116553E+00,-34.8492824E-03
+78.5000E-06,+2.0116206995E+00,+5.3517222E-03
+78.7050E-06,+2.1498116553E+00,+45.5527268E-03
+78.9100E-06,+2.1498116553E+00,+32.9899129E-03
+79.1150E-06,+1.9864950711E+00,+5.3517222E-03
+79.3200E-06,+1.9488066286E+00,-22.2864684E-03
+79.5250E-06,+2.1498116553E+00,+5.3517222E-03
+79.7300E-06,+2.0116206995E+00,+32.9899129E-03
+79.9350E-06,+2.1498116553E+00,+45.5527268E-03
+80.1400E-06,+2.1498116553E+00,+32.9899129E-03
+80.3450E-06,+1.9864950711E+00,+5.3517222E-03
+80.5500E-06,+2.0869975844E+00,-22.2864684E-03
+80.7550E-06,+2.1498116553E+00,+12.8894106E-03
+80.9600E-06,+2.1498116553E+00,+5.3517222E-03
+81.1650E-06,+2.1498116553E+00,-34.8492824E-03
+81.3700E-06,+2.1498116553E+00,+20.4270990E-03
+81.5750E-06,+2.1121232128E+00,-2.1859661E-03
+81.7800E-06,+2.0116206995E+00,+32.9899129E-03
+81.9850E-06,+2.1498116553E+00,-75.0502869E-03
+82.1900E-06,+2.0116206995E+00,-7.2110917E-03
+82.3950E-06,+2.1498116553E+00,+5.3517222E-03
+82.6000E-06,+2.0116206995E+00,+5.3517222E-03
+82.8050E-06,+1.9864950711E+00,+5.3517222E-03
+83.0100E-06,+2.1498116553E+00,-22.2864684E-03
+83.2150E-06,+1.9864950711E+00,-27.3115940E-03
+83.4200E-06,+2.0116206995E+00,+5.3517222E-03
+83.6250E-06,+2.1498116553E+00,+5.3517222E-03
+83.8300E-06,+2.1498116553E+00,+5.3517222E-03
+84.0350E-06,+2.1498116553E+00,+5.3517222E-03
+84.2400E-06,+2.1498116553E+00,+5.3517222E-03
+84.4450E-06,+2.1121232128E+00,-27.3115940E-03
+84.6500E-06,+2.0869975844E+00,+5.3517222E-03
+84.8550E-06,+2.1498116553E+00,+5.3517222E-03
+85.0600E-06,+2.0869975844E+00,+5.3517222E-03
+85.2650E-06,+2.1121232128E+00,+38.0150385E-03
+85.4700E-06,+2.0869975844E+00,-47.4120963E-03
+85.6750E-06,+2.1498116553E+00,-27.3115940E-03
+85.8800E-06,+2.0116206995E+00,-7.2110917E-03
+86.0850E-06,+1.9864950711E+00,+5.3517222E-03
+86.2900E-06,+2.1498116553E+00,+5.3517222E-03
+86.4950E-06,+2.1121232128E+00,+5.3517222E-03
+86.7000E-06,+2.1498116553E+00,-7.2110917E-03
+86.9050E-06,+2.1498116553E+00,+5.3517222E-03
+87.1100E-06,+2.1498116553E+00,-22.2864684E-03
+87.3150E-06,+2.1498116553E+00,+5.3517222E-03
+87.5200E-06,+2.0116206995E+00,-22.2864684E-03
+87.7250E-06,+2.1498116553E+00,+5.3517222E-03
+87.9300E-06,+1.9488066286E+00,-7.2110917E-03
+88.1350E-06,+1.9864950711E+00,+5.3517222E-03
+88.3400E-06,+2.1498116553E+00,-22.2864684E-03
+88.5450E-06,+2.1498116553E+00,-34.8492824E-03
+88.7500E-06,+2.1498116553E+00,-62.4874730E-03
+88.9550E-06,+2.1121232128E+00,+5.3517222E-03
+89.1600E-06,+2.1498116553E+00,-34.8492824E-03
+89.3650E-06,+2.1498116553E+00,-2.1859661E-03
+89.5700E-06,+1.9488066286E+00,-75.0502869E-03
+89.7750E-06,+2.1498116553E+00,-34.8492824E-03
+89.9800E-06,+2.1498116553E+00,-34.8492824E-03
+90.1850E-06,+2.1498116553E+00,-34.8492824E-03
+90.3900E-06,+2.1498116553E+00,-7.2110917E-03
+90.5950E-06,+1.9864950711E+00,-34.8492824E-03
+90.8000E-06,+2.1498116553E+00,-34.8492824E-03
+91.0050E-06,+2.1498116553E+00,-34.8492824E-03
+91.2100E-06,+2.1498116553E+00,-34.8492824E-03
+91.4150E-06,+2.1498116553E+00,-2.1859661E-03
+91.6200E-06,+1.9488066286E+00,-34.8492824E-03
+91.8250E-06,+2.1121232128E+00,-34.8492824E-03
+92.0300E-06,+2.1498116553E+00,-34.8492824E-03
+92.2350E-06,+2.1498116553E+00,-27.3115940E-03
+92.4400E-06,+2.1498116553E+00,-34.8492824E-03
+92.6450E-06,+2.1498116553E+00,-34.8492824E-03
+92.8500E-06,+2.0116206995E+00,-34.8492824E-03
+93.0550E-06,+2.1498116553E+00,-27.3115940E-03
+93.2600E-06,+2.1498116553E+00,+5.3517222E-03
+93.4650E-06,+1.9864950711E+00,-2.1859661E-03
+93.6700E-06,+2.0116206995E+00,-34.8492824E-03
+93.8750E-06,+2.1121232128E+00,-2.1859661E-03
+94.0800E-06,+2.0869975844E+00,-75.0502869E-03
+94.2850E-06,+1.9864950711E+00,-34.8492824E-03
+94.4900E-06,+2.1498116553E+00,-34.8492824E-03
+94.6950E-06,+2.1498116553E+00,-34.8492824E-03
+94.9000E-06,+2.0116206995E+00,-22.2864684E-03
+95.1050E-06,+2.1498116553E+00,-34.8492824E-03
+95.3100E-06,+2.1498116553E+00,-34.8492824E-03
+95.5150E-06,+2.1498116553E+00,-34.8492824E-03
+95.7200E-06,+2.1498116553E+00,-34.8492824E-03
+95.9250E-06,+2.1121232128E+00,-67.5125986E-03
+96.1300E-06,+2.1498116553E+00,-34.8492824E-03
+96.3350E-06,+2.1498116553E+00,-34.8492824E-03
+96.5400E-06,+2.0116206995E+00,-62.4874730E-03
+96.7450E-06,+1.9488066286E+00,-67.5125986E-03
+96.9500E-06,+2.0869975844E+00,-49.9246591E-03
+97.1550E-06,+2.1121232128E+00,+5.3517222E-03
+97.3600E-06,+2.1498116553E+00,-62.4874730E-03
+97.5650E-06,+2.1498116553E+00,-75.0502869E-03
+97.7700E-06,+2.1498116553E+00,-62.4874730E-03
+97.9750E-06,+2.1498116553E+00,-34.8492824E-03
+98.1800E-06,+2.1498116553E+00,-34.8492824E-03
+98.3850E-06,+2.1498116553E+00,-34.8492824E-03
+98.5900E-06,+2.0869975844E+00,-47.4120963E-03
+98.7950E-06,+2.1498116553E+00,-34.8492824E-03
+99.0000E-06,+2.1498116553E+00,-75.0502869E-03
+99.2050E-06,+2.1498116553E+00,-2.1859661E-03
+99.4100E-06,+2.1498116553E+00,-34.8492824E-03
+99.6150E-06,+2.1121232128E+00,-34.8492824E-03
+99.8200E-06,+2.1498116553E+00,-34.8492824E-03
+100.0250E-06,+1.9864950711E+00,-34.8492824E-03
+100.2300E-06,+2.1498116553E+00,-34.8492824E-03
+100.4350E-06,+2.1498116553E+00,-34.8492824E-03
+100.6400E-06,+2.1498116553E+00,-47.4120963E-03
+100.8450E-06,+1.9864950711E+00,-34.8492824E-03
+101.0500E-06,+2.1498116553E+00,-47.4120963E-03
+101.2550E-06,+2.1498116553E+00,-34.8492824E-03
+101.4600E-06,+2.1498116553E+00,-62.4874730E-03
+101.6650E-06,+1.9488066286E+00,-67.5125986E-03
+101.8700E-06,+2.1498116553E+00,-34.8492824E-03
+102.0750E-06,+2.1498116553E+00,-34.8492824E-03
+102.2800E-06,+2.1498116553E+00,-62.4874730E-03
+102.4850E-06,+2.1498116553E+00,-34.8492824E-03
+102.6900E-06,+2.1498116553E+00,-34.8492824E-03
+102.8950E-06,+1.9864950711E+00,-75.0502869E-03
+103.1000E-06,+2.1498116553E+00,-47.4120963E-03
+103.3050E-06,+2.1498116553E+00,-34.8492824E-03
+103.5100E-06,+2.0116206995E+00,-62.4874730E-03
+103.7150E-06,+2.1498116553E+00,-75.0502869E-03
+103.9200E-06,+2.1498116553E+00,-75.0502869E-03
+104.1250E-06,+2.1498116553E+00,-34.8492824E-03
+104.3300E-06,+2.1498116553E+00,-7.2110917E-03
+104.5350E-06,+2.1498116553E+00,-75.0502869E-03
+104.7400E-06,+2.0116206995E+00,-47.4120963E-03
+104.9450E-06,+2.1498116553E+00,-67.5125986E-03
+105.1500E-06,+2.0869975844E+00,-47.4120963E-03
+105.3550E-06,+2.1121232128E+00,-42.3869707E-03
+105.5600E-06,+2.1498116553E+00,-34.8492824E-03
+105.7650E-06,+2.1498116553E+00,-75.0502869E-03
+105.9700E-06,+2.1498116553E+00,-34.8492824E-03
+106.1750E-06,+2.1121232128E+00,-75.0502869E-03
+106.3800E-06,+2.1498116553E+00,-34.8492824E-03
+106.5850E-06,+2.1498116553E+00,-42.3869707E-03
+106.7900E-06,+2.0116206995E+00,-47.4120963E-03
+106.9950E-06,+2.1498116553E+00,-75.0502869E-03
+107.2000E-06,+2.1498116553E+00,-62.4874730E-03
+107.4050E-06,+2.1498116553E+00,-75.0502869E-03
+107.6100E-06,+2.0116206995E+00,-34.8492824E-03
+107.8150E-06,+2.1498116553E+00,-75.0502869E-03
+108.0200E-06,+2.1498116553E+00,-47.4120963E-03
+108.2250E-06,+2.1498116553E+00,-34.8492824E-03
+108.4300E-06,+2.1498116553E+00,-75.0502869E-03
+108.6350E-06,+2.1498116553E+00,-75.0502869E-03
+108.8400E-06,+2.1498116553E+00,-34.8492824E-03
+109.0450E-06,+2.1498116553E+00,-75.0502869E-03
+109.2500E-06,+2.0116206995E+00,-102.6884776E-03
+109.4550E-06,+2.1121232128E+00,-42.3869707E-03
+109.6600E-06,+2.1498116553E+00,-62.4874730E-03
+109.8650E-06,+2.1498116553E+00,-75.0502869E-03
+110.0700E-06,+2.0116206995E+00,-75.0502869E-03
+110.2750E-06,+2.1498116553E+00,-75.0502869E-03
+110.4800E-06,+2.1498116553E+00,-62.4874730E-03
+110.6850E-06,+2.1498116553E+00,-34.8492824E-03
+110.8900E-06,+2.1498116553E+00,-34.8492824E-03
+111.0950E-06,+2.1498116553E+00,-67.5125986E-03
+111.3000E-06,+2.1498116553E+00,-75.0502869E-03
+111.5050E-06,+2.1498116553E+00,-42.3869707E-03
+111.7100E-06,+2.1498116553E+00,-34.8492824E-03
+111.9150E-06,+2.1498116553E+00,-34.8492824E-03
+112.1200E-06,+2.1498116553E+00,-75.0502869E-03
+112.3250E-06,+2.1498116553E+00,-34.8492824E-03
+112.5300E-06,+2.0116206995E+00,-34.8492824E-03
+112.7350E-06,+2.1121232128E+00,-2.1859661E-03
+112.9400E-06,+2.1498116553E+00,-102.6884776E-03
+113.1450E-06,+2.1498116553E+00,-34.8492824E-03
+113.3500E-06,+2.1498116553E+00,-34.8492824E-03
+113.5550E-06,+2.1498116553E+00,-75.0502869E-03
+113.7600E-06,+2.0116206995E+00,-75.0502869E-03
+113.9650E-06,+2.1498116553E+00,-75.0502869E-03
+114.1700E-06,+2.0116206995E+00,-62.4874730E-03
+114.3750E-06,+2.1498116553E+00,-75.0502869E-03
+114.5800E-06,+2.1498116553E+00,-75.0502869E-03
+114.7850E-06,+1.9864950711E+00,-75.0502869E-03
+114.9900E-06,+2.1498116553E+00,-59.9749102E-03
+115.1950E-06,+2.1121232128E+00,-75.0502869E-03
+115.4000E-06,+2.1498116553E+00,-75.0502869E-03
+115.6050E-06,+1.9864950711E+00,-75.0502869E-03
+115.8100E-06,+2.1498116553E+00,-75.0502869E-03
+116.0150E-06,+2.1498116553E+00,-75.0502869E-03
+116.2200E-06,+2.0116206995E+00,-75.0502869E-03
+116.4250E-06,+2.1498116553E+00,-67.5125986E-03
+116.6300E-06,+2.1498116553E+00,-75.0502869E-03
+116.8350E-06,+2.1121232128E+00,-100.1759148E-03
+117.0400E-06,+2.1498116553E+00,-75.0502869E-03
+117.2450E-06,+1.9864950711E+00,-75.0502869E-03
+117.4500E-06,+2.1498116553E+00,-75.0502869E-03
+117.6550E-06,+1.9864950711E+00,-75.0502869E-03
+117.8600E-06,+2.0116206995E+00,-75.0502869E-03
+118.0650E-06,+2.1498116553E+00,-75.0502869E-03
+118.2700E-06,+2.1498116553E+00,-75.0502869E-03
+118.4750E-06,+2.1498116553E+00,-42.3869707E-03
+118.6800E-06,+2.1498116553E+00,-75.0502869E-03
+118.8850E-06,+2.1498116553E+00,-67.5125986E-03
+119.0900E-06,+2.0869975844E+00,-7.2110917E-03
+119.2950E-06,+2.1498116553E+00,-75.0502869E-03
+119.5000E-06,+2.0116206995E+00,-34.8492824E-03
+119.7050E-06,+2.1498116553E+00,-115.2512915E-03
+119.9100E-06,+2.1498116553E+00,-102.6884776E-03
+120.1150E-06,+2.1121232128E+00,-67.5125986E-03
+120.3200E-06,+2.0869975844E+00,-62.4874730E-03
+120.5250E-06,+1.9488066286E+00,-75.0502869E-03
+120.7300E-06,+2.0869975844E+00,-75.0502869E-03
+120.9350E-06,+2.1498116553E+00,-75.0502869E-03
+121.1400E-06,+2.0116206995E+00,-62.4874730E-03
+121.3450E-06,+1.9864950711E+00,-75.0502869E-03
+121.5500E-06,+2.1498116553E+00,-75.0502869E-03
+121.7550E-06,+2.1121232128E+00,-75.0502869E-03
+121.9600E-06,+2.1498116553E+00,-75.0502869E-03
+122.1650E-06,+1.9864950711E+00,-75.0502869E-03
+122.3700E-06,+2.1498116553E+00,-62.4874730E-03
+122.5750E-06,+2.1498116553E+00,-75.0502869E-03
+122.7800E-06,+2.0869975844E+00,-75.0502869E-03
+122.9850E-06,+2.1498116553E+00,-75.0502869E-03
+123.1900E-06,+2.1498116553E+00,-75.0502869E-03
+123.3950E-06,+2.1498116553E+00,-75.0502869E-03
+123.6000E-06,+2.0869975844E+00,-75.0502869E-03
+123.8050E-06,+2.1498116553E+00,-75.0502869E-03
+124.0100E-06,+1.9488066286E+00,-115.2512915E-03
+124.2150E-06,+2.1498116553E+00,-75.0502869E-03
+124.4200E-06,+2.1498116553E+00,-87.6131009E-03
+124.6250E-06,+2.1498116553E+00,-42.3869707E-03
+124.8300E-06,+2.1498116553E+00,-34.8492824E-03
+125.0350E-06,+2.1498116553E+00,-34.8492824E-03
+125.2400E-06,+2.0869975844E+00,-87.6131009E-03
+125.4450E-06,+2.1498116553E+00,-107.7136032E-03
+125.6500E-06,+2.1498116553E+00,-75.0502869E-03
+125.8550E-06,+2.1498116553E+00,-75.0502869E-03
+126.0600E-06,+2.1498116553E+00,-75.0502869E-03
+126.2650E-06,+2.1498116553E+00,-75.0502869E-03
+126.4700E-06,+2.1498116553E+00,-75.0502869E-03
+126.6750E-06,+2.1498116553E+00,-100.1759148E-03
+126.8800E-06,+2.1498116553E+00,-75.0502869E-03
+127.0850E-06,+2.1498116553E+00,-67.5125986E-03
+127.2900E-06,+2.0116206995E+00,-7.2110917E-03
+127.4950E-06,+2.1498116553E+00,-75.0502869E-03
+127.7000E-06,+2.0869975844E+00,-47.4120963E-03
+127.9050E-06,+2.1498116553E+00,-107.7136032E-03
+128.1100E-06,+2.0869975844E+00,-34.8492824E-03
+128.3150E-06,+1.9864950711E+00,-82.5879753E-03
+128.5200E-06,+1.9488066286E+00,-75.0502869E-03
+128.7250E-06,+2.1498116553E+00,-75.0502869E-03
+128.9300E-06,+2.1498116553E+00,-87.6131009E-03
+129.1350E-06,+2.1498116553E+00,-75.0502869E-03
+129.3400E-06,+2.0869975844E+00,-75.0502869E-03
+129.5450E-06,+2.1498116553E+00,-75.0502869E-03
+129.7500E-06,+2.1498116553E+00,-75.0502869E-03
+129.9550E-06,+2.1498116553E+00,-75.0502869E-03
+130.1600E-06,+2.0116206995E+00,-102.6884776E-03
+130.3650E-06,+1.9864950711E+00,-75.0502869E-03
+130.5700E-06,+1.9488066286E+00,-75.0502869E-03
+130.7750E-06,+2.1498116553E+00,-75.0502869E-03
+130.9800E-06,+2.1498116553E+00,-62.4874730E-03
+131.1850E-06,+2.1498116553E+00,-75.0502869E-03
+131.3900E-06,+2.1498116553E+00,-75.0502869E-03
+131.5950E-06,+1.9864950711E+00,-75.0502869E-03
+131.8000E-06,+2.0869975844E+00,-75.0502869E-03
+132.0050E-06,+2.1121232128E+00,-42.3869707E-03
+132.2100E-06,+2.1498116553E+00,-75.0502869E-03
+132.4150E-06,+2.1498116553E+00,-42.3869707E-03
+132.6200E-06,+2.1498116553E+00,-75.0502869E-03
+132.8250E-06,+2.1498116553E+00,-75.0502869E-03
+133.0300E-06,+2.0869975844E+00,-102.6884776E-03
+133.2350E-06,+1.9864950711E+00,-75.0502869E-03
+133.4400E-06,+2.1498116553E+00,-75.0502869E-03
+133.6450E-06,+2.1498116553E+00,-67.5125986E-03
+133.8500E-06,+2.0116206995E+00,-75.0502869E-03
+134.0550E-06,+2.1498116553E+00,-75.0502869E-03
+134.2600E-06,+2.1498116553E+00,-75.0502869E-03
+134.4650E-06,+1.9864950711E+00,-107.7136032E-03
+134.6700E-06,+2.0869975844E+00,-127.8141055E-03
+134.8750E-06,+2.1498116553E+00,-75.0502869E-03
+135.0800E-06,+2.1498116553E+00,-87.6131009E-03
+135.2850E-06,+2.1498116553E+00,-34.8492824E-03
+135.4900E-06,+2.1498116553E+00,-75.0502869E-03
+135.6950E-06,+2.1498116553E+00,-75.0502869E-03
+135.9000E-06,+2.1498116553E+00,-115.2512915E-03
+136.1050E-06,+2.1498116553E+00,-75.0502869E-03
+136.3100E-06,+2.1498116553E+00,-75.0502869E-03
+136.5150E-06,+2.1498116553E+00,-75.0502869E-03
+136.7200E-06,+2.0116206995E+00,-75.0502869E-03
+136.9250E-06,+1.9864950711E+00,-75.0502869E-03
+137.1300E-06,+2.1498116553E+00,-75.0502869E-03
+137.3350E-06,+2.1498116553E+00,-75.0502869E-03
+137.5400E-06,+2.0869975844E+00,-87.6131009E-03
+137.7450E-06,+2.1498116553E+00,-75.0502869E-03
+137.9500E-06,+2.0869975844E+00,-75.0502869E-03
+138.1550E-06,+2.1498116553E+00,-75.0502869E-03
+138.3600E-06,+2.0869975844E+00,-75.0502869E-03
+138.5650E-06,+2.1498116553E+00,-75.0502869E-03
+138.7700E-06,+2.1498116553E+00,-75.0502869E-03
+138.9750E-06,+2.1498116553E+00,-82.5879753E-03
+139.1800E-06,+2.1498116553E+00,-102.6884776E-03
+139.3850E-06,+2.1498116553E+00,-82.5879753E-03
+139.5900E-06,+2.1498116553E+00,-115.2512915E-03
+139.7950E-06,+2.1498116553E+00,-75.0502869E-03
+140.0000E-06,+2.0869975844E+00,-87.6131009E-03
+140.2050E-06,+1.9488066286E+00,-75.0502869E-03
+140.4100E-06,+2.1498116553E+00,-75.0502869E-03
+140.6150E-06,+2.1498116553E+00,-75.0502869E-03
+140.8200E-06,+2.1498116553E+00,-75.0502869E-03
+141.0250E-06,+2.1498116553E+00,-67.5125986E-03
+141.2300E-06,+2.1498116553E+00,-75.0502869E-03
+141.4350E-06,+2.1498116553E+00,-75.0502869E-03
+141.6400E-06,+2.0869975844E+00,-75.0502869E-03
+141.8450E-06,+2.1498116553E+00,-107.7136032E-03
+142.0500E-06,+2.1498116553E+00,-75.0502869E-03
+142.2550E-06,+2.1498116553E+00,-75.0502869E-03
+142.4600E-06,+2.1498116553E+00,-75.0502869E-03
+142.6650E-06,+2.1498116553E+00,-115.2512915E-03
+142.8700E-06,+2.0869975844E+00,-75.0502869E-03
+143.0750E-06,+2.1875000977E+00,-107.7136032E-03
+143.2800E-06,+2.1498116553E+00,-47.4120963E-03
+143.4850E-06,+2.1498116553E+00,-90.1256637E-03
+143.6900E-06,+2.0116206995E+00,-75.0502869E-03
+143.8950E-06,+2.1121232128E+00,-115.2512915E-03
+144.1000E-06,+2.0116206995E+00,-75.0502869E-03
+144.3050E-06,+2.1498116553E+00,-34.8492824E-03
+144.5100E-06,+2.1498116553E+00,-75.0502869E-03
+144.7150E-06,+2.1498116553E+00,-107.7136032E-03
+144.9200E-06,+2.0116206995E+00,-75.0502869E-03
+145.1250E-06,+2.1498116553E+00,-75.0502869E-03
+145.3300E-06,+2.1498116553E+00,-75.0502869E-03
+145.5350E-06,+2.1498116553E+00,-75.0502869E-03
+145.7400E-06,+2.0869975844E+00,-75.0502869E-03
+145.9450E-06,+2.1121232128E+00,-115.2512915E-03
+146.1500E-06,+2.1498116553E+00,-75.0502869E-03
+146.3550E-06,+2.1498116553E+00,-75.0502869E-03
+146.5600E-06,+2.1498116553E+00,-75.0502869E-03
+146.7650E-06,+2.1121232128E+00,-75.0502869E-03
+146.9700E-06,+2.1498116553E+00,-75.0502869E-03
+147.1750E-06,+2.1498116553E+00,-75.0502869E-03
+147.3800E-06,+2.1498116553E+00,-75.0502869E-03
+147.5850E-06,+1.9864950711E+00,-115.2512915E-03
+147.7900E-06,+1.9488066286E+00,-87.6131009E-03
+147.9950E-06,+2.1498116553E+00,-75.0502869E-03
+148.2000E-06,+2.1498116553E+00,-75.0502869E-03
+148.4050E-06,+2.1498116553E+00,-107.7136032E-03
+148.6100E-06,+2.1498116553E+00,-75.0502869E-03
+148.8150E-06,+2.1498116553E+00,-82.5879753E-03
+149.0200E-06,+2.1498116553E+00,-75.0502869E-03
+149.2250E-06,+2.1498116553E+00,-75.0502869E-03
+149.4300E-06,+2.1498116553E+00,-75.0502869E-03
+149.6350E-06,+2.1498116553E+00,-75.0502869E-03
+149.8400E-06,+2.0116206995E+00,-115.2512915E-03
+150.0450E-06,+2.1121232128E+00,-67.5125986E-03
+150.2500E-06,+2.1498116553E+00,-75.0502869E-03
+150.4550E-06,+2.1498116553E+00,-34.8492824E-03
+150.6600E-06,+2.0869975844E+00,-102.6884776E-03
+150.8650E-06,+2.1498116553E+00,-75.0502869E-03
+151.0700E-06,+2.1498116553E+00,-75.0502869E-03
+151.2750E-06,+2.1498116553E+00,-75.0502869E-03
+151.4800E-06,+2.1498116553E+00,-75.0502869E-03
+151.6850E-06,+2.1498116553E+00,-75.0502869E-03
+151.8900E-06,+2.1498116553E+00,-75.0502869E-03
+152.0950E-06,+2.1498116553E+00,-75.0502869E-03
+152.3000E-06,+2.1498116553E+00,-75.0502869E-03
+152.5050E-06,+2.1498116553E+00,-75.0502869E-03
+152.7100E-06,+2.1498116553E+00,-87.6131009E-03
+152.9150E-06,+2.1498116553E+00,-75.0502869E-03
+153.1200E-06,+2.1498116553E+00,-115.2512915E-03
+153.3250E-06,+2.1498116553E+00,-107.7136032E-03
+153.5300E-06,+2.0869975844E+00,-75.0502869E-03
+153.7350E-06,+2.1121232128E+00,-75.0502869E-03
+153.9400E-06,+2.1498116553E+00,-87.6131009E-03
+154.1450E-06,+2.1498116553E+00,-75.0502869E-03
+154.3500E-06,+2.1498116553E+00,-75.0502869E-03
+154.5550E-06,+2.1498116553E+00,-82.5879753E-03
+154.7600E-06,+2.1498116553E+00,-115.2512915E-03
+154.9650E-06,+2.1498116553E+00,-75.0502869E-03
+155.1700E-06,+2.1498116553E+00,-115.2512915E-03
+155.3750E-06,+2.1498116553E+00,-115.2512915E-03
+155.5800E-06,+2.1498116553E+00,-87.6131009E-03
+155.7850E-06,+1.9864950710E+00,-75.0502869E-03
+155.9900E-06,+2.1498116553E+00,-75.0502869E-03
+156.1950E-06,+1.9864950710E+00,-115.2512915E-03
+156.4000E-06,+2.0116206995E+00,-75.0502869E-03
+156.6050E-06,+2.1498116553E+00,-115.2512915E-03
+156.8100E-06,+2.0869975844E+00,-75.0502869E-03
+157.0150E-06,+2.1498116553E+00,-75.0502869E-03
+157.2200E-06,+2.0869975844E+00,-75.0502869E-03
+157.4250E-06,+2.1498116553E+00,-75.0502869E-03
+157.6300E-06,+2.1498116553E+00,-115.2512915E-03
+157.8350E-06,+1.9864950710E+00,-34.8492824E-03
+158.0400E-06,+2.1498116553E+00,-62.4874730E-03
+158.2450E-06,+1.9864950710E+00,-75.0502869E-03
+158.4500E-06,+2.1498116553E+00,-102.6884776E-03
+158.6550E-06,+2.1498116553E+00,-67.5125986E-03
+158.8600E-06,+2.1498116553E+00,-7.2110917E-03
+159.0650E-06,+1.9864950710E+00,-107.7136032E-03
+159.2700E-06,+2.1498116553E+00,-62.4874730E-03
+159.4750E-06,+2.1498116553E+00,-82.5879753E-03
+159.6800E-06,+2.1498116553E+00,-115.2512915E-03
+159.8850E-06,+2.1498116553E+00,-42.3869707E-03
+160.0900E-06,+2.1498116553E+00,-115.2512915E-03
+160.2950E-06,+2.1498116553E+00,-75.0502869E-03
+160.5000E-06,+2.1498116553E+00,-75.0502869E-03
+160.7050E-06,+2.1498116553E+00,-75.0502869E-03
+160.9100E-06,+2.1498116553E+00,-75.0502869E-03
+161.1150E-06,+1.9864950710E+00,-75.0502869E-03
+161.3200E-06,+2.1498116553E+00,-75.0502869E-03
+161.5250E-06,+2.1498116553E+00,-75.0502869E-03
+161.7300E-06,+2.1498116553E+00,-102.6884776E-03
+161.9350E-06,+2.1498116553E+00,-115.2512915E-03
+162.1400E-06,+2.1498116553E+00,-102.6884776E-03
+162.3450E-06,+2.1121232128E+00,-75.0502869E-03
+162.5500E-06,+2.1498116553E+00,-75.0502869E-03
+162.7550E-06,+2.1498116553E+00,-75.0502869E-03
+162.9600E-06,+2.1498116553E+00,-75.0502869E-03
+163.1650E-06,+2.1498116553E+00,-75.0502869E-03
+163.3700E-06,+2.0869975844E+00,-75.0502869E-03
+163.5750E-06,+2.1498116553E+00,-75.0502869E-03
+163.7800E-06,+2.1498116553E+00,-75.0502869E-03
+163.9850E-06,+2.1498116553E+00,-75.0502869E-03
+164.1900E-06,+2.0116206995E+00,-75.0502869E-03
+164.3950E-06,+2.1498116553E+00,-75.0502869E-03
+164.6000E-06,+2.1498116553E+00,-87.6131009E-03
+164.8050E-06,+2.1498116553E+00,-100.1759148E-03
+165.0100E-06,+2.1498116553E+00,-142.8894822E-03
+165.2150E-06,+2.1121232128E+00,-34.8492824E-03
+165.4200E-06,+2.1498116553E+00,-47.4120963E-03
+165.6250E-06,+2.1498116553E+00,-34.8492824E-03
+165.8300E-06,+2.1498116553E+00,-75.0502869E-03
+166.0350E-06,+1.9864950710E+00,-82.5879753E-03
+166.2400E-06,+2.1498116553E+00,-75.0502869E-03
+166.4450E-06,+2.1498116553E+00,-75.0502869E-03
+166.6500E-06,+2.1498116553E+00,-75.0502869E-03
+166.8550E-06,+2.1498116553E+00,-75.0502869E-03
+167.0600E-06,+2.1498116553E+00,-75.0502869E-03
+167.2650E-06,+2.1498116553E+00,-75.0502869E-03
+167.4700E-06,+2.1498116553E+00,-75.0502869E-03
+167.6750E-06,+2.1498116553E+00,-75.0502869E-03
+167.8800E-06,+2.1498116553E+00,-87.6131009E-03
+168.0850E-06,+2.1498116553E+00,-82.5879753E-03
+168.2900E-06,+2.1498116553E+00,-75.0502869E-03
+168.4950E-06,+1.9864950710E+00,-115.2512915E-03
+168.7000E-06,+2.1498116553E+00,-87.6131009E-03
+168.9050E-06,+2.1498116553E+00,-75.0502869E-03
+169.1100E-06,+2.1498116553E+00,-75.0502869E-03
+169.3150E-06,+2.1498116553E+00,-75.0502869E-03
+169.5200E-06,+2.1498116553E+00,-87.6131009E-03
+169.7250E-06,+2.1498116553E+00,-42.3869707E-03
+169.9300E-06,+2.1498116553E+00,-75.0502869E-03
+170.1350E-06,+2.1498116553E+00,-75.0502869E-03
+170.3400E-06,+2.1498116553E+00,-75.0502869E-03
+170.5450E-06,+2.1498116553E+00,-75.0502869E-03
+170.7500E-06,+2.1498116553E+00,-142.8894822E-03
+170.9550E-06,+1.9864950710E+00,-115.2512915E-03
+171.1600E-06,+2.1498116553E+00,-102.6884776E-03
+171.3650E-06,+1.9864950710E+00,-75.0502869E-03
+171.5700E-06,+2.1498116553E+00,-102.6884776E-03
+171.7750E-06,+2.1498116553E+00,-115.2512915E-03
+171.9800E-06,+2.1498116553E+00,-115.2512915E-03
+172.1850E-06,+2.1498116553E+00,-115.2512915E-03
+172.3900E-06,+2.0116206995E+00,-75.0502869E-03
+172.5950E-06,+2.1498116553E+00,-75.0502869E-03
+172.8000E-06,+2.0869975844E+00,-75.0502869E-03
+173.0050E-06,+2.1498116553E+00,-82.5879753E-03
+173.2100E-06,+2.1498116553E+00,-155.4522961E-03
+173.4150E-06,+2.1121232128E+00,-34.8492824E-03
+173.6200E-06,+2.1498116553E+00,-115.2512915E-03
+173.8250E-06,+2.1498116553E+00,-75.0502869E-03
+174.0300E-06,+2.1498116553E+00,-155.4522961E-03
+174.2350E-06,+2.1498116553E+00,-67.5125986E-03
+174.4400E-06,+2.1498116553E+00,-75.0502869E-03
+174.6450E-06,+2.1498116553E+00,-75.0502869E-03
+174.8500E-06,+2.1498116553E+00,-75.0502869E-03
+175.0550E-06,+1.9864950710E+00,-115.2512915E-03
+175.2600E-06,+2.1498116553E+00,-87.6131009E-03
+175.4650E-06,+2.1498116553E+00,-75.0502869E-03
+175.6700E-06,+2.1498116553E+00,-75.0502869E-03
+175.8750E-06,+2.1121232128E+00,-75.0502869E-03
+176.0800E-06,+2.1498116553E+00,-115.2512915E-03
+176.2850E-06,+1.9864950710E+00,-75.0502869E-03
+176.4900E-06,+2.1498116553E+00,-75.0502869E-03
+176.6950E-06,+2.1498116553E+00,-42.3869707E-03
+176.9000E-06,+2.1498116553E+00,-115.2512915E-03
+177.1050E-06,+2.1121232128E+00,-115.2512915E-03
+177.3100E-06,+2.1498116553E+00,-75.0502869E-03
+177.5150E-06,+2.1498116553E+00,-75.0502869E-03
+177.7200E-06,+2.1498116553E+00,-75.0502869E-03
+177.9250E-06,+2.1498116553E+00,-75.0502869E-03
+178.1300E-06,+2.1498116553E+00,-102.6884776E-03
+178.3350E-06,+2.1498116553E+00,-75.0502869E-03
+178.5400E-06,+2.1498116553E+00,-115.2512915E-03
+178.7450E-06,+2.1498116553E+00,-75.0502869E-03
+178.9500E-06,+2.0869975844E+00,-87.6131009E-03
+179.1550E-06,+2.1498116553E+00,-82.5879753E-03
+179.3600E-06,+2.0116206995E+00,-87.6131009E-03
+179.5650E-06,+2.1498116553E+00,-75.0502869E-03
+179.7700E-06,+2.1498116553E+00,-115.2512915E-03
+179.9750E-06,+2.1498116553E+00,-67.5125986E-03
+180.1800E-06,+2.1498116553E+00,-75.0502869E-03
+180.3850E-06,+2.1498116553E+00,-34.8492824E-03
+180.5900E-06,+2.1498116553E+00,-34.8492824E-03
+180.7950E-06,+2.1498116553E+00,-82.5879753E-03
+181.0000E-06,+2.1498116553E+00,-87.6131009E-03
+181.2050E-06,+2.1498116553E+00,-75.0502869E-03
+181.4100E-06,+2.1498116553E+00,-115.2512915E-03
+181.6150E-06,+2.1498116553E+00,-75.0502869E-03
+181.8200E-06,+2.1498116553E+00,-62.4874730E-03
+182.0250E-06,+2.1121232128E+00,-75.0502869E-03
+182.2300E-06,+2.1498116553E+00,-75.0502869E-03
+182.4350E-06,+2.1498116553E+00,-82.5879753E-03
+182.6400E-06,+2.1498116553E+00,-75.0502869E-03
+182.8450E-06,+2.1498116553E+00,-75.0502869E-03
+183.0500E-06,+2.1498116553E+00,-75.0502869E-03
+183.2550E-06,+2.1498116553E+00,-107.7136032E-03
+183.4600E-06,+2.1498116553E+00,-87.6131009E-03
+183.6650E-06,+1.9864950710E+00,-75.0502869E-03
+183.8700E-06,+2.1498116553E+00,-102.6884776E-03
+184.0750E-06,+2.1498116553E+00,-82.5879753E-03
+184.2800E-06,+2.1498116553E+00,-75.0502869E-03
+184.4850E-06,+2.1498116553E+00,-82.5879753E-03
+184.6900E-06,+2.1498116553E+00,-87.6131009E-03
+184.8950E-06,+2.1498116553E+00,-107.7136032E-03
+185.1000E-06,+2.1498116553E+00,-75.0502869E-03
+185.3050E-06,+2.1498116553E+00,-75.0502869E-03
+185.5100E-06,+2.1498116553E+00,-75.0502869E-03
+185.7150E-06,+2.1498116553E+00,-107.7136032E-03
+185.9200E-06,+2.1498116553E+00,-75.0502869E-03
+186.1250E-06,+2.1498116553E+00,-82.5879753E-03
+186.3300E-06,+2.1498116553E+00,-115.2512915E-03
+186.5350E-06,+2.1498116553E+00,-75.0502869E-03
+186.7400E-06,+2.1498116553E+00,-75.0502869E-03
+186.9450E-06,+2.1498116553E+00,-82.5879753E-03
+187.1500E-06,+2.1498116553E+00,-75.0502869E-03
+187.3550E-06,+2.1498116553E+00,-107.7136032E-03
+187.5600E-06,+2.1498116553E+00,-115.2512915E-03
+187.7650E-06,+2.1498116553E+00,-82.5879753E-03
+187.9700E-06,+2.1498116553E+00,-87.6131009E-03
+188.1750E-06,+2.1498116553E+00,-75.0502869E-03
+188.3800E-06,+2.0869975844E+00,-115.2512915E-03
+188.5850E-06,+2.1498116553E+00,-75.0502869E-03
+188.7900E-06,+2.1498116553E+00,-87.6131009E-03
+188.9950E-06,+2.1498116553E+00,-75.0502869E-03
+189.2000E-06,+2.0869975844E+00,-75.0502869E-03
+189.4050E-06,+2.1498116553E+00,-75.0502869E-03
+189.6100E-06,+2.1498116553E+00,-115.2512915E-03
+189.8150E-06,+2.1498116553E+00,-75.0502869E-03
+190.0200E-06,+2.1498116553E+00,-102.6884776E-03
+190.2250E-06,+2.1498116553E+00,-75.0502869E-03
+190.4300E-06,+2.1498116553E+00,-115.2512915E-03
+190.6350E-06,+2.1498116553E+00,-115.2512915E-03
+190.8400E-06,+2.1498116553E+00,-87.6131009E-03
+191.0450E-06,+2.1498116553E+00,-75.0502869E-03
+191.2500E-06,+2.1498116553E+00,-75.0502869E-03
+191.4550E-06,+1.9864950710E+00,-115.2512915E-03
+191.6600E-06,+2.1498116553E+00,-75.0502869E-03
+191.8650E-06,+2.1498116553E+00,-75.0502869E-03
+192.0700E-06,+2.1498116553E+00,-75.0502869E-03
+192.2750E-06,+2.1121232128E+00,-75.0502869E-03
+192.4800E-06,+2.1498116553E+00,-87.6131009E-03
+192.6850E-06,+2.1498116553E+00,-107.7136032E-03
+192.8900E-06,+2.1498116553E+00,-75.0502869E-03
+193.0950E-06,+2.1498116553E+00,-75.0502869E-03
+193.3000E-06,+2.1498116553E+00,-115.2512915E-03
+193.5050E-06,+2.1498116553E+00,-75.0502869E-03
+193.7100E-06,+2.1498116553E+00,-87.6131009E-03
+193.9150E-06,+2.1498116553E+00,-75.0502869E-03
+194.1200E-06,+2.1498116553E+00,-75.0502869E-03
+194.3250E-06,+2.1121232128E+00,-115.2512915E-03
+194.5300E-06,+2.1498116553E+00,-75.0502869E-03
+194.7350E-06,+2.1498116553E+00,-75.0502869E-03
+194.9400E-06,+2.1498116553E+00,-75.0502869E-03
+195.1450E-06,+2.1498116553E+00,-75.0502869E-03
+195.3500E-06,+2.1498116553E+00,-87.6131009E-03
+195.5550E-06,+2.1498116553E+00,-42.3869707E-03
+195.7600E-06,+2.1498116553E+00,-34.8492824E-03
+195.9650E-06,+2.1498116553E+00,-82.5879753E-03
+196.1700E-06,+2.1498116553E+00,-87.6131009E-03
+196.3750E-06,+2.1498116553E+00,-107.7136032E-03
+196.5800E-06,+2.1498116553E+00,-102.6884776E-03
+196.7850E-06,+2.1498116553E+00,-75.0502869E-03
+196.9900E-06,+2.1498116553E+00,-102.6884776E-03
+197.1950E-06,+2.1498116553E+00,-115.2512915E-03
+197.4000E-06,+2.1498116553E+00,-75.0502869E-03
+197.6050E-06,+2.1498116553E+00,-107.7136032E-03
+197.8100E-06,+2.1498116553E+00,-75.0502869E-03
+198.0150E-06,+2.1498116553E+00,-75.0502869E-03
+198.2200E-06,+2.1498116553E+00,-75.0502869E-03
+198.4250E-06,+2.1498116553E+00,-75.0502869E-03
+198.6300E-06,+2.1498116553E+00,-102.6884776E-03
+198.8350E-06,+2.1498116553E+00,-75.0502869E-03
+199.0400E-06,+2.1498116553E+00,-75.0502869E-03
+199.2450E-06,+2.1498116553E+00,-115.2512915E-03
+199.4500E-06,+2.1498116553E+00,-87.6131009E-03
+199.6550E-06,+2.1498116553E+00,-82.5879753E-03
+199.8600E-06,+2.1498116553E+00,-75.0502869E-03
+200.0650E-06,+2.1498116553E+00,-82.5879753E-03
+200.2700E-06,+2.1498116553E+00,-102.6884776E-03
+200.4750E-06,+2.1498116553E+00,-75.0502869E-03
+200.6800E-06,+2.1498116553E+00,-115.2512915E-03
+200.8850E-06,+2.1498116553E+00,-75.0502869E-03
+201.0900E-06,+2.1498116553E+00,-62.4874730E-03
+201.2950E-06,+2.1498116553E+00,-75.0502869E-03
+201.5000E-06,+2.0116206995E+00,-75.0502869E-03
+201.7050E-06,+2.1498116553E+00,-75.0502869E-03
+201.9100E-06,+2.1498116553E+00,-75.0502869E-03
+202.1150E-06,+2.1498116553E+00,-75.0502869E-03
+202.3200E-06,+2.0116206995E+00,-115.2512915E-03
+202.5250E-06,+2.1498116553E+00,-75.0502869E-03
+202.7300E-06,+2.1498116553E+00,-75.0502869E-03
+202.9350E-06,+2.1498116553E+00,-107.7136032E-03
+203.1400E-06,+2.1498116553E+00,-75.0502869E-03
+203.3450E-06,+2.1498116553E+00,-115.2512915E-03
+203.5500E-06,+2.1498116553E+00,-75.0502869E-03
+203.7550E-06,+2.1498116553E+00,-115.2512915E-03
+203.9600E-06,+2.1498116553E+00,-127.8141055E-03
+204.1650E-06,+2.1498116553E+00,-82.5879753E-03
+204.3700E-06,+2.1498116553E+00,-115.2512915E-03
+204.5750E-06,+1.9864950710E+00,-82.5879753E-03
+204.7800E-06,+2.1498116553E+00,-115.2512915E-03
+204.9850E-06,+2.1121232128E+00,-107.7136032E-03
+205.1900E-06,+1.9488066286E+00,-115.2512915E-03
+205.3950E-06,+2.1498116553E+00,-107.7136032E-03
+205.6000E-06,+2.1498116553E+00,-75.0502869E-03
+205.8050E-06,+2.1498116553E+00,-82.5879753E-03
+206.0100E-06,+2.0116206995E+00,-75.0502869E-03
+206.2150E-06,+2.1498116553E+00,-107.7136032E-03
+206.4200E-06,+2.0116206995E+00,-75.0502869E-03
+206.6250E-06,+2.1498116553E+00,-107.7136032E-03
+206.8300E-06,+2.0116206995E+00,-75.0502869E-03
+207.0350E-06,+2.1498116553E+00,-75.0502869E-03
+207.2400E-06,+2.1498116553E+00,-115.2512915E-03
+207.4450E-06,+2.1498116553E+00,-107.7136032E-03
+207.6500E-06,+2.1498116553E+00,-75.0502869E-03
+207.8550E-06,+2.1498116553E+00,-75.0502869E-03
+208.0600E-06,+2.1498116553E+00,-75.0502869E-03
+208.2650E-06,+2.1498116553E+00,-75.0502869E-03
+208.4700E-06,+2.1498116553E+00,-75.0502869E-03
+208.6750E-06,+2.1121232128E+00,-82.5879753E-03
+208.8800E-06,+2.1498116553E+00,-75.0502869E-03
+209.0850E-06,+1.9864950710E+00,-75.0502869E-03
+209.2900E-06,+2.1498116553E+00,-102.6884776E-03
+209.4950E-06,+2.1498116553E+00,-75.0502869E-03
+209.7000E-06,+1.9488066286E+00,-75.0502869E-03
+209.9050E-06,+2.1498116553E+00,-75.0502869E-03
+210.1100E-06,+2.1498116553E+00,-75.0502869E-03
+210.3150E-06,+2.1121232128E+00,-82.5879753E-03
+210.5200E-06,+2.1498116553E+00,-75.0502869E-03
+210.7250E-06,+2.1498116553E+00,-82.5879753E-03
+210.9300E-06,+2.1498116553E+00,-75.0502869E-03
+211.1350E-06,+2.1498116553E+00,-115.2512915E-03
+211.3400E-06,+2.1498116553E+00,-102.6884776E-03
+211.5450E-06,+2.1498116553E+00,-107.7136032E-03
+211.7500E-06,+2.1498116553E+00,-62.4874730E-03
+211.9550E-06,+2.1498116553E+00,-75.0502869E-03
+212.1600E-06,+2.1498116553E+00,-115.2512915E-03
+212.3650E-06,+2.1498116553E+00,-115.2512915E-03
+212.5700E-06,+2.1498116553E+00,-75.0502869E-03
+212.7750E-06,+2.1498116553E+00,-115.2512915E-03
+212.9800E-06,+2.0869975844E+00,-75.0502869E-03
+213.1850E-06,+2.1498116553E+00,-115.2512915E-03
+213.3900E-06,+2.1498116553E+00,-75.0502869E-03
+213.5950E-06,+2.1498116553E+00,-82.5879753E-03
+213.8000E-06,+2.1498116553E+00,-87.6131009E-03
+214.0050E-06,+2.1498116553E+00,-75.0502869E-03
+214.2100E-06,+2.1498116553E+00,-75.0502869E-03
+214.4150E-06,+2.1498116553E+00,-75.0502869E-03
+214.6200E-06,+2.1498116553E+00,-87.6131009E-03
+214.8250E-06,+1.9864950710E+00,-107.7136032E-03
+215.0300E-06,+2.1498116553E+00,-75.0502869E-03
+215.2350E-06,+1.9864950710E+00,-115.2512915E-03
+215.4400E-06,+2.0869975844E+00,-87.6131009E-03
+215.6450E-06,+2.1498116553E+00,-75.0502869E-03
+215.8500E-06,+2.1498116553E+00,-115.2512915E-03
+216.0550E-06,+2.1498116553E+00,-82.5879753E-03
+216.2600E-06,+2.0869975844E+00,-102.6884776E-03
+216.4650E-06,+1.9864950710E+00,-122.7889799E-03
+216.6700E-06,+2.0116206995E+00,-87.6131009E-03
+216.8750E-06,+2.1498116553E+00,-115.2512915E-03
+217.0800E-06,+2.1498116553E+00,-102.6884776E-03
+217.2850E-06,+2.1498116553E+00,-82.5879753E-03
+217.4900E-06,+2.1498116553E+00,-75.0502869E-03
+217.6950E-06,+2.1498116553E+00,-115.2512915E-03
+217.9000E-06,+2.1498116553E+00,-115.2512915E-03
+218.1050E-06,+2.1121232128E+00,-107.7136032E-03
+218.3100E-06,+2.1498116553E+00,-87.6131009E-03
+218.5150E-06,+2.1498116553E+00,-75.0502869E-03
+218.7200E-06,+2.1498116553E+00,-75.0502869E-03
+218.9250E-06,+2.1498116553E+00,-82.5879753E-03
+219.1300E-06,+2.0869975844E+00,-47.4120963E-03
+219.3350E-06,+1.9864950710E+00,-2.1859661E-03
+219.5400E-06,+2.0116206995E+00,-100.1759148E-03
+219.7450E-06,+2.1498116553E+00,-75.0502869E-03
+219.9500E-06,+2.1498116553E+00,-87.6131009E-03
+220.1550E-06,+2.1498116553E+00,-34.8492824E-03
+220.3600E-06,+1.9488066286E+00,-75.0502869E-03
+220.5650E-06,+2.1498116553E+00,-75.0502869E-03
+220.7700E-06,+2.1498116553E+00,-115.2512915E-03
+220.9750E-06,+1.9864950710E+00,-115.2512915E-03
+221.1800E-06,+2.1498116553E+00,-75.0502869E-03
+221.3850E-06,+2.1498116553E+00,-75.0502869E-03
+221.5900E-06,+2.1498116553E+00,-75.0502869E-03
+221.7950E-06,+2.1498116553E+00,-115.2512915E-03
+222.0000E-06,+2.1498116553E+00,-115.2512915E-03
+222.2050E-06,+2.1498116553E+00,-75.0502869E-03
+222.4100E-06,+2.1498116553E+00,-102.6884776E-03
+222.6150E-06,+2.1498116553E+00,-75.0502869E-03
+222.8200E-06,+2.1498116553E+00,-102.6884776E-03
+223.0250E-06,+2.1498116553E+00,-107.7136032E-03
+223.2300E-06,+2.1498116553E+00,-102.6884776E-03
+223.4350E-06,+2.1498116553E+00,-75.0502869E-03
+223.6400E-06,+2.1498116553E+00,-75.0502869E-03
+223.8450E-06,+2.1498116553E+00,-115.2512915E-03
+224.0500E-06,+2.1498116553E+00,-75.0502869E-03
+224.2550E-06,+1.9864950710E+00,-115.2512915E-03
+224.4600E-06,+2.0869975844E+00,-87.6131009E-03
+224.6650E-06,+2.1498116553E+00,-75.0502869E-03
+224.8700E-06,+2.1498116553E+00,-75.0502869E-03
+225.0750E-06,+2.1498116553E+00,-75.0502869E-03
+225.2800E-06,+2.1498116553E+00,-75.0502869E-03
+225.4850E-06,+2.1498116553E+00,-82.5879753E-03
+225.6900E-06,+2.1498116553E+00,-75.0502869E-03
+225.8950E-06,+2.1498116553E+00,-42.3869707E-03
+226.1000E-06,+2.1498116553E+00,-34.8492824E-03
+226.3050E-06,+2.1498116553E+00,-82.5879753E-03
+226.5100E-06,+2.1498116553E+00,-115.2512915E-03
+226.7150E-06,+2.1498116553E+00,-107.7136032E-03
+226.9200E-06,+2.1498116553E+00,-75.0502869E-03
+227.1250E-06,+2.1498116553E+00,-75.0502869E-03
+227.3300E-06,+2.1498116553E+00,-75.0502869E-03
+227.5350E-06,+1.9864950710E+00,-115.2512915E-03
+227.7400E-06,+2.1498116553E+00,-75.0502869E-03
+227.9450E-06,+2.1498116553E+00,-75.0502869E-03
+228.1500E-06,+2.0869975844E+00,-75.0502869E-03
+228.3550E-06,+1.9864950710E+00,-75.0502869E-03
+228.5600E-06,+2.0116206995E+00,-75.0502869E-03
+228.7650E-06,+2.1498116553E+00,-82.5879753E-03
+228.9700E-06,+2.1498116553E+00,-87.6131009E-03
+229.1750E-06,+2.1121232128E+00,-75.0502869E-03
+229.3800E-06,+2.0116206995E+00,-102.6884776E-03
+229.5850E-06,+2.1121232128E+00,-75.0502869E-03
+229.7900E-06,+2.1498116553E+00,-75.0502869E-03
+229.9950E-06,+2.1498116553E+00,-115.2512915E-03
+230.2000E-06,+2.1498116553E+00,-102.6884776E-03
+230.4050E-06,+1.9488066286E+00,-107.7136032E-03
+230.6100E-06,+2.1498116553E+00,-102.6884776E-03
+230.8150E-06,+2.1498116553E+00,-115.2512915E-03
+231.0200E-06,+2.0869975844E+00,-102.6884776E-03
+231.2250E-06,+2.1498116553E+00,-75.0502869E-03
+231.4300E-06,+2.1498116553E+00,-75.0502869E-03
+231.6350E-06,+2.1498116553E+00,-155.4522961E-03
+231.8400E-06,+2.1498116553E+00,-87.6131009E-03
+232.0450E-06,+2.1498116553E+00,-67.5125986E-03
+232.2500E-06,+2.1498116553E+00,-75.0502869E-03
+232.4550E-06,+2.1498116553E+00,-75.0502869E-03
+232.6600E-06,+2.1498116553E+00,-102.6884776E-03
+232.8650E-06,+2.1498116553E+00,-82.5879753E-03
+233.0700E-06,+2.1498116553E+00,-115.2512915E-03
+233.2750E-06,+2.1498116553E+00,-107.7136032E-03
+233.4800E-06,+2.1498116553E+00,-75.0502869E-03
+233.6850E-06,+2.1121232128E+00,-75.0502869E-03
+233.8900E-06,+2.1498116553E+00,-87.6131009E-03
+234.0950E-06,+2.1498116553E+00,-82.5879753E-03
+234.3000E-06,+2.0116206995E+00,-87.6131009E-03
+234.5050E-06,+1.9864950710E+00,-75.0502869E-03
+234.7100E-06,+2.0116206995E+00,-87.6131009E-03
+234.9150E-06,+2.1498116553E+00,-42.3869707E-03
+235.1200E-06,-4.0813441724E+00,-3.1705276407E+00
+235.3250E-06,-2.6743089855E+00,-3.1705276407E+00
+235.5300E-06,-2.4104898879E+00,-3.1705276407E+00
+235.7350E-06,-2.2722989321E+00,-3.1705276407E+00
+235.9400E-06,-2.2722989321E+00,-3.1705276407E+00
+236.1450E-06,-2.2722989321E+00,-3.1705276407E+00
+236.3500E-06,-2.2722989321E+00,-3.1705276407E+00
+236.5550E-06,-2.2722989321E+00,-3.1705276407E+00
+236.7600E-06,-2.2722989321E+00,-3.1705276407E+00
+236.9650E-06,-2.2722989321E+00,-3.1705276407E+00
+237.1700E-06,-2.2722989321E+00,-3.1705276407E+00
+237.3750E-06,-2.2722989321E+00,-3.1705276407E+00
+237.5800E-06,-2.2722989321E+00,-3.1705276407E+00
+237.7850E-06,-2.4356155163E+00,-3.1705276407E+00
+237.9900E-06,-2.2722989321E+00,-3.1705276407E+00
+238.1950E-06,-2.2722989321E+00,-3.1705276407E+00
+238.4000E-06,-2.2722989321E+00,-3.1705276407E+00
+238.6050E-06,-2.2722989321E+00,-3.1705276407E+00
+238.8100E-06,-2.2722989321E+00,-3.1705276407E+00
+239.0150E-06,-2.4733039588E+00,-3.1705276407E+00
+239.2200E-06,-2.2722989321E+00,-3.1705276407E+00
+239.4250E-06,-2.3099873745E+00,-3.1705276407E+00
+239.6300E-06,-2.2722989321E+00,-3.1705276407E+00
+239.8350E-06,-2.2722989321E+00,-3.1705276407E+00
+240.0400E-06,-2.2722989321E+00,-3.1705276407E+00
+240.2450E-06,-2.4356155163E+00,-3.1705276407E+00
+240.4500E-06,-2.4104898879E+00,-3.1705276407E+00
+240.6550E-06,-2.4356155163E+00,-3.1705276407E+00
+240.8600E-06,-2.4733039588E+00,-3.1705276407E+00
+241.0650E-06,-2.2722989321E+00,-3.1052010082E+00
+241.2700E-06,-2.3351130030E+00,-3.0901256315E+00
+241.4750E-06,-2.4733039588E+00,-3.1052010082E+00
+241.6800E-06,-2.4733039588E+00,-3.0901256315E+00
+241.8850E-06,-2.4733039588E+00,-3.0499246269E+00
+242.0900E-06,-2.4733039588E+00,-3.0097236224E+00
+242.2950E-06,-2.4733039588E+00,-2.9695226178E+00
+242.5000E-06,-2.4733039588E+00,-2.9695226178E+00
+242.7050E-06,-2.4733039588E+00,-3.0021859340E+00
+242.9100E-06,-2.4733039588E+00,-2.9293216132E+00
+243.1150E-06,-2.4733039588E+00,-2.8891206086E+00
+243.3200E-06,-2.4733039588E+00,-2.8765577946E+00
+243.5250E-06,-2.4356155163E+00,-2.8087185994E+00
+243.7300E-06,-2.4733039588E+00,-2.8087185994E+00
+243.9350E-06,-2.4733039588E+00,-2.8087185994E+00
+244.1400E-06,-2.4733039588E+00,-2.7685175948E+00
+244.3450E-06,-2.4356155163E+00,-2.7283165902E+00
+244.5500E-06,-2.4733039588E+00,-2.7283165902E+00
+244.7550E-06,-2.4733039588E+00,-2.6881155856E+00
+244.9600E-06,-2.4733039588E+00,-2.6479145810E+00
+245.1650E-06,-2.4733039588E+00,-2.6152512648E+00
+245.3700E-06,-2.4733039588E+00,-2.6479145810E+00
+245.5750E-06,-2.4733039588E+00,-2.6077135764E+00
+245.7800E-06,-2.4104898879E+00,-2.5675125718E+00
+245.9850E-06,-2.4733039588E+00,-2.5348492556E+00
+246.1900E-06,-2.4733039588E+00,-2.5398743812E+00
+246.3950E-06,-2.4733039588E+00,-2.5273115672E+00
+246.6000E-06,-2.4733039588E+00,-2.4594723720E+00
+246.8050E-06,-2.4733039588E+00,-2.4469095580E+00
+247.0100E-06,-2.4733039588E+00,-2.4469095580E+00
+247.2150E-06,-2.4356155163E+00,-2.3740452372E+00
+247.4200E-06,-2.4733039588E+00,-2.3665075488E+00
+247.6250E-06,-2.4733039588E+00,-2.3665075488E+00
+247.8300E-06,-2.5361180297E+00,-2.3539447349E+00
+248.0350E-06,-2.5109924012E+00,-2.3263065442E+00
+248.2400E-06,-2.4733039588E+00,-2.3263065442E+00
+248.4450E-06,-2.4733039588E+00,-2.2861055396E+00
+248.6500E-06,-2.6114949146E+00,-2.2459045351E+00
+248.8550E-06,-2.4733039588E+00,-2.2459045351E+00
+249.0600E-06,-2.4733039588E+00,-2.2057035305E+00
+249.2650E-06,-2.4733039588E+00,-2.2057035305E+00
+249.4700E-06,-2.4733039588E+00,-2.2057035305E+00
+249.6750E-06,-2.4733039588E+00,-2.1655025259E+00
+249.8800E-06,-2.4733039588E+00,-2.1655025259E+00
+250.0850E-06,-2.4733039588E+00,-2.1177638329E+00
+250.2900E-06,-2.4733039588E+00,-2.1253015213E+00
+250.4950E-06,-2.4733039588E+00,-2.0448995121E+00
+250.7000E-06,-2.4733039588E+00,-2.0851005167E+00
+250.9050E-06,-2.6366205430E+00,-2.0524372004E+00
+251.1100E-06,-2.4733039588E+00,-2.0725377027E+00
+251.3150E-06,-2.6366205430E+00,-2.0373618237E+00
+251.5200E-06,-2.6114949146E+00,-1.9770603168E+00
+251.7250E-06,-2.4733039588E+00,-1.9644975029E+00
+251.9300E-06,-2.4733039588E+00,-1.9644975029E+00
+252.1350E-06,-2.4733039588E+00,-1.9644975029E+00
+252.3400E-06,-2.4733039588E+00,-1.9519346889E+00
+252.5450E-06,-2.4733039588E+00,-1.9242964983E+00
+252.7500E-06,-2.4733039588E+00,-1.9242964983E+00
+252.9550E-06,-2.6366205430E+00,-1.8840954937E+00
+253.1600E-06,-2.5361180297E+00,-1.8840954937E+00
+253.3650E-06,-2.4733039588E+00,-1.8765578054E+00
+253.5700E-06,-2.6114949146E+00,-1.8438944891E+00
+253.7750E-06,-2.6366205430E+00,-1.8112311729E+00
+253.9800E-06,-2.6743089855E+00,-1.8162562985E+00
+254.1850E-06,-2.5109924012E+00,-1.7710301683E+00
+254.3900E-06,-2.6114949146E+00,-1.7634924799E+00
+254.5950E-06,-2.4733039588E+00,-1.7961557962E+00
+254.8000E-06,-2.6743089855E+00,-1.7509296660E+00
+255.0050E-06,-2.4733039588E+00,-1.7232914753E+00
+255.2100E-06,-2.4733039588E+00,-1.7232914753E+00
+255.4150E-06,-2.5109924012E+00,-1.7232914753E+00
+255.6200E-06,-2.5361180297E+00,-1.7232914753E+00
+255.8250E-06,-2.6743089855E+00,-1.6504271545E+00
+256.0300E-06,-2.5361180297E+00,-1.6705276568E+00
+256.2350E-06,-2.5109924012E+00,-1.6026884615E+00
+256.4400E-06,-2.4733039588E+00,-1.6026884615E+00
+256.6450E-06,-2.6743089855E+00,-1.6026884615E+00
+256.8500E-06,-2.6743089855E+00,-1.6303266522E+00
+257.0550E-06,-2.6743089855E+00,-1.6026884615E+00
+257.2600E-06,-2.6114949146E+00,-1.5901256476E+00
+257.4650E-06,-2.5109924013E+00,-1.5624874569E+00
+257.6700E-06,-2.6743089855E+00,-1.5499246430E+00
+257.8750E-06,-2.6743089855E+00,-1.5624874569E+00
+258.0800E-06,-2.6114949146E+00,-1.5222864524E+00
+258.2850E-06,-2.4733039588E+00,-1.5222864524E+00
+258.4900E-06,-2.6743089855E+00,-1.4820854478E+00
+258.6950E-06,-2.6743089855E+00,-1.4820854478E+00
+258.9000E-06,-2.5361180296E+00,-1.4418844432E+00
+259.1050E-06,-2.6743089855E+00,-1.4494221315E+00
+259.3100E-06,-2.5361180296E+00,-1.4695226338E+00
+259.5150E-06,-2.6743089855E+00,-1.4092211269E+00
+259.7200E-06,-2.6743089855E+00,-1.4293216292E+00
+259.9250E-06,-2.6743089855E+00,-1.4016834386E+00
+260.1300E-06,-2.6743089855E+00,-1.3740452479E+00
+260.3350E-06,-2.6743089855E+00,-1.3941457502E+00
+260.5400E-06,-2.6743089855E+00,-1.3891206246E+00
+260.7450E-06,-2.6366205430E+00,-1.3614824340E+00
+260.9500E-06,-2.6743089855E+00,-1.3614824340E+00
+261.1550E-06,-2.6366205430E+00,-1.3539447456E+00
+261.3600E-06,-2.6743089855E+00,-1.3338442433E+00
+261.5650E-06,-2.6366205430E+00,-1.3212814294E+00
+261.7700E-06,-2.5361180296E+00,-1.2810804248E+00
+261.9750E-06,-2.6743089855E+00,-1.2810804248E+00
+262.1800E-06,-2.6743089855E+00,-1.3212814294E+00
+262.3850E-06,-2.5109924013E+00,-1.2810804248E+00
+262.5900E-06,-2.6743089855E+00,-1.2810804248E+00
+262.7950E-06,-2.6743089855E+00,-1.2735427364E+00
+263.0000E-06,-2.6743089855E+00,-1.2685176108E+00
+263.2050E-06,-2.6743089855E+00,-1.2333417318E+00
+263.4100E-06,-2.6743089855E+00,-1.2006784156E+00
+263.6150E-06,-2.6743089855E+00,-1.2006784156E+00
+263.8200E-06,-2.6743089855E+00,-1.2283166063E+00
+264.0250E-06,-2.6743089855E+00,-1.2006784156E+00
+264.2300E-06,-2.6114949146E+00,-1.2006784156E+00
+264.4350E-06,-2.6743089855E+00,-1.1604774110E+00
+264.6400E-06,-2.6743089855E+00,-1.1479145971E+00
+264.8450E-06,-2.6366205430E+00,-1.1604774110E+00
+265.0500E-06,-2.6743089855E+00,-1.1077135925E+00
+265.2550E-06,-2.5109924013E+00,-1.1604774110E+00
+265.4600E-06,-2.6743089855E+00,-1.0800754018E+00
+265.6650E-06,-2.6743089855E+00,-1.1127387180E+00
+265.8700E-06,-2.6743089855E+00,-1.0398743972E+00
+266.0750E-06,-2.6743089855E+00,-1.1604774110E+00
+266.2800E-06,-2.6743089855E+00,-1.0800754018E+00
+266.4850E-06,-2.6743089855E+00,-1.0800754018E+00
+266.6900E-06,-2.6743089855E+00,-1.0524372112E+00
+266.8950E-06,-2.6743089855E+00,-1.0474120856E+00
+267.1000E-06,-2.6743089855E+00,-1.0524372112E+00
+267.3050E-06,-2.6743089855E+00,-1.0725377135E+00
+267.5100E-06,-2.6743089855E+00,-1.0398743972E+00
+267.7150E-06,-2.6743089855E+00,-1.0072110810E+00
+267.9200E-06,-2.6743089855E+00,-1.0273115833E+00
+268.1250E-06,-2.6743089855E+00,-1.0398743972E+00
+268.3300E-06,-2.6743089855E+00,-999.6733926E-03
+268.5350E-06,-2.6743089855E+00,-999.6733926E-03
+268.7400E-06,-2.6743089855E+00,-999.6733926E-03
+268.9450E-06,-2.6743089855E+00,-967.0100764E-03
+269.1500E-06,-2.6743089855E+00,-987.1105787E-03
+269.3550E-06,-2.7119974280E+00,-959.4723880E-03
+269.5600E-06,-2.6743089855E+00,-972.0352020E-03
+269.7650E-06,-2.6743089855E+00,-959.4723880E-03
+269.9700E-06,-2.6743089855E+00,-959.4723880E-03
+270.1750E-06,-2.6743089855E+00,-959.4723880E-03
+270.3800E-06,-2.6743089855E+00,-946.9095741E-03
+270.5850E-06,-2.6743089855E+00,-919.2713834E-03
+270.7900E-06,-2.6743089855E+00,-906.7085695E-03
+270.9950E-06,-2.6743089855E+00,-919.2713834E-03
+271.2000E-06,-2.6743089855E+00,-906.7085695E-03
+271.4050E-06,-2.6743089855E+00,-919.2713834E-03
+271.6100E-06,-2.6743089855E+00,-919.2713834E-03
+271.8150E-06,-2.6743089855E+00,-871.5326905E-03
+272.0200E-06,-2.6743089855E+00,-866.5075649E-03
+272.2250E-06,-2.6743089855E+00,-838.8693742E-03
+272.4300E-06,-2.6743089855E+00,-879.0703788E-03
+272.6350E-06,-2.7119974280E+00,-838.8693742E-03
+272.8400E-06,-2.6743089855E+00,-838.8693742E-03
+273.0450E-06,-2.6743089855E+00,-838.8693742E-03
+273.2500E-06,-2.6743089855E+00,-838.8693742E-03
+273.4550E-06,-2.6743089855E+00,-838.8693742E-03
+273.6600E-06,-2.6743089855E+00,-798.6683697E-03
+273.8650E-06,-2.6743089855E+00,-798.6683697E-03
+274.0700E-06,-2.6743089855E+00,-798.6683697E-03
+274.2750E-06,-2.6743089855E+00,-806.2060580E-03
+274.4800E-06,-2.6743089855E+00,-798.6683697E-03
+274.6850E-06,-2.6743089855E+00,-791.1306813E-03
+274.8900E-06,-2.6743089855E+00,-786.1055557E-03
+275.0950E-06,-2.6743089855E+00,-758.4673651E-03
+275.3000E-06,-2.6743089855E+00,-758.4673651E-03
+275.5050E-06,-2.6743089855E+00,-758.4673651E-03
+275.7100E-06,-2.6743089855E+00,-758.4673651E-03
+275.9150E-06,-2.6743089855E+00,-758.4673651E-03
+276.1200E-06,-2.6743089855E+00,-718.2663605E-03
+276.3250E-06,-2.6743089855E+00,-758.4673651E-03
+276.5300E-06,-2.6743089855E+00,-705.7035465E-03
+276.7350E-06,-2.6743089855E+00,-718.2663605E-03
+276.9400E-06,-2.6743089855E+00,-718.2663605E-03
+277.1450E-06,-2.6743089855E+00,-678.0653559E-03
+277.3500E-06,-2.6743089855E+00,-678.0653559E-03
+277.5550E-06,-2.6743089855E+00,-710.7286721E-03
+277.7600E-06,-2.7371230563E+00,-705.7035465E-03
+277.9650E-06,-2.6743089855E+00,-718.2663605E-03
+278.1700E-06,-2.8753140122E+00,-705.7035465E-03
+278.3750E-06,-2.6743089855E+00,-670.5276675E-03
+278.5800E-06,-2.6743089855E+00,-678.0653559E-03
+278.7850E-06,-2.6743089855E+00,-685.6030442E-03
+278.9900E-06,-2.8124999414E+00,-693.1407326E-03
+279.1950E-06,-2.6743089855E+00,-645.4020396E-03
+279.4000E-06,-2.6743089855E+00,-678.0653559E-03
+279.6050E-06,-2.6743089855E+00,-637.8643513E-03
+279.8100E-06,-2.6743089855E+00,-637.8643513E-03
+280.0150E-06,-2.8376255696E+00,-637.8643513E-03
+280.2200E-06,-2.6743089855E+00,-597.6633467E-03
+280.4250E-06,-2.6743089855E+00,-605.2010350E-03
+280.6300E-06,-2.8124999414E+00,-597.6633467E-03
+280.8350E-06,-2.6743089855E+00,-597.6633467E-03
+281.0400E-06,-2.8124999414E+00,-570.0251560E-03
+281.2450E-06,-2.6743089855E+00,-565.0000305E-03
+281.4500E-06,-2.8124999414E+00,-557.4623421E-03
+281.6550E-06,-2.6743089855E+00,-605.2010350E-03
+281.8600E-06,-2.6743089855E+00,-597.6633467E-03
+282.0650E-06,-2.8753140122E+00,-590.1256583E-03
+282.2700E-06,-2.6743089855E+00,-570.0251560E-03
+282.4750E-06,-2.6743089855E+00,-597.6633467E-03
+282.6800E-06,-2.7371230563E+00,-570.0251560E-03
+282.8850E-06,-2.6743089855E+00,-557.4623421E-03
+283.0900E-06,-2.6743089855E+00,-557.4623421E-03
+283.2950E-06,-2.6743089855E+00,-565.0000305E-03
+283.5000E-06,-2.6743089855E+00,-557.4623421E-03
+283.7050E-06,-2.6743089855E+00,-557.4623421E-03
+283.9100E-06,-2.7371230563E+00,-557.4623421E-03
+284.1150E-06,-2.8753140122E+00,-549.9246537E-03
+284.3200E-06,-2.6743089855E+00,-517.2613375E-03
+284.5250E-06,-2.6743089855E+00,-549.9246537E-03
+284.7300E-06,-2.6743089855E+00,-529.8241514E-03
+284.9350E-06,-2.6743089855E+00,-517.2613375E-03
+285.1400E-06,-2.6743089855E+00,-517.2613375E-03
+285.3450E-06,-2.8376255696E+00,-517.2613375E-03
+285.5500E-06,-2.8124999414E+00,-544.8995282E-03
+285.7550E-06,-2.6743089855E+00,-549.9246537E-03
+285.9600E-06,-2.8124999414E+00,-529.8241514E-03
+286.1650E-06,-2.6743089855E+00,-517.2613375E-03
+286.3700E-06,-2.6743089855E+00,-449.4221422E-03
+286.5750E-06,-2.6743089855E+00,-484.5980213E-03
+286.7800E-06,-2.8124999414E+00,-489.6231468E-03
+286.9850E-06,-2.6743089855E+00,-509.7236491E-03
+287.1900E-06,-2.6743089855E+00,-477.0603329E-03
+287.3950E-06,-2.8753140122E+00,-477.0603329E-03
+287.6000E-06,-2.7371230563E+00,-477.0603329E-03
+287.8050E-06,-2.6743089855E+00,-484.5980213E-03
+288.0100E-06,-2.6743089855E+00,-464.4975190E-03
+288.2150E-06,-2.7119974280E+00,-477.0603329E-03
+288.4200E-06,-2.7371230563E+00,-449.4221422E-03
+288.6250E-06,-2.8376255696E+00,-477.0603329E-03
+288.8300E-06,-2.6743089855E+00,-464.4975190E-03
+289.0350E-06,-2.8376255696E+00,-436.8593283E-03
+289.2400E-06,-2.6743089855E+00,-436.8593283E-03
+289.4450E-06,-2.6743089855E+00,-436.8593283E-03
+289.6500E-06,-2.8753140122E+00,-436.8593283E-03
+289.8550E-06,-2.6743089855E+00,-469.5226445E-03
+290.0600E-06,-2.8753140122E+00,-436.8593283E-03
+290.2650E-06,-2.7119974280E+00,-436.8593283E-03
+290.4700E-06,-2.6743089855E+00,-409.2211376E-03
+290.6750E-06,-2.6743089855E+00,-429.3216399E-03
+290.8800E-06,-2.6743089855E+00,-424.2965144E-03
+291.0850E-06,-2.6743089855E+00,-404.1960121E-03
+291.2900E-06,-2.8124999414E+00,-424.2965144E-03
+291.4950E-06,-2.8376255696E+00,-396.6583237E-03
+291.7000E-06,-2.8124999414E+00,-396.6583237E-03
+291.9050E-06,-2.6743089855E+00,-396.6583237E-03
+292.1100E-06,-2.6743089855E+00,-396.6583237E-03
+292.3150E-06,-2.6743089855E+00,-363.9950075E-03
+292.5200E-06,-2.8124999414E+00,-384.0955098E-03
+292.7250E-06,-2.8753140122E+00,-404.1960121E-03
+292.9300E-06,-2.7371230563E+00,-424.2965144E-03
+293.1350E-06,-2.6743089855E+00,-396.6583237E-03
+293.3400E-06,-2.6743089855E+00,-396.6583237E-03
+293.5450E-06,-2.6743089855E+00,-396.6583237E-03
+293.7500E-06,-2.6743089855E+00,-384.0955098E-03
+293.9550E-06,-2.6743089855E+00,-363.9950075E-03
+294.1600E-06,-2.8124999414E+00,-396.6583237E-03
+294.3650E-06,-2.8376255696E+00,-356.4573191E-03
+294.5700E-06,-2.6743089855E+00,-396.6583237E-03
+294.7750E-06,-2.6743089855E+00,-356.4573191E-03
+294.9800E-06,-2.6743089855E+00,-396.6583237E-03
+295.1850E-06,-2.8376255696E+00,-356.4573191E-03
+295.3900E-06,-2.6743089855E+00,-343.8945052E-03
+295.5950E-06,-2.8376255696E+00,-323.7940029E-03
+295.8000E-06,-2.6743089855E+00,-356.4573191E-03
+296.0050E-06,-2.6743089855E+00,-348.9196307E-03
+296.2100E-06,-2.6743089855E+00,-396.6583237E-03
+296.4150E-06,-2.6743089855E+00,-348.9196307E-03
+296.6200E-06,-2.7371230562E+00,-356.4573191E-03
+296.8250E-06,-2.6743089855E+00,-356.4573191E-03
+297.0300E-06,-2.6743089855E+00,-328.8191284E-03
+297.2350E-06,-2.6743089855E+00,-356.4573191E-03
+297.4400E-06,-2.6743089855E+00,-343.8945052E-03
+297.6450E-06,-2.6743089855E+00,-323.7940029E-03
+297.8500E-06,-2.8753140122E+00,-343.8945052E-03
+298.0550E-06,-2.6743089855E+00,-323.7940029E-03
+298.2600E-06,-2.8124999414E+00,-356.4573191E-03
+298.4650E-06,-2.8753140122E+00,-323.7940029E-03
+298.6700E-06,-2.6743089855E+00,-328.8191284E-03
+298.8750E-06,-2.6743089855E+00,-316.2563145E-03
+299.0800E-06,-2.8753140122E+00,-356.4573191E-03
+299.2850E-06,-2.6743089855E+00,-308.7186261E-03
+299.4900E-06,-2.6743089855E+00,-316.2563145E-03
+299.6950E-06,-2.7119974281E+00,-316.2563145E-03
+299.9000E-06,-2.8124999414E+00,-303.6935006E-03
+300.1050E-06,-2.6743089855E+00,-316.2563145E-03
+300.3100E-06,-2.6743089855E+00,-316.2563145E-03
+300.5150E-06,-2.7119974281E+00,-316.2563145E-03
+300.7200E-06,-2.8124999414E+00,-276.0553099E-03
+300.9250E-06,-2.6743089855E+00,-283.5929983E-03
+301.1300E-06,-2.8753140122E+00,-303.6935006E-03
+301.3350E-06,-2.6743089855E+00,-276.0553099E-03
+301.5400E-06,-2.6743089855E+00,-303.6935006E-03
+301.7450E-06,-2.8376255696E+00,-243.3919937E-03
+301.9500E-06,-2.6743089855E+00,-343.8945052E-03
+302.1550E-06,-2.7119974281E+00,-308.7186261E-03
+302.3600E-06,-2.6743089855E+00,-316.2563145E-03
+302.5650E-06,-2.6743089855E+00,-276.0553099E-03
+302.7700E-06,-2.6743089855E+00,-276.0553099E-03
+302.9750E-06,-2.8753140122E+00,-316.2563145E-03
+303.1800E-06,-2.6743089855E+00,-303.6935006E-03
+303.3850E-06,-2.6743089855E+00,-276.0553099E-03
+303.5900E-06,-2.8753140122E+00,-303.6935006E-03
+303.7950E-06,-2.7119974281E+00,-276.0553099E-03
