Address:,USB0::0x0957::0x179B::MY54313431::0::INSTR,,Analog Channels,,,
Model:,DSO-X 2002A,,Time (s),1 (VOLT),2 (VOLT),
Serial Number:,MY54313431,,-0.303125,-0.00520728703122586,-0.0251256278716028,
Firmware Version:,02.65.2021030741,,-0.30208333334,-0.00520728703122586,-0.0251256278716028,
Start Time:,2023-06-05 08:11:26.155,,-0.30104166668,-0.00520728703122586,-0.0251256278716028,
,,,-0.30000000002,-0.00533291517058387,-0.0251256278716028,
Analog Sample Count:,960,,-0.29895833336,-0.00533291517058387,-0.0251256278716028,
Function Sample Count:,0,,-0.2979166667,-0.00533291517058387,-0.0238693464780226,
Waveform Memory Sample Count:,0,,-0.29687500004,-0.00533291517058387,-0.0251256278716028,
Digital Sample Count:,0,,-0.29583333338,-0.00533291517058387,-0.0251256278716028,
,,,-0.29479166672,-0.00533291517058387,-0.0251256278716028,
Setup Text Information:,,,-0.29375000006,-0.00533291517058387,-0.0238693464780226,
ANALOG,,,-0.2927083334,-0.00533291517058387,-0.0263819092651829,
Channel 1,,,-0.29166666674,-0.00533291517058387,-0.0238693464780226,
Scale,50 mV/,,-0.29062500008,-0.00545854330994189,-0.0238693464780226,
Pos,36.25 mV,,-0.28958333342,-0.00545854330994189,-0.0251256278716028,
Coup,,,-0.28854166676,-0.00545854330994189,-0.0251256278716028,
BW,Off,,-0.2875000001,-0.00545854330994189,-0.0251256278716028,
Inv,Off,,-0.28645833344,-0.00545854330994189,-0.0251256278716028,
Imp,1M Ohm,,-0.28541666678,-0.00545854330994189,-0.0251256278716028,
Trace Label,1,,-0.28437500012,-0.00545854330994189,-0.0251256278716028,
Probe,1,,-0.28333333346,-0.0055841714492999,-0.0251256278716028,
Skew,0 s,,-0.2822916668,-0.0055841714492999,-0.0251256278716028,
,,,-0.28125000014,-0.0055841714492999,-0.0251256278716028,
Channel 2,,,-0.28020833348,-0.0055841714492999,-0.0263819092651829,
Scale,500 mV/,,-0.27916666682,-0.0055841714492999,-0.0238693464780226,
Pos,0 V,,-0.27812500016,-0.0055841714492999,-0.0263819092651829,
Coup,,,-0.2770833335,-0.0055841714492999,-0.0251256278716028,
BW,Off,,-0.27604166684,-0.00570979958865792,-0.0251256278716028,
Inv,Off,,-0.27500000018,-0.00570979958865792,-0.0263819092651829,
Imp,1M Ohm,,-0.27395833352,-0.00570979958865792,-0.0251256278716028,
Trace Label,2,,-0.27291666686,-0.00570979958865792,-0.0251256278716028,
Probe,1,,-0.2718750002,-0.00570979958865792,-0.0251256278716028,
Skew,0 s,,-0.27083333354,-0.00570979958865792,-0.0238693464780226,
,,,-0.26979166688,-0.00583542772801593,-0.0251256278716028,
MATH,,,-0.26875000022,-0.00583542772801593,-0.0238693464780226,
REFERENCE WAVEFORM,,,-0.26770833356,-0.00583542772801593,-0.0251256278716028,
TRIGGER,,,-0.2666666669,-0.00583542772801593,-0.0251256278716028,
Sweep Mode,AUTO,,-0.26562500024,-0.00583542772801593,-0.0251256278716028,
Coup,DC,,-0.26458333358,-0.00583542772801593,-0.0238693464780226,
Noise Rej,Off,,-0.26354166692,-0.00596105586737394,-0.0251256278716028,
HF Rej,Off,,-0.26250000026,-0.00596105586737394,-0.0251256278716028,
Holdoff,40.0 ns,,-0.2614583336,-0.00596105586737394,-0.0251256278716028,
Mode,GLIT,,-0.26041666694,-0.00596105586737394,-0.0251256278716028,
Source,CHAN1,,-0.25937500028,-0.00608668400673196,-0.0251256278716028,
Slope,POS,,-0.25833333362,-0.00608668400673196,-0.0251256278716028,
Level,-5.2 mV V,,-0.25729166696,-0.00608668400673196,-0.0251256278716028,
,,,-0.2562500003,-0.00608668400673196,-0.0251256278716028,
HORIZONTAL,,,-0.25520833364,-0.00608668400673196,-0.0251256278716028,
Mode,MAIN,,-0.25416666698,-0.00608668400673196,-0.0251256278716028,
Ref,CENT,,-0.25312500032,-0.00621231214608997,-0.0251256278716028,
Main Scale,100 ms/,,-0.25208333366,-0.00608668400673196,-0.0238693464780226,
Main Delay,197 ms,,-0.251041667,-0.00621231214608997,-0.0251256278716028,
,,,-0.25000000034,-0.00633794028544798,-0.0251256278716028,
ACQUISITION,,,-0.24895833368,-0.00621231214608997,-0.0251256278716028,
Mode,HRES,,-0.24791666702,-0.00633794028544798,-0.0251256278716028,
RealTime,On,,-0.24687500036,-0.00633794028544798,-0.0251256278716028,
Vectors,On,,-0.2458333337,-0.00633794028544798,-0.0238693464780226,
Persistence,Off,,-0.24479166704,-0.00633794028544798,-0.0238693464780226,
,,,-0.24375000038,-0.006463568424806,-0.0238693464780226,
,,,-0.24270833372,-0.006463568424806,-0.0251256278716028,
,,,-0.24166666706,-0.006463568424806,-0.0238693464780226,
,,,-0.2406250004,-0.006463568424806,-0.0251256278716028,
,,,-0.23958333374,-0.00658919656416401,-0.0251256278716028,
,,,-0.23854166708,-0.00658919656416401,-0.0251256278716028,
,,,-0.23750000042,-0.00658919656416401,-0.0238693464780226,
,,,-0.23645833376,-0.00671482470352203,-0.0251256278716028,
,,,-0.2354166671,-0.00671482470352203,-0.0238693464780226,
,,,-0.23437500044,-0.00671482470352203,-0.0251256278716028,
,,,-0.23333333378,-0.00684045284288004,-0.0251256278716028,
,,,-0.23229166712,-0.00671482470352203,-0.0251256278716028,
,,,-0.23125000046,-0.00684045284288004,-0.0251256278716028,
,,,-0.2302083338,-0.00684045284288004,-0.0238693464780226,
,,,-0.22916666714,-0.00696608098223805,-0.0251256278716028,
,,,-0.22812500048,-0.00696608098223805,-0.0251256278716028,
,,,-0.22708333382,-0.00696608098223805,-0.0251256278716028,
,,,-0.22604166716,-0.00709170912159607,-0.0251256278716028,
,,,-0.2250000005,-0.00709170912159607,-0.0251256278716028,
,,,-0.22395833384,-0.00709170912159607,-0.0251256278716028,
,,,-0.22291666718,-0.00709170912159607,-0.0251256278716028,
,,,-0.22187500052,-0.00721733726095408,-0.0251256278716028,
,,,-0.22083333386,-0.00721733726095408,-0.0263819092651829,
,,,-0.2197916672,-0.00721733726095408,-0.0263819092651829,
,,,-0.21875000054,-0.00721733726095408,-0.0251256278716028,
,,,-0.21770833388,-0.0073429654003121,-0.0263819092651829,
,,,-0.21666666722,-0.0073429654003121,-0.0238693464780226,
,,,-0.21562500056,-0.0073429654003121,-0.0263819092651829,
,,,-0.2145833339,-0.00746859353967011,-0.0251256278716028,
,,,-0.21354166724,-0.00746859353967011,-0.0263819092651829,
,,,-0.21250000058,-0.00746859353967011,-0.0251256278716028,
,,,-0.21145833392,-0.00746859353967011,-0.0251256278716028,
,,,-0.21041666726,-0.00759422167902812,-0.0238693464780226,
,,,-0.2093750006,-0.00759422167902812,-0.0251256278716028,
,,,-0.20833333394,-0.00771984981838614,-0.0251256278716028,
,,,-0.20729166728,-0.00784547795774415,-0.0251256278716028,
,,,-0.20625000062,-0.00784547795774415,-0.0251256278716028,
,,,-0.20520833396,-0.00784547795774415,-0.0251256278716028,
,,,-0.2041666673,-0.00784547795774415,-0.0251256278716028,
,,,-0.20312500064,-0.00797110609710217,-0.0263819092651829,
,,,-0.20208333398,-0.00797110609710217,-0.0251256278716028,
,,,-0.20104166732,-0.00797110609710217,-0.0251256278716028,
,,,-0.20000000066,-0.00809673423646018,-0.0251256278716028,
,,,-0.198958334,-0.00822236237581819,-0.0251256278716028,
,,,-0.19791666734,-0.00822236237581819,-0.0251256278716028,
,,,-0.19687500068,-0.00834799051517621,-0.0251256278716028,
,,,-0.19583333402,-0.00834799051517621,-0.0251256278716028,
,,,-0.19479166736,-0.00847361865453422,-0.0251256278716028,
,,,-0.1937500007,-0.00859924679389223,-0.0263819092651829,
,,,-0.19270833404,-0.00847361865453422,-0.0251256278716028,
,,,-0.19166666738,-0.00859924679389223,-0.0251256278716028,
,,,-0.19062500072,-0.00872487493325025,-0.0238693464780226,
,,,-0.18958333406,-0.00872487493325025,-0.0263819092651829,
,,,-0.1885416674,-0.00885050307260826,-0.0251256278716028,
,,,-0.18750000074,-0.00885050307260826,-0.0251256278716028,
,,,-0.18645833408,-0.00897613121196628,-0.0251256278716028,
,,,-0.18541666742,-0.00897613121196628,-0.0263819092651829,
,,,-0.18437500076,-0.00910175935132429,-0.0263819092651829,
,,,-0.1833333341,-0.0092273874906823,-0.0263819092651829,
,,,-0.18229166744,-0.0092273874906823,-0.0251256278716028,
,,,-0.18125000078,-0.00935301563004032,-0.0251256278716028,
,,,-0.18020833412,-0.00935301563004032,-0.0263819092651829,
,,,-0.17916666746,-0.00947864376939833,-0.0263819092651829,
,,,-0.1781250008,-0.00960427190875635,-0.0251256278716028,
,,,-0.17708333414,-0.00960427190875635,-0.0263819092651829,
,,,-0.17604166748,-0.00972990004811436,-0.0263819092651829,
,,,-0.17500000082,-0.00985552818747237,-0.0263819092651829,
,,,-0.17395833416,-0.00985552818747237,-0.0251256278716028,
,,,-0.1729166675,-0.00998115632683039,-0.0263819092651829,
,,,-0.17187500084,-0.00998115632683039,-0.0251256278716028,
,,,-0.17083333418,-0.0101067844661884,-0.0251256278716028,
,,,-0.16979166752,-0.0102324126055464,-0.0251256278716028,
,,,-0.16875000086,-0.0103580407449044,-0.0263819092651829,
,,,-0.1677083342,-0.0104836688842624,-0.0251256278716028,
,,,-0.16666666754,-0.0104836688842624,-0.0251256278716028,
,,,-0.16562500088,-0.0106092970236205,-0.0251256278716028,
,,,-0.16458333422,-0.0107349251629785,-0.0263819092651829,
,,,-0.16354166756,-0.0108605533023365,-0.0251256278716028,
,,,-0.1625000009,-0.0109861814416945,-0.0251256278716028,
,,,-0.16145833424,-0.0111118095810525,-0.0263819092651829,
,,,-0.16041666758,-0.0111118095810525,-0.0251256278716028,
,,,-0.15937500092,-0.0113630658597685,-0.0263819092651829,
,,,-0.15833333426,-0.0113630658597685,-0.0251256278716028,
,,,-0.1572916676,-0.0114886939991266,-0.0251256278716028,
,,,-0.15625000094,-0.0116143221384846,-0.0251256278716028,
,,,-0.15520833428,-0.0117399502778426,-0.0251256278716028,
,,,-0.15416666762,-0.0118655784172006,-0.0263819092651829,
,,,-0.15312500096,-0.0119912065565586,-0.0251256278716028,
,,,-0.1520833343,-0.0119912065565586,-0.0251256278716028,
,,,-0.15104166764,-0.0121168346959166,-0.0238693464780226,
,,,-0.15000000098,-0.0122424628352746,-0.0251256278716028,
,,,-0.14895833432,-0.0124937191139907,-0.0263819092651829,
,,,-0.14791666766,-0.0126193472533487,-0.0251256278716028,
,,,-0.146875001,-0.0127449753927067,-0.0251256278716028,
,,,-0.14583333434,-0.0128706035320647,-0.0251256278716028,
,,,-0.14479166768,-0.0129962316714227,-0.0251256278716028,
,,,-0.14375000102,-0.0131218598107807,-0.0251256278716028,
,,,-0.14270833436,-0.0132474879501387,-0.0251256278716028,
,,,-0.1416666677,-0.0133731160894968,-0.0251256278716028,
,,,-0.14062500104,-0.0136243723682128,-0.0251256278716028,
,,,-0.13958333438,-0.0137500005075708,-0.0263819092651829,
,,,-0.13854166772,-0.0138756286469288,-0.0251256278716028,
,,,-0.13750000106,-0.0140012567862868,-0.0263819092651829,
,,,-0.1364583344,-0.0142525130650029,-0.0238693464780226,
,,,-0.13541666774,-0.0143781412043609,-0.0251256278716028,
,,,-0.13437500108,-0.0145037693437189,-0.0251256278716028,
,,,-0.13333333442,-0.0147550256224349,-0.0263819092651829,
,,,-0.13229166776,-0.0150062819011509,-0.0251256278716028,
,,,-0.1312500011,-0.015131910040509,-0.0251256278716028,
,,,-0.13020833444,-0.015257538179867,-0.0251256278716028,
,,,-0.12916666778,-0.015383166319225,-0.0251256278716028,
,,,-0.12812500112,-0.015634422597941,-0.0251256278716028,
,,,-0.12708333446,-0.015885678876657,-0.0263819092651829,
,,,-0.1260416678,-0.0160113070160151,-0.0251256278716028,
,,,-0.12500000114,-0.0163881914340891,-0.0251256278716028,
,,,-0.12395833448,-0.0165138195734471,-0.0251256278716028,
,,,-0.12291666782,-0.0166394477128051,-0.0263819092651829,
,,,-0.12187500116,-0.0168907039915212,-0.0251256278716028,
,,,-0.1208333345,-0.0171419602702372,-0.0251256278716028,
,,,-0.11979166784,-0.0173932165489532,-0.0251256278716028,
,,,-0.11875000118,-0.0176444728276692,-0.0263819092651829,
,,,-0.11770833452,-0.0178957291063853,-0.0251256278716028,
,,,-0.11666666786,-0.0181469853851013,-0.0251256278716028,
,,,-0.1156250012,-0.0183982416638173,-0.0263819092651829,
,,,-0.11458333454,-0.0186494979425333,-0.0263819092651829,
,,,-0.11354166788,-0.0189007542212494,-0.0251256278716028,
,,,-0.11250000122,-0.0191520104999654,-0.0251256278716028,
,,,-0.11145833456,-0.0194032667786814,-0.0251256278716028,
,,,-0.1104166679,-0.0194032667786814,-0.0251256278716028,
,,,-0.10937500124,-0.0195288949180394,-0.0251256278716028,
,,,-0.10833333458,-0.0199057793361135,-0.0251256278716028,
,,,-0.10729166792,-0.0201570356148295,-0.0251256278716028,
,,,-0.10625000126,-0.0205339200329036,-0.0251256278716028,
,,,-0.1052083346,-0.0206595481722616,-0.0238693464780226,
,,,-0.10416666794,-0.0209108044509776,-0.0251256278716028,
,,,-0.10312500128,-0.0212876888690516,-0.0263819092651829,
,,,-0.10208333462,-0.0215389451477677,-0.0263819092651829,
,,,-0.10104166796,-0.0219158295658417,-0.0251256278716028,
,,,-0.1000000013,-0.0224183421232738,-0.0263819092651829,
,,,-0.09895833464,-0.0227952265413478,-0.0238693464780226,
,,,-0.09791666798,-0.0232977390987799,-0.0263819092651829,
,,,-0.09687500132,-0.0236746235168539,-0.0251256278716028,
,,,-0.09583333466,-0.0240515079349279,-0.0238693464780226,
,,,-0.094791668,-0.024428392353002,-0.0251256278716028,
,,,-0.09375000134,-0.024805276771076,-0.0251256278716028,
,,,-0.0927083346799999,-0.0254334174678661,-0.0251256278716028,
,,,-0.09166666802,-0.0258103018859401,-0.0251256278716028,
,,,-0.09062500136,-0.0263128144433722,-0.0251256278716028,
,,,-0.0895833347,-0.0268153270008042,-0.0251256278716028,
,,,-0.08854166804,-0.0273178395582363,-0.0251256278716028,
,,,-0.08750000138,-0.0278203521156684,-0.0251256278716028,
,,,-0.08645833472,-0.0283228646731004,-0.0251256278716028,
,,,-0.08541666806,-0.0290766335092485,-0.0263819092651829,
,,,-0.0843750014,-0.0295791460666806,-0.0263819092651829,
,,,-0.08333333474,-0.0302072867634706,-0.0263819092651829,
,,,-0.08229166808,-0.0308354274602607,-0.0251256278716028,
,,,-0.08125000142,-0.0314635681570508,-0.0251256278716028,
,,,-0.08020833476,-0.0320917088538408,-0.0263819092651829,
,,,-0.0791666680999999,-0.0327198495506309,-0.0263819092651829,
,,,-0.07812500144,-0.033473618386779,-0.0263819092651829,
,,,-0.07708333478,-0.0341017590835691,-0.0251256278716028,
,,,-0.07604166812,-0.0347298997803591,-0.0263819092651829,
,,,-0.07500000146,-0.0354836686165072,-0.0251256278716028,
,,,-0.0739583348,-0.0361118093132973,-0.0251256278716028,
,,,-0.0729166681399999,-0.0368655781494454,-0.0251256278716028,
,,,-0.07187500148,-0.0376193469855934,-0.0238693464780226,
,,,-0.07083333482,-0.0383731158217415,-0.0251256278716028,
,,,-0.06979166816,-0.0391268846578896,-0.0251256278716028,
,,,-0.0687500015,-0.0400062816333957,-0.0263819092651829,
,,,-0.06770833484,-0.0407600504695438,-0.0251256278716028,
,,,-0.06666666818,-0.0415138193056919,-0.0263819092651829,
,,,-0.0656250015199999,-0.042393216281198,-0.0251256278716028,
,,,-0.06458333486,-0.043146985117346,-0.0251256278716028,
,,,-0.0635416682,-0.0440263820928521,-0.0251256278716028,
,,,-0.06250000154,-0.0447801509290002,-0.0251256278716028,
,,,-0.06145833488,-0.0456595479045063,-0.0251256278716028,
,,,-0.06041666822,-0.0464133167406544,-0.0251256278716028,
,,,-0.0593750015599999,-0.0472927137161605,-0.0263819092651829,
,,,-0.0583333349,-0.0480464825523086,-0.0251256278716028,
,,,-0.05729166824,-0.0488002513884567,-0.0263819092651829,
,,,-0.05625000158,-0.0495540202246048,-0.0251256278716028,
,,,-0.05520833492,-0.0501821609213948,-0.0263819092651829,
,,,-0.05416666826,-0.0509359297575429,-0.0251256278716028,
,,,-0.0531250015999999,-0.051564070454333,-0.0251256278716028,
,,,-0.0520833349399999,-0.052192211151123,-0.0251256278716028,
,,,-0.05104166828,-0.0525690955691971,-0.0251256278716028,
,,,-0.05000000162,-0.0531972362659872,-0.0251256278716028,
,,,-0.04895833496,-0.0535741206840612,-0.0251256278716028,
,,,-0.0479166683,-0.0539510051021352,-0.0251256278716028,
,,,-0.04687500164,-0.0542022613808513,-0.0251256278716028,
,,,-0.04583333498,-0.0543278895202093,-0.0251256278716028,
,,,-0.04479166832,-0.0544535176595673,-0.0251256278716028,
,,,-0.04375000166,-0.0545791457989253,-0.0251256278716028,
,,,-0.0427083349999999,-0.0544535176595673,-0.0263819092651829,
,,,-0.0416666683399999,-0.0543278895202093,-0.0251256278716028,
,,,-0.0406250016799999,-0.0540766332414933,-0.0251256278716028,
,,,-0.0395833350199999,-0.0536997488234192,-0.0251256278716028,
,,,-0.0385416683599999,-0.0534484925447032,-0.0263819092651829,
,,,-0.0375000017,-0.0528203518479131,-0.0263819092651829,
,,,-0.03645833504,-0.052192211151123,-0.0251256278716028,
,,,-0.03541666838,-0.051564070454333,-0.0251256278716028,
,,,-0.03437500172,-0.0506846734788269,-0.0263819092651829,
,,,-0.03333333506,-0.0498052765033208,-0.0263819092651829,
,,,-0.0322916684,-0.0486746232490987,-0.0251256278716028,
,,,-0.03125000174,-0.0476695981342345,-0.0251256278716028,
,,,-0.03020833508,-0.0464133167406544,-0.0251256278716028,
,,,-0.0291666684199999,-0.0451570353470743,-0.0251256278716028,
,,,-0.0281250017599999,-0.0437751258141361,-0.0263819092651829,
,,,-0.0270833350999999,-0.042393216281198,-0.0238693464780226,
,,,-0.0260416684399999,-0.0408856786089018,-0.0251256278716028,
,,,-0.0250000017799999,-0.0393781409366056,-0.0251256278716028,
,,,-0.02395833512,-0.0377449751249515,-0.0251256278716028,
,,,-0.02291666846,-0.0361118093132973,-0.0263819092651829,
,,,-0.0218750018,-0.0343530153622851,-0.0251256278716028,
,,,-0.02083333514,-0.0324685932719149,-0.0251256278716028,
,,,-0.01979166848,-0.0305841711815447,-0.0251256278716028,
,,,-0.01875000182,-0.0286997490911745,-0.0251256278716028,
,,,-0.01770833516,-0.0266896988614462,-0.0251256278716028,
,,,-0.0166666685,-0.024679648631718,-0.0238693464780226,
,,,-0.0156250018399999,-0.0225439702626318,-0.0251256278716028,
,,,-0.0145833351799999,-0.0205339200329036,-0.0238693464780226,
,,,-0.0135416685199999,-0.0185238698031753,-0.0263819092651829,
,,,-0.0125000018599999,-0.0163881914340891,-0.0251256278716028,
,,,-0.0114583351999999,-0.0142525130650029,-0.0251256278716028,
,,,-0.01041666854,-0.0119912065565586,-0.0251256278716028,
,,,-0.00937500187999996,-0.00972990004811436,-0.0263819092651829,
,,,-0.00833333521999996,-0.00759422167902812,-0.0251256278716028,
,,,-0.00729166855999996,-0.00533291517058387,-0.0238693464780226,
,,,-0.00625000189999997,-0.00294598052278161,-0.0251256278716028,
,,,-0.00520833523999997,-0.000559045874979347,-0.0263819092651829,
,,,-0.00416666857999998,0.00182788877282292,-0.0251256278716028,
,,,-0.00312500191999998,0.00421482342062518,-0.0251256278716028,
,,,-0.00208333525999993,0.00672738620778546,-0.0251256278716028,
,,,-0.00104166859999993,0.00936557713430375,-0.0238693464780226,
,,,-1.93999993847171E-09,0.012003768060822,-0.0251256278716028,
,,,0.00104166472000006,0.0146419589873403,-0.0251256278716028,
,,,0.00208333138000005,0.0174057780532166,-0.0238693464780226,
,,,0.00312499804000005,0.0201695971190929,-0.0251256278716028,
,,,0.00416666470000004,0.0230590443243273,-0.0238693464780226,
,,,0.00520833136000004,0.0259484915295616,-0.0238693464780226,
,,,0.00624999802000004,0.0289635668741539,-0.0251256278716028,
,,,0.00729166468000003,0.0307223608251661,-0.0251256278716028,
,,,0.00833333134000003,0.0334861798910424,-0.0238693464780226,
,,,0.00937499800000002,0.0365012552356347,-0.0251256278716028,
,,,0.0104166646600001,0.039265074301511,-0.0251256278716028,
,,,0.0114583313200001,0.0424057777854614,-0.0251256278716028,
,,,0.0124999979800001,0.0455464812694117,-0.0238693464780226,
,,,0.0135416646400001,0.0485615566140041,-0.0251256278716028,
,,,0.0145833313000001,0.0519535163766705,-0.0251256278716028,
,,,0.0156249979600001,0.0552198479999788,-0.0238693464780226,
,,,0.01666666462,0.0584861796232872,-0.0251256278716028,
,,,0.01770833128,0.0616268831072375,-0.0251256278716028,
,,,0.01874999794,0.0648932147305459,-0.0251256278716028,
,,,0.0197916646,0.0679082900751382,-0.0251256278716028,
,,,0.02083333126,0.0709233654197305,-0.0251256278716028,
,,,0.02187499792,0.0739384407643229,-0.0251256278716028,
,,,0.02291666458,0.0765766316908412,-0.0251256278716028,
,,,0.0239583312400001,0.0792148226173595,-0.0238693464780226,
,,,0.0249999979000001,0.0816017572651617,-0.0238693464780226,
,,,0.0260416645600001,0.083737435634248,-0.0238693464780226,
,,,0.0270833312200001,0.0854962295852602,-0.0251256278716028,
,,,0.0281249978800001,0.0870037672575563,-0.0251256278716028,
,,,0.0291666645400001,0.0882600486511365,-0.0238693464780226,
,,,0.0302083312,0.0891394456266426,-0.0238693464780226,
,,,0.03124999786,0.0895163300447166,-0.0238693464780226,
,,,0.03229166452,0.0896419581840746,-0.0238693464780226,
,,,0.03333333118,0.0892650737660006,-0.0238693464780226,
,,,0.03437499784,0.0886369330692105,-0.0238693464780226,
,,,0.0354166645,0.0877575360937044,-0.0238693464780226,
,,,0.03645833116,0.0863756265607663,-0.0251256278716028,
,,,0.0374999978200001,0.0848680888884701,-0.0251256278716028,
,,,0.0385416644800001,0.0829836667980999,-0.0251256278716028,
,,,0.0395833311400001,0.0809736165683717,-0.0238693464780226,
,,,0.0406249978000001,0.0787123100599274,-0.0251256278716028,
,,,0.0416666644600001,0.0764510035514832,-0.0251256278716028,
,,,0.0427083311200001,0.0738128126249649,-0.0251256278716028,
,,,0.04374999778,0.0713002498378046,-0.0251256278716028,
,,,0.04479166444,0.0685364307719283,-0.0251256278716028,
,,,0.0458333311,0.06589823984541,-0.0251256278716028,
,,,0.04687499776,0.0631344207795337,-0.0251256278716028,
,,,0.04791666442,0.0603706017136574,-0.0238693464780226,
,,,0.04895833108,0.0576067826477811,-0.0238693464780226,
,,,0.04999999774,0.0548429635819048,-0.0238693464780226,
,,,0.0510416644000001,0.0522047726553865,-0.0251256278716028,
,,,0.0520833310600001,0.0495665817288682,-0.0238693464780226,
,,,0.0531249977200001,0.0470540189417079,-0.0238693464780226,
,,,0.0541666643800001,0.0445414561545476,-0.0238693464780226,
,,,0.0552083310400001,0.0421545215067454,-0.0251256278716028,
,,,0.0562499977000001,0.0398932149983011,-0.0238693464780226,
,,,0.0572916643600001,0.0377575366292149,-0.0251256278716028,
,,,0.05833333102,0.0356218582601286,-0.0251256278716028,
,,,0.05937499768,0.0334861798910424,-0.0238693464780226,
,,,0.06041666434,0.0316017578006722,-0.0263819092651829,
,,,0.061458331,0.029717335710302,-0.0251256278716028,
,,,0.06249999766,0.0279585417592898,-0.0251256278716028,
,,,0.0635416643200001,0.0261997478082776,-0.0263819092651829,
,,,0.0645833309800001,0.0245665819966234,-0.0251256278716028,
,,,0.0656249976400001,0.0229334161849692,-0.0251256278716028,
,,,0.0666666643000001,0.0214258785126731,-0.0238693464780226,
,,,0.0677083309600001,0.0200439689797349,-0.0238693464780226,
,,,0.0687499976200001,0.0187876875861548,-0.0238693464780226,
,,,0.0697916642800001,0.0175314061925747,-0.0238693464780226,
,,,0.0708333309400001,0.0162751247989945,-0.0238693464780226,
,,,0.0718749976,0.0151444715447724,-0.0251256278716028,
,,,0.07291666426,0.0140138182905503,-0.0238693464780226,
,,,0.07395833092,0.0130087931756862,-0.0251256278716028,
,,,0.07499999758,0.012003768060822,-0.0238693464780226,
,,,0.07604166424,0.0111243710853159,-0.0251256278716028,
,,,0.0770833309000001,0.0102449741098098,-0.0251256278716028,
,,,0.0781249975600001,0.00936557713430375,-0.0251256278716028,
,,,0.0791666642200001,0.00873743643751368,-0.0238693464780226,
,,,0.0802083308800001,0.0079836676013656,-0.0251256278716028,
,,,0.0812499975400001,0.00722989876521751,-0.0251256278716028,
,,,0.0822916642000001,0.00647612992906943,-0.0251256278716028,
,,,0.0833333308600001,0.00597361737163737,-0.0251256278716028,
,,,0.0843749975200001,0.00547110481420532,-0.0251256278716028,
,,,0.08541666418,0.00484296411741525,-0.0251256278716028,
,,,0.08645833084,0.00434045155998319,-0.0238693464780226,
,,,0.0874999975,0.00396356714190915,-0.0238693464780226,
,,,0.08854166416,0.0034610545844771,-0.0238693464780226,
,,,0.08958333082,0.00308417016640306,-0.0238693464780226,
,,,0.0906249974800001,0.00270728574832901,-0.0238693464780226,
,,,0.0916666641400001,0.00233040133025497,-0.0251256278716028,
,,,0.0927083308000001,0.00195351691218093,-0.0251256278716028,
,,,0.0937499974600001,0.0017022606334649,-0.0251256278716028,
,,,0.0947916641200001,0.00132537621539086,-0.0238693464780226,
,,,0.0958333307800001,0.00107411993667483,-0.0238693464780226,
,,,0.0968749974400001,0.000822863657958806,-0.0251256278716028,
,,,0.0979166641000001,0.000571607379242778,-0.0238693464780226,
,,,0.09895833076,0.00032035110052675,-0.0251256278716028,
,,,0.09999999742,6.90948218107224E-05,-0.0251256278716028,
,,,0.10104166408,-0.000182161456905305,-0.0251256278716028,
,,,0.10208333074,-0.000307789596263319,-0.0251256278716028,
,,,0.1031249974,-0.000559045874979347,-0.0251256278716028,
,,,0.10416666406,-0.000684674014337361,-0.0251256278716028,
,,,0.10520833072,-0.000935930293053389,-0.0251256278716028,
,,,0.10624999738,-0.0010615584324114,-0.0251256278716028,
,,,0.10729166404,-0.00118718657176942,-0.0251256278716028,
,,,0.1083333307,-0.00131281471112743,-0.0251256278716028,
,,,0.10937499736,-0.00143844285048544,-0.0251256278716028,
,,,0.11041666402,-0.00156407098984346,-0.0251256278716028,
,,,0.11145833068,-0.00168969912920147,-0.0251256278716028,
,,,0.11249999734,-0.00181532726855949,-0.0251256278716028,
,,,0.113541664,-0.00181532726855949,-0.0251256278716028,
,,,0.11458333066,-0.00206658354727551,-0.0251256278716028,
,,,0.11562499732,-0.00206658354727551,-0.0251256278716028,
,,,0.11666666398,-0.00219221168663353,-0.0263819092651829,
,,,0.11770833064,-0.00231783982599154,-0.0251256278716028,
,,,0.1187499973,-0.00231783982599154,-0.0251256278716028,
,,,0.11979166396,-0.00244346796534956,-0.0251256278716028,
,,,0.12083333062,-0.00244346796534956,-0.0251256278716028,
,,,0.12187499728,-0.00256909610470757,-0.0251256278716028,
,,,0.12291666394,-0.00256909610470757,-0.0251256278716028,
,,,0.1239583306,-0.00269472424406558,-0.0251256278716028,
,,,0.12499999726,-0.0028203523834236,-0.0251256278716028,
,,,0.12604166392,-0.0028203523834236,-0.0251256278716028,
,,,0.12708333058,-0.0028203523834236,-0.0251256278716028,
,,,0.12812499724,-0.00294598052278161,-0.0251256278716028,
,,,0.1291666639,-0.00294598052278161,-0.0238693464780226,
,,,0.13020833056,-0.00294598052278161,-0.0251256278716028,
,,,0.13124999722,-0.00294598052278161,-0.0251256278716028,
,,,0.13229166388,-0.00307160866213962,-0.0251256278716028,
,,,0.13333333054,-0.00307160866213962,-0.0263819092651829,
,,,0.1343749972,-0.00319723680149764,-0.0238693464780226,
,,,0.13541666386,-0.00319723680149764,-0.0251256278716028,
,,,0.13645833052,-0.00319723680149764,-0.0251256278716028,
,,,0.13749999718,-0.00332286494085565,-0.0263819092651829,
,,,0.13854166384,-0.00319723680149764,-0.0251256278716028,
,,,0.1395833305,-0.00319723680149764,-0.0263819092651829,
,,,0.14062499716,-0.00332286494085565,-0.0263819092651829,
,,,0.14166666382,-0.00332286494085565,-0.0263819092651829,
,,,0.14270833048,-0.00332286494085565,-0.0238693464780226,
,,,0.14374999714,-0.00332286494085565,-0.0251256278716028,
,,,0.1447916638,-0.00344849308021367,-0.0251256278716028,
,,,0.14583333046,-0.00344849308021367,-0.0251256278716028,
,,,0.14687499712,-0.00344849308021367,-0.0251256278716028,
,,,0.14791666378,-0.00344849308021367,-0.0263819092651829,
,,,0.14895833044,-0.00344849308021367,-0.0251256278716028,
,,,0.1499999971,-0.00344849308021367,-0.0251256278716028,
,,,0.15104166376,-0.00344849308021367,-0.0263819092651829,
,,,0.15208333042,-0.00357412121957168,-0.0263819092651829,
,,,0.15312499708,-0.00357412121957168,-0.0263819092651829,
,,,0.15416666374,-0.00357412121957168,-0.0276381906587631,
,,,0.1552083304,-0.00357412121957168,-0.0263819092651829,
,,,0.15624999706,-0.00357412121957168,-0.0263819092651829,
,,,0.15729166372,-0.00357412121957168,-0.0276381906587631,
,,,0.15833333038,-0.00357412121957168,-0.0276381906587631,
,,,0.15937499704,-0.00357412121957168,-0.0276381906587631,
,,,0.1604166637,-0.00357412121957168,-0.0288944720523432,
,,,0.16145833036,-0.00357412121957168,-0.0288944720523432,
,,,0.16249999702,-0.00357412121957168,-0.0288944720523432,
,,,0.16354166368,-0.00357412121957168,-0.0288944720523432,
,,,0.16458333034,-0.00369974935892969,-0.0301507534459233,
,,,0.165624997,-0.00369974935892969,-0.0301507534459233,
,,,0.16666666366,-0.00369974935892969,-0.0301507534459233,
,,,0.16770833032,-0.00369974935892969,-0.0301507534459233,
,,,0.16874999698,-0.00369974935892969,-0.0314070348395035,
,,,0.16979166364,-0.00369974935892969,-0.0314070348395035,
,,,0.1708333303,-0.00369974935892969,-0.0326633162330836,
,,,0.17187499696,-0.00369974935892969,-0.0339195976266637,
,,,0.17291666362,-0.00369974935892969,-0.0339195976266637,
,,,0.17395833028,-0.00369974935892969,-0.0351758790202439,
,,,0.17499999694,-0.00369974935892969,-0.036432160413824,
,,,0.1760416636,-0.00369974935892969,-0.0376884418074042,
,,,0.17708333026,-0.00369974935892969,-0.0402010045945644,
,,,0.17812499692,-0.00369974935892969,-0.0402010045945644,
,,,0.17916666358,-0.00369974935892969,-0.0439698487753049,
,,,0.18020833024,-0.00369974935892969,-0.0464824115624651,
,,,0.1812499969,-0.00369974935892969,-0.0489949743496254,
,,,0.18229166356,-0.00369974935892969,-0.0515075371367857,
,,,0.18333333022,-0.00369974935892969,-0.0552763813175261,
,,,0.18437499688,-0.00369974935892969,-0.0603015068918467,
,,,0.18541666354,-0.00369974935892969,-0.0653266324661672,
,,,0.1864583302,-0.00369974935892969,-0.0703517580404878,
,,,0.18749999686,-0.00369974935892969,-0.0766331650083885,
,,,0.18854166352,-0.00369974935892969,-0.0854271347634494,
,,,0.18958333018,-0.00369974935892969,-0.0954773859120905,
,,,0.19062499684,-0.00369974935892969,-0.106783918454312,
,,,0.1916666635,-0.00369974935892969,-0.119346732390113,
,,,0.19270833016,-0.00369974935892969,-0.139447234687395,
,,,0.19374999682,-0.00382537749828771,-0.160804018378258,
,,,0.19479166348,-0.00382537749828771,-0.187185927643441,
,,,0.19583333014,-0.00382537749828771,-0.221105525270104,
,,,0.1968749968,-0.00382537749828771,-0.265075374045409,
,,,0.19791666346,-0.00382537749828771,-0.319095473969355,
,,,0.19895833012,-0.00382537749828771,-0.385678387829103,
,,,0.19999999678,-0.00382537749828771,-0.469849241198972,
,,,0.20104166344,-0.00382537749828771,-0.580402003834024,
,,,0.2020833301,-0.00382537749828771,-0.714824112947099,
,,,0.20312499676,-0.00382537749828771,-0.875628131325357,
,,,0.20416666342,-0.00382537749828771,-1.05527637060732,
,,,0.20520833008,-0.00395100563764572,-1.22989948431496,
,,,0.20624999674,-0.00382537749828771,-1.34673365391791,
,,,0.2072916634,-0.00382537749828771,-1.34924621670507,
,,,0.20833333006,-0.00395100563764572,-1.21356782619841,
,,,0.20937499672,-0.00382537749828771,-0.947236170759425,
,,,0.21041666338,-0.00382537749828771,-0.597989943344146,
,,,0.21145833004,-0.00382537749828771,-0.202261304366402,
,,,0.2124999967,-0.00395100563764572,0.198492460185662,
,,,0.21354166336,-0.00382537749828771,0.613065320067108,
,,,0.21458333002,-0.00382537749828771,0.981155768386088,
,,,0.21562499668,-0.00382537749828771,1.25125626800582,
,,,0.21666666334,-0.00382537749828771,1.37185928178951,
,,,0.21770833,-0.00382537749828771,1.33668340276927,
,,,0.21874999666,-0.00382537749828771,1.18592963553965,
,,,0.21979166332,-0.00382537749828771,0.99246230092831,
,,,0.22083332998,-0.00382537749828771,0.800251247710548,
,,,0.22187499664,-0.00382537749828771,0.63693466654513,
,,,0.2229166633,-0.00382537749828771,0.499999994644895,
,,,0.22395832996,-0.00382537749828771,0.391959794797003,
,,,0.22499999662,-0.00382537749828771,0.310301504214294,
,,,0.22604166328,-0.00382537749828771,0.243718590354547,
,,,0.22708332994,-0.00382537749828771,0.189698490430601,
,,,0.2281249966,-0.00395100563764572,0.150753767229617,
,,,0.22916666326,-0.00382537749828771,0.118090450996533,
,,,0.23020832992,-0.00395100563764572,0.0917085417313501,
,,,0.23124999658,-0.00395100563764572,0.0716080394340679,
,,,0.23229166324,-0.00395100563764572,0.0552763813175261,
,,,0.2333333299,-0.00395100563764572,0.0427135673817247,
,,,0.23437499656,-0.00395100563764572,0.0326633162330836,
,,,0.23541666322,-0.00395100563764572,0.0251256278716028,
,,,0.23645832988,-0.00395100563764572,0.0175879395101219,
,,,0.23749999654,-0.00395100563764572,0.0113065325422212,
,,,0.2385416632,-0.00395100563764572,0.00628140696790069,
,,,0.23958332986,-0.00395100563764572,0.00125628139358014,
,,,0.24062499652,-0.00382537749828771,-0.00125628139358014,
,,,0.24166666318,-0.00382537749828771,-0.00376884418074042,
,,,0.24270832984,-0.00395100563764572,-0.00628140696790069,
,,,0.2437499965,-0.00395100563764572,-0.00879396975506097,
,,,0.24479166316,-0.00382537749828771,-0.0100502511486411,
,,,0.24583332982,-0.00382537749828771,-0.0125628139358014,
,,,0.24687499648,-0.00382537749828771,-0.0138190953293815,
,,,0.24791666314,-0.00395100563764572,-0.0150753767229617,
,,,0.2489583298,-0.00395100563764572,-0.0150753767229617,
,,,0.24999999646,-0.00382537749828771,-0.0175879395101219,
,,,0.25104166312,-0.00382537749828771,-0.0175879395101219,
,,,0.25208332978,-0.00395100563764572,-0.0188442209037021,
,,,0.25312499644,-0.00395100563764572,-0.0188442209037021,
,,,0.2541666631,-0.00382537749828771,-0.0188442209037021,
,,,0.25520832976,-0.00382537749828771,-0.0188442209037021,
,,,0.25624999642,-0.00395100563764572,-0.0213567836908624,
,,,0.25729166308,-0.00382537749828771,-0.0201005022972822,
,,,0.25833332974,-0.00382537749828771,-0.0213567836908624,
,,,0.2593749964,-0.00382537749828771,-0.0213567836908624,
,,,0.26041666306,-0.00382537749828771,-0.0226130650844425,
,,,0.26145832972,-0.00395100563764572,-0.0226130650844425,
,,,0.26249999638,-0.00382537749828771,-0.0226130650844425,
,,,0.26354166304,-0.00382537749828771,-0.0226130650844425,
,,,0.2645833297,-0.00382537749828771,-0.0213567836908624,
,,,0.26562499636,-0.00382537749828771,-0.0213567836908624,
,,,0.26666666302,-0.00382537749828771,-0.0226130650844425,
,,,0.26770832968,-0.00382537749828771,-0.0226130650844425,
,,,0.26874999634,-0.00382537749828771,-0.0226130650844425,
,,,0.269791663,-0.00382537749828771,-0.0226130650844425,
,,,0.27083332966,-0.00395100563764572,-0.0226130650844425,
,,,0.27187499632,-0.00382537749828771,-0.0226130650844425,
,,,0.27291666298,-0.00382537749828771,-0.0238693464780226,
,,,0.27395832964,-0.00382537749828771,-0.0226130650844425,
,,,0.2749999963,-0.00395100563764572,-0.0238693464780226,
,,,0.27604166296,-0.00382537749828771,-0.0251256278716028,
,,,0.27708332962,-0.00382537749828771,-0.0238693464780226,
,,,0.27812499628,-0.00395100563764572,-0.0238693464780226,
,,,0.27916666294,-0.00382537749828771,-0.0238693464780226,
,,,0.2802083296,-0.00382537749828771,-0.0251256278716028,
,,,0.28124999626,-0.00382537749828771,-0.0251256278716028,
,,,0.28229166292,-0.00382537749828771,-0.0251256278716028,
,,,0.28333332958,-0.00382537749828771,-0.0238693464780226,
,,,0.28437499624,-0.00382537749828771,-0.0251256278716028,
,,,0.2854166629,-0.00382537749828771,-0.0251256278716028,
,,,0.28645832956,-0.00382537749828771,-0.0251256278716028,
,,,0.28749999622,-0.00382537749828771,-0.0251256278716028,
,,,0.28854166288,-0.00382537749828771,-0.0251256278716028,
,,,0.28958332954,-0.00382537749828771,-0.0238693464780226,
,,,0.2906249962,-0.00382537749828771,-0.0251256278716028,
,,,0.29166666286,-0.00382537749828771,-0.0251256278716028,
,,,0.29270832952,-0.00382537749828771,-0.0251256278716028,
,,,0.29374999618,-0.00382537749828771,-0.0251256278716028,
,,,0.29479166284,-0.00382537749828771,-0.0251256278716028,
,,,0.2958333295,-0.00382537749828771,-0.0251256278716028,
,,,0.29687499616,-0.00395100563764572,-0.0263819092651829,
,,,0.29791666282,-0.00395100563764572,-0.0251256278716028,
,,,0.29895832948,-0.00382537749828771,-0.0251256278716028,
,,,0.29999999614,-0.00382537749828771,-0.0238693464780226,
,,,0.3010416628,-0.00382537749828771,-0.0251256278716028,
,,,0.30208332946,-0.00382537749828771,-0.0251256278716028,
,,,0.30312499612,-0.00382537749828771,-0.0251256278716028,
,,,0.30416666278,-0.00382537749828771,-0.0238693464780226,
,,,0.30520832944,-0.00382537749828771,-0.0251256278716028,
,,,0.3062499961,-0.00382537749828771,-0.0251256278716028,
,,,0.30729166276,-0.00382537749828771,-0.0251256278716028,
,,,0.30833332942,-0.00382537749828771,-0.0238693464780226,
,,,0.30937499608,-0.00382537749828771,-0.0251256278716028,
,,,0.31041666274,-0.00382537749828771,-0.0238693464780226,
,,,0.3114583294,-0.00382537749828771,-0.0238693464780226,
,,,0.31249999606,-0.00382537749828771,-0.0238693464780226,
,,,0.31354166272,-0.00382537749828771,-0.0251256278716028,
,,,0.31458332938,-0.00395100563764572,-0.0251256278716028,
,,,0.31562499604,-0.00382537749828771,-0.0251256278716028,
,,,0.3166666627,-0.00382537749828771,-0.0251256278716028,
,,,0.31770832936,-0.00382537749828771,-0.0251256278716028,
,,,0.31874999602,-0.00382537749828771,-0.0251256278716028,
,,,0.31979166268,-0.00382537749828771,-0.0251256278716028,
,,,0.32083332934,-0.00382537749828771,-0.0251256278716028,
,,,0.321874996,-0.00382537749828771,-0.0263819092651829,
,,,0.32291666266,-0.00382537749828771,-0.0238693464780226,
,,,0.32395832932,-0.00382537749828771,-0.0238693464780226,
,,,0.32499999598,-0.00382537749828771,-0.0251256278716028,
,,,0.32604166264,-0.00382537749828771,-0.0251256278716028,
,,,0.3270833293,-0.00395100563764572,-0.0251256278716028,
,,,0.32812499596,-0.00382537749828771,-0.0238693464780226,
,,,0.32916666262,-0.00382537749828771,-0.0238693464780226,
,,,0.33020832928,-0.00382537749828771,-0.0251256278716028,
,,,0.33124999594,-0.00395100563764572,-0.0251256278716028,
,,,0.3322916626,-0.00382537749828771,-0.0251256278716028,
,,,0.33333332926,-0.00382537749828771,-0.0251256278716028,
,,,0.33437499592,-0.00382537749828771,-0.0251256278716028,
,,,0.33541666258,-0.00382537749828771,-0.0251256278716028,
,,,0.33645832924,-0.00382537749828771,-0.0251256278716028,
,,,0.3374999959,-0.00382537749828771,-0.0251256278716028,
,,,0.33854166256,-0.00382537749828771,-0.0263819092651829,
,,,0.33958332922,-0.00395100563764572,-0.0251256278716028,
,,,0.34062499588,-0.00382537749828771,-0.0263819092651829,
,,,0.34166666254,-0.00382537749828771,-0.0251256278716028,
,,,0.3427083292,-0.00382537749828771,-0.0251256278716028,
,,,0.34374999586,-0.00382537749828771,-0.0251256278716028,
,,,0.34479166252,-0.00382537749828771,-0.0251256278716028,
,,,0.34583332918,-0.00382537749828771,-0.0251256278716028,
,,,0.34687499584,-0.00382537749828771,-0.0251256278716028,
,,,0.3479166625,-0.00382537749828771,-0.0251256278716028,
,,,0.34895832916,-0.00382537749828771,-0.0251256278716028,
,,,0.34999999582,-0.00382537749828771,-0.0251256278716028,
,,,0.35104166248,-0.00382537749828771,-0.0251256278716028,
,,,0.35208332914,-0.00382537749828771,-0.0251256278716028,
,,,0.3531249958,-0.00382537749828771,-0.0251256278716028,
,,,0.35416666246,-0.00382537749828771,-0.0251256278716028,
,,,0.35520832912,-0.00382537749828771,-0.0251256278716028,
,,,0.35624999578,-0.00382537749828771,-0.0251256278716028,
,,,0.35729166244,-0.00382537749828771,-0.0251256278716028,
,,,0.3583333291,-0.00382537749828771,-0.0251256278716028,
,,,0.35937499576,-0.00395100563764572,-0.0238693464780226,
,,,0.36041666242,-0.00382537749828771,-0.0263819092651829,
,,,0.36145832908,-0.00382537749828771,-0.0263819092651829,
,,,0.36249999574,-0.00382537749828771,-0.0251256278716028,
,,,0.3635416624,-0.00382537749828771,-0.0251256278716028,
,,,0.36458332906,-0.00382537749828771,-0.0238693464780226,
,,,0.36562499572,-0.00382537749828771,-0.0251256278716028,
,,,0.36666666238,-0.00382537749828771,-0.0263819092651829,
,,,0.36770832904,-0.00382537749828771,-0.0251256278716028,
,,,0.3687499957,-0.00382537749828771,-0.0251256278716028,
,,,0.36979166236,-0.00382537749828771,-0.0251256278716028,
,,,0.37083332902,-0.00382537749828771,-0.0251256278716028,
,,,0.37187499568,-0.00382537749828771,-0.0251256278716028,
,,,0.37291666234,-0.00382537749828771,-0.0251256278716028,
,,,0.373958329,-0.00382537749828771,-0.0251256278716028,
,,,0.37499999566,-0.00382537749828771,-0.0238693464780226,
,,,0.37604166232,-0.00382537749828771,-0.0251256278716028,
,,,0.37708332898,-0.00382537749828771,-0.0251256278716028,
,,,0.37812499564,-0.00382537749828771,-0.0251256278716028,
,,,0.3791666623,-0.00382537749828771,-0.0251256278716028,
,,,0.38020832896,-0.00382537749828771,-0.0263819092651829,
,,,0.38124999562,-0.00382537749828771,-0.0263819092651829,
,,,0.38229166228,-0.00382537749828771,-0.0251256278716028,
,,,0.38333332894,-0.00382537749828771,-0.0238693464780226,
,,,0.3843749956,-0.00382537749828771,-0.0251256278716028,
,,,0.38541666226,-0.00382537749828771,-0.0251256278716028,
,,,0.38645832892,-0.00382537749828771,-0.0251256278716028,
,,,0.38749999558,-0.00382537749828771,-0.0251256278716028,
,,,0.38854166224,-0.00382537749828771,-0.0251256278716028,
,,,0.3895833289,-0.00382537749828771,-0.0238693464780226,
,,,0.39062499556,-0.00382537749828771,-0.0263819092651829,
,,,0.39166666222,-0.00395100563764572,-0.0251256278716028,
,,,0.39270832888,-0.00382537749828771,-0.0251256278716028,
,,,0.39374999554,-0.00395100563764572,-0.0251256278716028,
,,,0.3947916622,-0.00395100563764572,-0.0251256278716028,
,,,0.39583332886,-0.00382537749828771,-0.0251256278716028,
,,,0.39687499552,-0.00382537749828771,-0.0251256278716028,
,,,0.39791666218,-0.00395100563764572,-0.0251256278716028,
,,,0.39895832884,-0.00382537749828771,-0.0238693464780226,
,,,0.3999999955,-0.00395100563764572,-0.0251256278716028,
,,,0.40104166216,-0.00382537749828771,-0.0251256278716028,
,,,0.40208332882,-0.00395100563764572,-0.0251256278716028,
,,,0.40312499548,-0.00395100563764572,-0.0238693464780226,
,,,0.40416666214,-0.00382537749828771,-0.0238693464780226,
,,,0.4052083288,-0.00395100563764572,-0.0251256278716028,
,,,0.40624999546,-0.00395100563764572,-0.0238693464780226,
,,,0.40729166212,-0.00382537749828771,-0.0263819092651829,
,,,0.40833332878,-0.00382537749828771,-0.0251256278716028,
,,,0.40937499544,-0.00382537749828771,-0.0251256278716028,
,,,0.4104166621,-0.00382537749828771,-0.0251256278716028,
,,,0.41145832876,-0.00382537749828771,-0.0251256278716028,
,,,0.41249999542,-0.00395100563764572,-0.0251256278716028,
,,,0.41354166208,-0.00382537749828771,-0.0251256278716028,
,,,0.41458332874,-0.00382537749828771,-0.0251256278716028,
,,,0.4156249954,-0.00382537749828771,-0.0251256278716028,
,,,0.41666666206,-0.00395100563764572,-0.0238693464780226,
,,,0.41770832872,-0.00382537749828771,-0.0251256278716028,
,,,0.41874999538,-0.00382537749828771,-0.0251256278716028,
,,,0.41979166204,-0.00382537749828771,-0.0238693464780226,
,,,0.4208333287,-0.00382537749828771,-0.0263819092651829,
,,,0.42187499536,-0.00382537749828771,-0.0251256278716028,
,,,0.42291666202,-0.00382537749828771,-0.0251256278716028,
,,,0.42395832868,-0.00382537749828771,-0.0251256278716028,
,,,0.42499999534,-0.00382537749828771,-0.0238693464780226,
,,,0.426041662,-0.00382537749828771,-0.0251256278716028,
,,,0.42708332866,-0.00395100563764572,-0.0263819092651829,
,,,0.42812499532,-0.00395100563764572,-0.0251256278716028,
,,,0.42916666198,-0.00382537749828771,-0.0251256278716028,
,,,0.43020832864,-0.00382537749828771,-0.0251256278716028,
,,,0.4312499953,-0.00382537749828771,-0.0251256278716028,
,,,0.43229166196,-0.00382537749828771,-0.0251256278716028,
,,,0.43333332862,-0.00382537749828771,-0.0263819092651829,
,,,0.43437499528,-0.00382537749828771,-0.0238693464780226,
,,,0.43541666194,-0.00395100563764572,-0.0251256278716028,
,,,0.4364583286,-0.00382537749828771,-0.0251256278716028,
,,,0.43749999526,-0.00382537749828771,-0.0263819092651829,
,,,0.43854166192,-0.00382537749828771,-0.0263819092651829,
,,,0.43958332858,-0.00382537749828771,-0.0263819092651829,
,,,0.44062499524,-0.00382537749828771,-0.0263819092651829,
,,,0.4416666619,-0.00382537749828771,-0.0263819092651829,
,,,0.44270832856,-0.00395100563764572,-0.0251256278716028,
,,,0.44374999522,-0.00395100563764572,-0.0251256278716028,
,,,0.44479166188,-0.00382537749828771,-0.0251256278716028,
,,,0.44583332854,-0.00382537749828771,-0.0251256278716028,
,,,0.4468749952,-0.00395100563764572,-0.0251256278716028,
,,,0.44791666186,-0.00382537749828771,-0.0251256278716028,
,,,0.44895832852,-0.00382537749828771,-0.0251256278716028,
,,,0.44999999518,-0.00382537749828771,-0.0251256278716028,
,,,0.45104166184,-0.00382537749828771,-0.0238693464780226,
,,,0.4520833285,-0.00382537749828771,-0.0263819092651829,
,,,0.45312499516,-0.00382537749828771,-0.0251256278716028,
,,,0.45416666182,-0.00382537749828771,-0.0251256278716028,
,,,0.45520832848,-0.00382537749828771,-0.0251256278716028,
,,,0.45624999514,-0.00382537749828771,-0.0251256278716028,
,,,0.4572916618,-0.00382537749828771,-0.0251256278716028,
,,,0.45833332846,-0.00382537749828771,-0.0251256278716028,
,,,0.45937499512,-0.00382537749828771,-0.0251256278716028,
,,,0.46041666178,-0.00382537749828771,-0.0263819092651829,
,,,0.46145832844,-0.00382537749828771,-0.0263819092651829,
,,,0.4624999951,-0.00395100563764572,-0.0251256278716028,
,,,0.46354166176,-0.00382537749828771,-0.0251256278716028,
,,,0.46458332842,-0.00382537749828771,-0.0251256278716028,
,,,0.46562499508,-0.00382537749828771,-0.0263819092651829,
,,,0.46666666174,-0.00382537749828771,-0.0251256278716028,
,,,0.4677083284,-0.00382537749828771,-0.0251256278716028,
,,,0.46874999506,-0.00382537749828771,-0.0251256278716028,
,,,0.46979166172,-0.00382537749828771,-0.0251256278716028,
,,,0.47083332838,-0.00382537749828771,-0.0251256278716028,
,,,0.47187499504,-0.00382537749828771,-0.0251256278716028,
,,,0.4729166617,-0.00382537749828771,-0.0251256278716028,
,,,0.47395832836,-0.00382537749828771,-0.0251256278716028,
,,,0.47499999502,-0.00382537749828771,-0.0238693464780226,
,,,0.47604166168,-0.00382537749828771,-0.0238693464780226,
,,,0.47708332834,-0.00382537749828771,-0.0263819092651829,
,,,0.478124995,-0.00382537749828771,-0.0251256278716028,
,,,0.47916666166,-0.00395100563764572,-0.0251256278716028,
,,,0.48020832832,-0.00382537749828771,-0.0251256278716028,
,,,0.48124999498,-0.00382537749828771,-0.0251256278716028,
,,,0.48229166164,-0.00382537749828771,-0.0251256278716028,
,,,0.4833333283,-0.00382537749828771,-0.0251256278716028,
,,,0.48437499496,-0.00382537749828771,-0.0251256278716028,
,,,0.48541666162,-0.00382537749828771,-0.0251256278716028,
,,,0.48645832828,-0.00395100563764572,-0.0251256278716028,
,,,0.48749999494,-0.00382537749828771,-0.0251256278716028,
,,,0.4885416616,-0.00382537749828771,-0.0251256278716028,
,,,0.48958332826,-0.00382537749828771,-0.0251256278716028,
,,,0.49062499492,-0.00382537749828771,-0.0251256278716028,
,,,0.49166666158,-0.00382537749828771,-0.0251256278716028,
,,,0.49270832824,-0.00382537749828771,-0.0251256278716028,
,,,0.4937499949,-0.00382537749828771,-0.0251256278716028,
,,,0.49479166156,-0.00382537749828771,-0.0238693464780226,
,,,0.49583332822,-0.00382537749828771,-0.0238693464780226,
,,,0.49687499488,-0.00382537749828771,-0.0238693464780226,
,,,0.49791666154,-0.00382537749828771,-0.0263819092651829,
,,,0.4989583282,-0.00382537749828771,-0.0251256278716028,
,,,0.49999999486,-0.00382537749828771,-0.0251256278716028,
,,,0.50104166152,-0.00382537749828771,-0.0251256278716028,
,,,0.50208332818,-0.00382537749828771,-0.0251256278716028,
,,,0.50312499484,-0.00382537749828771,-0.0251256278716028,
,,,0.5041666615,-0.00395100563764572,-0.0251256278716028,
,,,0.50520832816,-0.00382537749828771,-0.0238693464780226,
,,,0.50624999482,-0.00382537749828771,-0.0251256278716028,
,,,0.50729166148,-0.00382537749828771,-0.0251256278716028,
,,,0.50833332814,-0.00382537749828771,-0.0238693464780226,
,,,0.5093749948,-0.00382537749828771,-0.0238693464780226,
,,,0.51041666146,-0.00382537749828771,-0.0263819092651829,
,,,0.51145832812,-0.00382537749828771,-0.0251256278716028,
,,,0.51249999478,-0.00395100563764572,-0.0251256278716028,
,,,0.51354166144,-0.00382537749828771,-0.0251256278716028,
,,,0.5145833281,-0.00382537749828771,-0.0251256278716028,
,,,0.51562499476,-0.00382537749828771,-0.0238693464780226,
,,,0.51666666142,-0.00382537749828771,-0.0263819092651829,
,,,0.51770832808,-0.00382537749828771,-0.0251256278716028,
,,,0.51874999474,-0.00382537749828771,-0.0263819092651829,
,,,0.5197916614,-0.00382537749828771,-0.0251256278716028,
,,,0.52083332806,-0.00382537749828771,-0.0263819092651829,
,,,0.52187499472,-0.00382537749828771,-0.0251256278716028,
,,,0.52291666138,-0.00382537749828771,-0.0251256278716028,
,,,0.52395832804,-0.00382537749828771,-0.0238693464780226,
,,,0.5249999947,-0.00382537749828771,-0.0263819092651829,
,,,0.52604166136,-0.00395100563764572,-0.0263819092651829,
,,,0.52708332802,-0.00382537749828771,-0.0263819092651829,
,,,0.52812499468,-0.00395100563764572,-0.0251256278716028,
,,,0.52916666134,-0.00395100563764572,-0.0251256278716028,
,,,0.530208328,-0.00382537749828771,-0.0251256278716028,
,,,0.53124999466,-0.00395100563764572,-0.0263819092651829,
,,,0.53229166132,-0.00395100563764572,-0.0263819092651829,
,,,0.53333332798,-0.00395100563764572,-0.0251256278716028,
,,,0.53437499464,-0.00395100563764572,-0.0251256278716028,
,,,0.5354166613,-0.00395100563764572,-0.0251256278716028,
,,,0.53645832796,-0.00382537749828771,-0.0263819092651829,
,,,0.53749999462,-0.00395100563764572,-0.0251256278716028,
,,,0.53854166128,-0.00382537749828771,-0.0251256278716028,
,,,0.53958332794,-0.00395100563764572,-0.0251256278716028,
,,,0.5406249946,-0.00395100563764572,-0.0251256278716028,
,,,0.54166666126,-0.00382537749828771,-0.0251256278716028,
,,,0.54270832792,-0.00395100563764572,-0.0251256278716028,
,,,0.54374999458,-0.00395100563764572,-0.0251256278716028,
,,,0.54479166124,-0.00395100563764572,-0.0238693464780226,
,,,0.5458333279,-0.00395100563764572,-0.0251256278716028,
,,,0.54687499456,-0.00382537749828771,-0.0251256278716028,
,,,0.54791666122,-0.00395100563764572,-0.0251256278716028,
,,,0.54895832788,-0.00395100563764572,-0.0251256278716028,
,,,0.54999999454,-0.00382537749828771,-0.0251256278716028,
,,,0.5510416612,-0.00382537749828771,-0.0251256278716028,
,,,0.55208332786,-0.00395100563764572,-0.0251256278716028,
,,,0.55312499452,-0.00395100563764572,-0.0251256278716028,
,,,0.55416666118,-0.00395100563764572,-0.0263819092651829,
,,,0.55520832784,-0.00395100563764572,-0.0238693464780226,
,,,0.5562499945,-0.00382537749828771,-0.0238693464780226,
,,,0.55729166116,-0.00395100563764572,-0.0251256278716028,
,,,0.55833332782,-0.00395100563764572,-0.0251256278716028,
,,,0.55937499448,-0.00395100563764572,-0.0238693464780226,
,,,0.56041666114,-0.00395100563764572,-0.0263819092651829,
,,,0.5614583278,-0.00382537749828771,-0.0251256278716028,
,,,0.56249999446,-0.00395100563764572,-0.0251256278716028,
,,,0.56354166112,-0.00395100563764572,-0.0251256278716028,
,,,0.56458332778,-0.00382537749828771,-0.0251256278716028,
,,,0.56562499444,-0.00395100563764572,-0.0251256278716028,
,,,0.5666666611,-0.00382537749828771,-0.0251256278716028,
,,,0.56770832776,-0.00395100563764572,-0.0251256278716028,
,,,0.56874999442,-0.00395100563764572,-0.0251256278716028,
,,,0.56979166108,-0.00382537749828771,-0.0251256278716028,
,,,0.57083332774,-0.00382537749828771,-0.0251256278716028,
,,,0.5718749944,-0.00395100563764572,-0.0251256278716028,
,,,0.57291666106,-0.00395100563764572,-0.0251256278716028,
,,,0.57395832772,-0.00382537749828771,-0.0251256278716028,
,,,0.57499999438,-0.00395100563764572,-0.0251256278716028,
,,,0.57604166104,-0.00382537749828771,-0.0238693464780226,
,,,0.5770833277,-0.00382537749828771,-0.0251256278716028,
,,,0.57812499436,-0.00382537749828771,-0.0238693464780226,
,,,0.57916666102,-0.00382537749828771,-0.0238693464780226,
,,,0.58020832768,-0.00395100563764572,-0.0251256278716028,
,,,0.58124999434,-0.00395100563764572,-0.0251256278716028,
,,,0.582291661,-0.00395100563764572,-0.0251256278716028,
,,,0.58333332766,-0.00382537749828771,-0.0251256278716028,
,,,0.58437499432,-0.00382537749828771,-0.0238693464780226,
,,,0.58541666098,-0.00395100563764572,-0.0263819092651829,
,,,0.58645832764,-0.00395100563764572,-0.0251256278716028,
,,,0.5874999943,-0.00382537749828771,-0.0251256278716028,
,,,0.58854166096,-0.00382537749828771,-0.0251256278716028,
,,,0.58958332762,-0.00382537749828771,-0.0251256278716028,
,,,0.59062499428,-0.00382537749828771,-0.0251256278716028,
,,,0.59166666094,-0.00382537749828771,-0.0238693464780226,
,,,0.5927083276,-0.00382537749828771,-0.0251256278716028,
,,,0.59374999426,-0.00382537749828771,-0.0251256278716028,
,,,0.59479166092,-0.00382537749828771,-0.0238693464780226,
,,,0.59583332758,-0.00382537749828771,-0.0238693464780226,
,,,0.59687499424,-0.00395100563764572,-0.0251256278716028,
,,,0.5979166609,-0.00395100563764572,-0.0251256278716028,
,,,0.59895832756,-0.00382537749828771,-0.0251256278716028,
,,,0.59999999422,-0.00382537749828771,-0.0263819092651829,
,,,0.60104166088,-0.00382537749828771,-0.0263819092651829,
,,,0.60208332754,-0.00382537749828771,-0.0251256278716028,
,,,0.6031249942,-0.00382537749828771,-0.0251256278716028,
,,,0.60416666086,-0.00382537749828771,-0.0251256278716028,
,,,0.60520832752,-0.00395100563764572,-0.0251256278716028,
,,,0.60624999418,-0.00382537749828771,-0.0251256278716028,
,,,0.60729166084,-0.00382537749828771,-0.0251256278716028,
,,,0.6083333275,-0.00395100563764572,-0.0238693464780226,
,,,0.60937499416,-0.00395100563764572,-0.0251256278716028,
,,,0.61041666082,-0.00395100563764572,-0.0251256278716028,
,,,0.61145832748,-0.00382537749828771,-0.0251256278716028,
,,,0.61249999414,-0.00382537749828771,-0.0251256278716028,
,,,0.6135416608,-0.00382537749828771,-0.0251256278716028,
,,,0.61458332746,-0.00382537749828771,-0.0251256278716028,
,,,0.61562499412,-0.00395100563764572,-0.0251256278716028,
,,,0.61666666078,-0.00395100563764572,-0.0238693464780226,
,,,0.61770832744,-0.00382537749828771,-0.0263819092651829,
,,,0.6187499941,-0.00395100563764572,-0.0238693464780226,
,,,0.61979166076,-0.00395100563764572,-0.0251256278716028,
,,,0.62083332742,-0.00382537749828771,-0.0251256278716028,
,,,0.62187499408,-0.00395100563764572,-0.0251256278716028,
,,,0.62291666074,-0.00395100563764572,-0.0251256278716028,
,,,0.6239583274,-0.00395100563764572,-0.0251256278716028,
,,,0.62499999406,-0.00395100563764572,-0.0251256278716028,
,,,0.62604166072,-0.00395100563764572,-0.0251256278716028,
,,,0.62708332738,-0.00395100563764572,-0.0251256278716028,
,,,0.62812499404,-0.00382537749828771,-0.0251256278716028,
,,,0.6291666607,-0.00382537749828771,-0.0238693464780226,
,,,0.63020832736,-0.00395100563764572,-0.0251256278716028,
,,,0.63124999402,-0.00395100563764572,-0.0251256278716028,
,,,0.63229166068,-0.00395100563764572,-0.0251256278716028,
,,,0.63333332734,-0.00382537749828771,-0.0251256278716028,
,,,0.634374994,-0.00395100563764572,-0.0251256278716028,
,,,0.63541666066,-0.00382537749828771,-0.0238693464780226,
,,,0.63645832732,-0.00395100563764572,-0.0251256278716028,
,,,0.63749999398,-0.00395100563764572,-0.0251256278716028,
,,,0.63854166064,-0.00395100563764572,-0.0251256278716028,
,,,0.6395833273,-0.00382537749828771,-0.0238693464780226,
,,,0.64062499396,-0.00395100563764572,-0.0263819092651829,
,,,0.64166666062,-0.00382537749828771,-0.0263819092651829,
,,,0.64270832728,-0.00395100563764572,-0.0251256278716028,
,,,0.64374999394,-0.00382537749828771,-0.0251256278716028,
,,,0.6447916606,-0.00382537749828771,-0.0251256278716028,
,,,0.64583332726,-0.00382537749828771,-0.0251256278716028,
,,,0.64687499392,-0.00382537749828771,-0.0251256278716028,
,,,0.64791666058,-0.00382537749828771,-0.0251256278716028,
,,,0.64895832724,-0.00382537749828771,-0.0251256278716028,
,,,0.6499999939,-0.00382537749828771,-0.0251256278716028,
,,,0.65104166056,-0.00382537749828771,-0.0251256278716028,
,,,0.65208332722,-0.00382537749828771,-0.0238693464780226,
,,,0.65312499388,-0.00395100563764572,-0.0238693464780226,
,,,0.65416666054,-0.00395100563764572,-0.0251256278716028,
,,,0.6552083272,-0.00395100563764572,-0.0251256278716028,
,,,0.65624999386,-0.00395100563764572,-0.0251256278716028,
,,,0.65729166052,-0.00382537749828771,-0.0251256278716028,
,,,0.65833332718,-0.00382537749828771,-0.0238693464780226,
,,,0.65937499384,-0.00395100563764572,-0.0251256278716028,
,,,0.6604166605,-0.00382537749828771,-0.0251256278716028,
,,,0.66145832716,-0.00395100563764572,-0.0263819092651829,
,,,0.66249999382,-0.00382537749828771,-0.0251256278716028,
,,,0.66354166048,-0.00382537749828771,-0.0263819092651829,
,,,0.66458332714,-0.00382537749828771,-0.0251256278716028,
,,,0.6656249938,-0.00382537749828771,-0.0251256278716028,
,,,0.66666666046,-0.00382537749828771,-0.0263819092651829,
,,,0.66770832712,-0.00382537749828771,-0.0251256278716028,
,,,0.66874999378,-0.00382537749828771,-0.0251256278716028,
,,,0.66979166044,-0.00395100563764572,-0.0238693464780226,
,,,0.6708333271,-0.00395100563764572,-0.0251256278716028,
,,,0.67187499376,-0.00382537749828771,-0.0251256278716028,
,,,0.67291666042,-0.00382537749828771,-0.0251256278716028,
,,,0.67395832708,-0.00382537749828771,-0.0263819092651829,
,,,0.67499999374,-0.00382537749828771,-0.0251256278716028,
,,,0.6760416604,-0.00382537749828771,-0.0251256278716028,
,,,0.67708332706,-0.00382537749828771,-0.0251256278716028,
,,,0.67812499372,-0.00382537749828771,-0.0251256278716028,
,,,0.67916666038,-0.00382537749828771,-0.0251256278716028,
,,,0.68020832704,-0.00382537749828771,-0.0251256278716028,
,,,0.6812499937,-0.00382537749828771,-0.0263819092651829,
,,,0.68229166036,-0.00382537749828771,-0.0251256278716028,
,,,0.68333332702,-0.00382537749828771,-0.0251256278716028,
,,,0.68437499368,-0.00382537749828771,-0.0251256278716028,
,,,0.68541666034,-0.00382537749828771,-0.0251256278716028,
,,,0.686458327,-0.00395100563764572,-0.0251256278716028,
,,,0.68749999366,-0.00382537749828771,-0.0251256278716028,
,,,0.68854166032,-0.00382537749828771,-0.0251256278716028,
,,,0.68958332698,-0.00382537749828771,-0.0238693464780226,
,,,0.69062499364,-0.00382537749828771,-0.0251256278716028,
,,,0.6916666603,-0.00382537749828771,-0.0251256278716028,
,,,0.69270832696,-0.00382537749828771,-0.0251256278716028,
,,,0.69374999362,-0.00395100563764572,-0.0251256278716028,
,,,0.69479166028,-0.00382537749828771,-0.0251256278716028,
,,,0.69583332694,-0.00395100563764572,-0.0238693464780226,
