Record Length,2.500000e+03,,   0.000000031200,   0.12400,
Sample Interval,4.000000e-11,,   0.000000031240,   0.12600,
Trigger Point,-7.800000000000e+02,,   0.000000031280,   0.12600,
,,,   0.000000031320,   0.12800,
,,,   0.000000031360,   0.13000,
,,,   0.000000031400,   0.13000,
Source,CH2,,   0.000000031440,   0.13200,
Vertical Units,V,,   0.000000031480,   0.13200,
Vertical Scale,5.000000e-02,,   0.000000031520,   0.13400,
Vertical Offset,-2.000000e-03,,   0.000000031560,   0.13400,
Horizontal Units,s,,   0.000000031600,   0.13600,
Horizontal Scale,1.000000e-08,,   0.000000031640,   0.13600,
Pt Fmt,Y,,   0.000000031680,   0.13600,
Yzero,0.000000e+00,,   0.000000031720,   0.13800,
Probe Atten,1.000000e+01,,   0.000000031760,   0.13800,
Model Number,TDS2024B,,   0.000000031800,   0.13800,
Serial Number,C100331,,   0.000000031840,   0.13800,
Firmware Version,FV:v22.01,,   0.000000031880,   0.14000,
,,,0.000000031920,   0.14000,
,,,0.000000031960,   0.14000,
,,,0.000000032000,   0.14000,
,,,0.000000032040,   0.14000,
,,,0.000000032080,   0.14000,
,,,0.000000032120,   0.14000,
,,,0.000000032160,   0.14000,
,,,0.000000032200,   0.14000,
,,,0.000000032240,   0.14000,
,,,0.000000032280,   0.14000,
,,,0.000000032320,   0.14000,
,,,0.000000032360,   0.13800,
,,,0.000000032400,   0.13800,
,,,0.000000032440,   0.13800,
,,,0.000000032480,   0.13800,
,,,0.000000032520,   0.13600,
,,,0.000000032560,   0.13600,
,,,0.000000032600,   0.13600,
,,,0.000000032640,   0.13400,
,,,0.000000032680,   0.13400,
,,,0.000000032720,   0.13200,
,,,0.000000032760,   0.13200,
,,,0.000000032800,   0.13200,
,,,0.000000032840,   0.13000,
,,,0.000000032880,   0.12800,
,,,0.000000032920,   0.12800,
,,,0.000000032960,   0.12600,
,,,0.000000033000,   0.12600,
,,,0.000000033040,   0.12400,
,,,0.000000033080,   0.12400,
,,,0.000000033120,   0.12200,
,,,0.000000033160,   0.12200,
,,,0.000000033200,   0.12000,
,,,0.000000033240,   0.11800,
,,,0.000000033280,   0.11800,
,,,0.000000033320,   0.11600,
,,,0.000000033360,   0.11600,
,,,0.000000033400,   0.11400,
,,,0.000000033440,   0.11200,
,,,0.000000033480,   0.11200,
,,,0.000000033520,   0.11000,
,,,0.000000033560,   0.11000,
,,,0.000000033600,   0.10800,
,,,0.000000033640,   0.10800,
,,,0.000000033680,   0.10600,
,,,0.000000033720,   0.10400,
,,,0.000000033760,   0.10400,
,,,0.000000033800,   0.10200,
,,,0.000000033840,   0.10200,
,,,0.000000033880,   0.10000,
,,,0.000000033920,   0.10000,
,,,0.000000033960,   0.10000,
,,,0.000000034000,   0.09800,
,,,0.000000034040,   0.09800,
,,,0.000000034080,   0.09600,
,,,0.000000034120,   0.09600,
,,,0.000000034160,   0.09600,
,,,0.000000034200,   0.09400,
,,,0.000000034240,   0.09400,
,,,0.000000034280,   0.09400,
,,,0.000000034320,   0.09200,
,,,0.000000034360,   0.09200,
,,,0.000000034400,   0.09200,
,,,0.000000034440,   0.09000,
,,,0.000000034480,   0.09000,
,,,0.000000034520,   0.09000,
,,,0.000000034560,   0.09000,
,,,0.000000034600,   0.09000,
,,,0.000000034640,   0.08800,
,,,0.000000034680,   0.08800,
,,,0.000000034720,   0.08800,
,,,0.000000034760,   0.08800,
,,,0.000000034800,   0.08800,
,,,0.000000034840,   0.08600,
,,,0.000000034880,   0.08600,
,,,0.000000034920,   0.08600,
,,,0.000000034960,   0.08600,
,,,0.000000035000,   0.08600,
,,,0.000000035040,   0.08600,
,,,0.000000035080,   0.08600,
,,,0.000000035120,   0.08600,
,,,0.000000035160,   0.08600,
,,,0.000000035200,   0.08600,
,,,0.000000035240,   0.08400,
,,,0.000000035280,   0.08400,
,,,0.000000035320,   0.08400,
,,,0.000000035360,   0.08400,
,,,0.000000035400,   0.08400,
,,,0.000000035440,   0.08400,
,,,0.000000035480,   0.08400,
,,,0.000000035520,   0.08400,
,,,0.000000035560,   0.08400,
,,,0.000000035600,   0.08400,
,,,0.000000035640,   0.08400,
,,,0.000000035680,   0.08400,
,,,0.000000035720,   0.08400,
,,,0.000000035760,   0.08400,
,,,0.000000035800,   0.08400,
,,,0.000000035840,   0.08400,
,,,0.000000035880,   0.08400,
,,,0.000000035920,   0.08200,
,,,0.000000035960,   0.08200,
,,,0.000000036000,   0.08200,
,,,0.000000036040,   0.08200,
,,,0.000000036080,   0.08200,
,,,0.000000036120,   0.08200,
,,,0.000000036160,   0.08200,
,,,0.000000036200,   0.08200,
,,,0.000000036240,   0.08200,
,,,0.000000036280,   0.08200,
,,,0.000000036320,   0.08000,
,,,0.000000036360,   0.08000,
,,,0.000000036400,   0.08000,
,,,0.000000036440,   0.08000,
,,,0.000000036480,   0.08000,
,,,0.000000036520,   0.08000,
,,,0.000000036560,   0.08000,
,,,0.000000036600,   0.07800,
,,,0.000000036640,   0.07800,
,,,0.000000036680,   0.07800,
,,,0.000000036720,   0.07800,
,,,0.000000036760,   0.07800,
,,,0.000000036800,   0.07800,
,,,0.000000036840,   0.07600,
,,,0.000000036880,   0.07600,
,,,0.000000036920,   0.07600,
,,,0.000000036960,   0.07600,
,,,0.000000037000,   0.07600,
,,,0.000000037040,   0.07400,
,,,0.000000037080,   0.07400,
,,,0.000000037120,   0.07400,
,,,0.000000037160,   0.07400,
,,,0.000000037200,   0.07200,
,,,0.000000037240,   0.07200,
,,,0.000000037280,   0.07200,
,,,0.000000037320,   0.07200,
,,,0.000000037360,   0.07000,
,,,0.000000037400,   0.07000,
,,,0.000000037440,   0.07000,
,,,0.000000037480,   0.07000,
,,,0.000000037520,   0.06800,
,,,0.000000037560,   0.06800,
,,,0.000000037600,   0.06800,
,,,0.000000037640,   0.06800,
,,,0.000000037680,   0.06600,
,,,0.000000037720,   0.06600,
,,,0.000000037760,   0.06600,
,,,0.000000037800,   0.06600,
,,,0.000000037840,   0.06600,
,,,0.000000037880,   0.06400,
,,,0.000000037920,   0.06400,
,,,0.000000037960,   0.06400,
,,,0.000000038000,   0.06400,
,,,0.000000038040,   0.06200,
,,,0.000000038080,   0.06200,
,,,0.000000038120,   0.06200,
,,,0.000000038160,   0.06200,
,,,0.000000038200,   0.06200,
,,,0.000000038240,   0.06000,
,,,0.000000038280,   0.06000,
,,,0.000000038320,   0.06000,
,,,0.000000038360,   0.06000,
,,,0.000000038400,   0.05800,
,,,0.000000038440,   0.05800,
,,,0.000000038480,   0.05800,
,,,0.000000038520,   0.05800,
,,,0.000000038560,   0.05800,
,,,0.000000038600,   0.05600,
,,,0.000000038640,   0.05600,
,,,0.000000038680,   0.05600,
,,,0.000000038720,   0.05600,
,,,0.000000038760,   0.05600,
,,,0.000000038800,   0.05600,
,,,0.000000038840,   0.05600,
,,,0.000000038880,   0.05600,
,,,0.000000038920,   0.05600,
,,,0.000000038960,   0.05600,
,,,0.000000039000,   0.05600,
,,,0.000000039040,   0.05600,
,,,0.000000039080,   0.05600,
,,,0.000000039120,   0.05600,
,,,0.000000039160,   0.05600,
,,,0.000000039200,   0.05600,
,,,0.000000039240,   0.05800,
,,,0.000000039280,   0.05800,
,,,0.000000039320,   0.05800,
,,,0.000000039360,   0.05800,
,,,0.000000039400,   0.05800,
,,,0.000000039440,   0.06000,
,,,0.000000039480,   0.06000,
,,,0.000000039520,   0.06000,
,,,0.000000039560,   0.06200,
,,,0.000000039600,   0.06200,
,,,0.000000039640,   0.06200,
,,,0.000000039680,   0.06400,
,,,0.000000039720,   0.06400,
,,,0.000000039760,   0.06400,
,,,0.000000039800,   0.06600,
,,,0.000000039840,   0.06600,
,,,0.000000039880,   0.06800,
,,,0.000000039920,   0.06800,
,,,0.000000039960,   0.07000,
,,,0.000000040000,   0.07200,
,,,0.000000040040,   0.07200,
,,,0.000000040080,   0.07400,
,,,0.000000040120,   0.07400,
,,,0.000000040160,   0.07600,
,,,0.000000040200,   0.07800,
,,,0.000000040240,   0.08000,
,,,0.000000040280,   0.08000,
,,,0.000000040320,   0.08200,
,,,0.000000040360,   0.08400,
,,,0.000000040400,   0.08600,
,,,0.000000040440,   0.08600,
,,,0.000000040480,   0.08800,
,,,0.000000040520,   0.09000,
,,,0.000000040560,   0.09200,
,,,0.000000040600,   0.09400,
,,,0.000000040640,   0.09600,
,,,0.000000040680,   0.09800,
,,,0.000000040720,   0.10000,
,,,0.000000040760,   0.10000,
,,,0.000000040800,   0.10200,
,,,0.000000040840,   0.10400,
,,,0.000000040880,   0.10600,
,,,0.000000040920,   0.10800,
,,,0.000000040960,   0.11000,
,,,0.000000041000,   0.11000,
,,,0.000000041040,   0.11200,
,,,0.000000041080,   0.11400,
,,,0.000000041120,   0.11600,
,,,0.000000041160,   0.11600,
,,,0.000000041200,   0.11800,
,,,0.000000041240,   0.12000,
,,,0.000000041280,   0.12200,
,,,0.000000041320,   0.12200,
,,,0.000000041360,   0.12400,
,,,0.000000041400,   0.12600,
,,,0.000000041440,   0.12600,
,,,0.000000041480,   0.12800,
,,,0.000000041520,   0.12800,
,,,0.000000041560,   0.13000,
,,,0.000000041600,   0.13000,
,,,0.000000041640,   0.13200,
,,,0.000000041680,   0.13200,
,,,0.000000041720,   0.13400,
,,,0.000000041760,   0.13400,
,,,0.000000041800,   0.13400,
,,,0.000000041840,   0.13600,
,,,0.000000041880,   0.13600,
,,,0.000000041920,   0.13600,
,,,0.000000041960,   0.13600,
,,,0.000000042000,   0.13800,
,,,0.000000042040,   0.13800,
,,,0.000000042080,   0.13800,
,,,0.000000042120,   0.13800,
,,,0.000000042160,   0.13800,
,,,0.000000042200,   0.13800,
,,,0.000000042240,   0.13800,
,,,0.000000042280,   0.13800,
,,,0.000000042320,   0.13800,
,,,0.000000042360,   0.13800,
,,,0.000000042400,   0.13800,
,,,0.000000042440,   0.13800,
,,,0.000000042480,   0.13600,
,,,0.000000042520,   0.13600,
,,,0.000000042560,   0.13600,
,,,0.000000042600,   0.13600,
,,,0.000000042640,   0.13400,
,,,0.000000042680,   0.13400,
,,,0.000000042720,   0.13400,
,,,0.000000042760,   0.13200,
,,,0.000000042800,   0.13200,
,,,0.000000042840,   0.13000,
,,,0.000000042880,   0.13000,
,,,0.000000042920,   0.12800,
,,,0.000000042960,   0.12800,
,,,0.000000043000,   0.12800,
,,,0.000000043040,   0.12600,
,,,0.000000043080,   0.12600,
,,,0.000000043120,   0.12400,
,,,0.000000043160,   0.12400,
,,,0.000000043200,   0.12200,
,,,0.000000043240,   0.12000,
,,,0.000000043280,   0.12000,
,,,0.000000043320,   0.11800,
,,,0.000000043360,   0.11800,
,,,0.000000043400,   0.11600,
,,,0.000000043440,   0.11600,
,,,0.000000043480,   0.11400,
,,,0.000000043520,   0.11200,
,,,0.000000043560,   0.11200,
,,,0.000000043600,   0.11000,
,,,0.000000043640,   0.11000,
,,,0.000000043680,   0.10800,
,,,0.000000043720,   0.10800,
,,,0.000000043760,   0.10600,
,,,0.000000043800,   0.10600,
,,,0.000000043840,   0.10400,
,,,0.000000043880,   0.10400,
,,,0.000000043920,   0.10200,
,,,0.000000043960,   0.10200,
,,,0.000000044000,   0.10000,
,,,0.000000044040,   0.10000,
,,,0.000000044080,   0.09800,
,,,0.000000044120,   0.09800,
,,,0.000000044160,   0.09600,
,,,0.000000044200,   0.09600,
,,,0.000000044240,   0.09600,
,,,0.000000044280,   0.09400,
,,,0.000000044320,   0.09400,
,,,0.000000044360,   0.09400,
,,,0.000000044400,   0.09200,
,,,0.000000044440,   0.09200,
,,,0.000000044480,   0.09200,
,,,0.000000044520,   0.09000,
,,,0.000000044560,   0.09000,
,,,0.000000044600,   0.09000,
,,,0.000000044640,   0.09000,
,,,0.000000044680,   0.08800,
,,,0.000000044720,   0.08800,
,,,0.000000044760,   0.08800,
,,,0.000000044800,   0.08800,
,,,0.000000044840,   0.08800,
,,,0.000000044880,   0.08600,
,,,0.000000044920,   0.08600,
,,,0.000000044960,   0.08600,
,,,0.000000045000,   0.08600,
,,,0.000000045040,   0.08600,
,,,0.000000045080,   0.08600,
,,,0.000000045120,   0.08600,
,,,0.000000045160,   0.08600,
,,,0.000000045200,   0.08600,
,,,0.000000045240,   0.08400,
,,,0.000000045280,   0.08400,
,,,0.000000045320,   0.08400,
,,,0.000000045360,   0.08400,
,,,0.000000045400,   0.08400,
,,,0.000000045440,   0.08400,
,,,0.000000045480,   0.08400,
,,,0.000000045520,   0.08400,
,,,0.000000045560,   0.08400,
,,,0.000000045600,   0.08400,
,,,0.000000045640,   0.08400,
,,,0.000000045680,   0.08400,
,,,0.000000045720,   0.08400,
,,,0.000000045760,   0.08400,
,,,0.000000045800,   0.08200,
,,,0.000000045840,   0.08200,
,,,0.000000045880,   0.08200,
,,,0.000000045920,   0.08200,
,,,0.000000045960,   0.08200,
,,,0.000000046000,   0.08200,
,,,0.000000046040,   0.08200,
,,,0.000000046080,   0.08200,
,,,0.000000046120,   0.08200,
,,,0.000000046160,   0.08200,
,,,0.000000046200,   0.08200,
,,,0.000000046240,   0.08000,
,,,0.000000046280,   0.08000,
,,,0.000000046320,   0.08000,
,,,0.000000046360,   0.08000,
,,,0.000000046400,   0.08000,
,,,0.000000046440,   0.08000,
,,,0.000000046480,   0.08000,
,,,0.000000046520,   0.08000,
,,,0.000000046560,   0.07800,
,,,0.000000046600,   0.07800,
,,,0.000000046640,   0.07800,
,,,0.000000046680,   0.07800,
,,,0.000000046720,   0.07800,
,,,0.000000046760,   0.07800,
,,,0.000000046800,   0.07600,
,,,0.000000046840,   0.07600,
,,,0.000000046880,   0.07600,
,,,0.000000046920,   0.07600,
,,,0.000000046960,   0.07600,
,,,0.000000047000,   0.07400,
,,,0.000000047040,   0.07400,
,,,0.000000047080,   0.07400,
,,,0.000000047120,   0.07400,
,,,0.000000047160,   0.07400,
,,,0.000000047200,   0.07200,
,,,0.000000047240,   0.07200,
,,,0.000000047280,   0.07200,
,,,0.000000047320,   0.07200,
,,,0.000000047360,   0.07000,
,,,0.000000047400,   0.07000,
,,,0.000000047440,   0.07000,
,,,0.000000047480,   0.07000,
,,,0.000000047520,   0.07000,
,,,0.000000047560,   0.06800,
,,,0.000000047600,   0.06800,
,,,0.000000047640,   0.06800,
,,,0.000000047680,   0.06800,
,,,0.000000047720,   0.06600,
,,,0.000000047760,   0.06600,
,,,0.000000047800,   0.06600,
,,,0.000000047840,   0.06600,
,,,0.000000047880,   0.06600,
,,,0.000000047920,   0.06400,
,,,0.000000047960,   0.06400,
,,,0.000000048000,   0.06400,
,,,0.000000048040,   0.06400,
,,,0.000000048080,   0.06200,
,,,0.000000048120,   0.06200,
,,,0.000000048160,   0.06200,
,,,0.000000048200,   0.06000,
,,,0.000000048240,   0.06000,
,,,0.000000048280,   0.06000,
,,,0.000000048320,   0.06000,
,,,0.000000048360,   0.06000,
,,,0.000000048400,   0.05800,
,,,0.000000048440,   0.05800,
,,,0.000000048480,   0.05800,
,,,0.000000048520,   0.05800,
,,,0.000000048560,   0.05600,
,,,0.000000048600,   0.05600,
,,,0.000000048640,   0.05600,
,,,0.000000048680,   0.05600,
,,,0.000000048720,   0.05600,
,,,0.000000048760,   0.05600,
,,,0.000000048800,   0.05600,
,,,0.000000048840,   0.05600,
,,,0.000000048880,   0.05400,
,,,0.000000048920,   0.05400,
,,,0.000000048960,   0.05400,
,,,0.000000049000,   0.05400,
,,,0.000000049040,   0.05400,
,,,0.000000049080,   0.05400,
,,,0.000000049120,   0.05400,
,,,0.000000049160,   0.05400,
,,,0.000000049200,   0.05400,
,,,0.000000049240,   0.05400,
,,,0.000000049280,   0.05600,
,,,0.000000049320,   0.05600,
,,,0.000000049360,   0.05600,
,,,0.000000049400,   0.05600,
,,,0.000000049440,   0.05600,
,,,0.000000049480,   0.05600,
,,,0.000000049520,   0.05800,
,,,0.000000049560,   0.05800,
,,,0.000000049600,   0.05800,
,,,0.000000049640,   0.05800,
,,,0.000000049680,   0.06000,
,,,0.000000049720,   0.06000,
,,,0.000000049760,   0.06000,
,,,0.000000049800,   0.06200,
,,,0.000000049840,   0.06200,
,,,0.000000049880,   0.06400,
,,,0.000000049920,   0.06400,
,,,0.000000049960,   0.06600,
,,,0.000000050000,   0.06600,
,,,0.000000050040,   0.06800,
,,,0.000000050080,   0.06800,
,,,0.000000050120,   0.07000,
,,,0.000000050160,   0.07000,
,,,0.000000050200,   0.07200,
,,,0.000000050240,   0.07400,
,,,0.000000050280,   0.07400,
,,,0.000000050320,   0.07600,
,,,0.000000050360,   0.07800,
,,,0.000000050400,   0.07800,
,,,0.000000050440,   0.08000,
,,,0.000000050480,   0.08200,
,,,0.000000050520,   0.08200,
,,,0.000000050560,   0.08400,
,,,0.000000050600,   0.08600,
,,,0.000000050640,   0.08800,
,,,0.000000050680,   0.09000,
,,,0.000000050720,   0.09200,
,,,0.000000050760,   0.09400,
,,,0.000000050800,   0.09400,
,,,0.000000050840,   0.09600,
,,,0.000000050880,   0.09800,
,,,0.000000050920,   0.10000,
,,,0.000000050960,   0.10200,
,,,0.000000051000,   0.10400,
,,,0.000000051040,   0.10600,
,,,0.000000051080,   0.10800,
,,,0.000000051120,   0.11000,
,,,0.000000051160,   0.11000,
,,,0.000000051200,   0.11200,
,,,0.000000051240,   0.11400,
,,,0.000000051280,   0.11600,
,,,0.000000051320,   0.11800,
,,,0.000000051360,   0.11800,
,,,0.000000051400,   0.12000,
,,,0.000000051440,   0.12200,
,,,0.000000051480,   0.12400,
,,,0.000000051520,   0.12400,
,,,0.000000051560,   0.12600,
,,,0.000000051600,   0.12800,
,,,0.000000051640,   0.12800,
,,,0.000000051680,   0.13000,
,,,0.000000051720,   0.13000,
,,,0.000000051760,   0.13200,
,,,0.000000051800,   0.13200,
,,,0.000000051840,   0.13400,
,,,0.000000051880,   0.13400,
,,,0.000000051920,   0.13600,
,,,0.000000051960,   0.13600,
,,,0.000000052000,   0.13600,
,,,0.000000052040,   0.13800,
,,,0.000000052080,   0.13800,
,,,0.000000052120,   0.13800,
,,,0.000000052160,   0.13800,
,,,0.000000052200,   0.13800,
,,,0.000000052240,   0.14000,
,,,0.000000052280,   0.14000,
,,,0.000000052320,   0.14000,
,,,0.000000052360,   0.14000,
,,,0.000000052400,   0.14000,
,,,0.000000052440,   0.14000,
,,,0.000000052480,   0.14000,
,,,0.000000052520,   0.14000,
,,,0.000000052560,   0.13800,
,,,0.000000052600,   0.13800,
,,,0.000000052640,   0.13800,
,,,0.000000052680,   0.13800,
,,,0.000000052720,   0.13800,
,,,0.000000052760,   0.13600,
,,,0.000000052800,   0.13600,
,,,0.000000052840,   0.13600,
,,,0.000000052880,   0.13400,
,,,0.000000052920,   0.13400,
,,,0.000000052960,   0.13200,
,,,0.000000053000,   0.13200,
,,,0.000000053040,   0.13200,
,,,0.000000053080,   0.13000,
,,,0.000000053120,   0.13000,
,,,0.000000053160,   0.12800,
,,,0.000000053200,   0.12800,
,,,0.000000053240,   0.12600,
,,,0.000000053280,   0.12600,
,,,0.000000053320,   0.12400,
,,,0.000000053360,   0.12400,
,,,0.000000053400,   0.12200,
,,,0.000000053440,   0.12000,
,,,0.000000053480,   0.12000,
,,,0.000000053520,   0.11800,
,,,0.000000053560,   0.11800,
,,,0.000000053600,   0.11600,
,,,0.000000053640,   0.11600,
,,,0.000000053680,   0.11400,
,,,0.000000053720,   0.11400,
,,,0.000000053760,   0.11200,
,,,0.000000053800,   0.11000,
,,,0.000000053840,   0.11000,
,,,0.000000053880,   0.10800,
,,,0.000000053920,   0.10800,
,,,0.000000053960,   0.10600,
,,,0.000000054000,   0.10600,
,,,0.000000054040,   0.10400,
,,,0.000000054080,   0.10200,
,,,0.000000054120,   0.10200,
,,,0.000000054160,   0.10200,
,,,0.000000054200,   0.10000,
,,,0.000000054240,   0.09800,
,,,0.000000054280,   0.09800,
,,,0.000000054320,   0.09800,
,,,0.000000054360,   0.09600,
,,,0.000000054400,   0.09600,
,,,0.000000054440,   0.09400,
,,,0.000000054480,   0.09400,
,,,0.000000054520,   0.09400,
,,,0.000000054560,   0.09200,
,,,0.000000054600,   0.09200,
,,,0.000000054640,   0.09200,
,,,0.000000054680,   0.09200,
,,,0.000000054720,   0.09000,
,,,0.000000054760,   0.09000,
,,,0.000000054800,   0.09000,
,,,0.000000054840,   0.09000,
,,,0.000000054880,   0.08800,
,,,0.000000054920,   0.08800,
,,,0.000000054960,   0.08800,
,,,0.000000055000,   0.08800,
,,,0.000000055040,   0.08800,
,,,0.000000055080,   0.08800,
,,,0.000000055120,   0.08600,
,,,0.000000055160,   0.08600,
,,,0.000000055200,   0.08600,
,,,0.000000055240,   0.08600,
,,,0.000000055280,   0.08600,
,,,0.000000055320,   0.08600,
,,,0.000000055360,   0.08600,
,,,0.000000055400,   0.08600,
,,,0.000000055440,   0.08600,
,,,0.000000055480,   0.08600,
,,,0.000000055520,   0.08400,
,,,0.000000055560,   0.08400,
,,,0.000000055600,   0.08400,
,,,0.000000055640,   0.08400,
,,,0.000000055680,   0.08400,
,,,0.000000055720,   0.08400,
,,,0.000000055760,   0.08400,
,,,0.000000055800,   0.08400,
,,,0.000000055840,   0.08400,
,,,0.000000055880,   0.08400,
,,,0.000000055920,   0.08400,
,,,0.000000055960,   0.08400,
,,,0.000000056000,   0.08400,
,,,0.000000056040,   0.08200,
,,,0.000000056080,   0.08200,
,,,0.000000056120,   0.08200,
,,,0.000000056160,   0.08200,
,,,0.000000056200,   0.08200,
,,,0.000000056240,   0.08200,
,,,0.000000056280,   0.08200,
,,,0.000000056320,   0.08200,
,,,0.000000056360,   0.08200,
,,,0.000000056400,   0.08200,
,,,0.000000056440,   0.08000,
,,,0.000000056480,   0.08000,
,,,0.000000056520,   0.08000,
,,,0.000000056560,   0.08000,
,,,0.000000056600,   0.08000,
,,,0.000000056640,   0.08000,
,,,0.000000056680,   0.08000,
,,,0.000000056720,   0.08000,
,,,0.000000056760,   0.07800,
,,,0.000000056800,   0.07800,
,,,0.000000056840,   0.07800,
,,,0.000000056880,   0.07800,
,,,0.000000056920,   0.07800,
,,,0.000000056960,   0.07600,
,,,0.000000057000,   0.07600,
,,,0.000000057040,   0.07600,
,,,0.000000057080,   0.07600,
,,,0.000000057120,   0.07400,
,,,0.000000057160,   0.07400,
,,,0.000000057200,   0.07400,
,,,0.000000057240,   0.07400,
,,,0.000000057280,   0.07200,
,,,0.000000057320,   0.07200,
,,,0.000000057360,   0.07200,
,,,0.000000057400,   0.07200,
,,,0.000000057440,   0.07200,
,,,0.000000057480,   0.07000,
,,,0.000000057520,   0.07000,
,,,0.000000057560,   0.07000,
,,,0.000000057600,   0.07000,
,,,0.000000057640,   0.06800,
,,,0.000000057680,   0.06800,
,,,0.000000057720,   0.06800,
,,,0.000000057760,   0.06800,
,,,0.000000057800,   0.06600,
,,,0.000000057840,   0.06600,
,,,0.000000057880,   0.06600,
,,,0.000000057920,   0.06600,
,,,0.000000057960,   0.06400,
,,,0.000000058000,   0.06400,
,,,0.000000058040,   0.06400,
,,,0.000000058080,   0.06400,
,,,0.000000058120,   0.06200,
,,,0.000000058160,   0.06200,
,,,0.000000058200,   0.06200,
,,,0.000000058240,   0.06200,
,,,0.000000058280,   0.06000,
,,,0.000000058320,   0.06000,
,,,0.000000058360,   0.06000,
,,,0.000000058400,   0.06000,
,,,0.000000058440,   0.05800,
,,,0.000000058480,   0.05800,
,,,0.000000058520,   0.05800,
,,,0.000000058560,   0.05800,
,,,0.000000058600,   0.05600,
,,,0.000000058640,   0.05600,
,,,0.000000058680,   0.05600,
,,,0.000000058720,   0.05600,
,,,0.000000058760,   0.05600,
,,,0.000000058800,   0.05400,
,,,0.000000058840,   0.05400,
,,,0.000000058880,   0.05400,
,,,0.000000058920,   0.05400,
,,,0.000000058960,   0.05400,
,,,0.000000059000,   0.05400,
,,,0.000000059040,   0.05400,
,,,0.000000059080,   0.05400,
,,,0.000000059120,   0.05400,
,,,0.000000059160,   0.05400,
,,,0.000000059200,   0.05400,
,,,0.000000059240,   0.05400,
,,,0.000000059280,   0.05400,
,,,0.000000059320,   0.05400,
,,,0.000000059360,   0.05400,
,,,0.000000059400,   0.05400,
,,,0.000000059440,   0.05400,
,,,0.000000059480,   0.05400,
,,,0.000000059520,   0.05400,
,,,0.000000059560,   0.05600,
,,,0.000000059600,   0.05600,
,,,0.000000059640,   0.05600,
,,,0.000000059680,   0.05800,
,,,0.000000059720,   0.05800,
,,,0.000000059760,   0.05800,
,,,0.000000059800,   0.05800,
,,,0.000000059840,   0.06000,
,,,0.000000059880,   0.06000,
,,,0.000000059920,   0.06200,
,,,0.000000059960,   0.06200,
,,,0.000000060000,   0.06200,
,,,0.000000060040,   0.06400,
,,,0.000000060080,   0.06400,
,,,0.000000060120,   0.06600,
,,,0.000000060160,   0.06600,
,,,0.000000060200,   0.06800,
,,,0.000000060240,   0.07000,
,,,0.000000060280,   0.07000,
,,,0.000000060320,   0.07200,
,,,0.000000060360,   0.07400,
,,,0.000000060400,   0.07400,
,,,0.000000060440,   0.07600,
,,,0.000000060480,   0.07800,
,,,0.000000060520,   0.07800,
,,,0.000000060560,   0.08000,
,,,0.000000060600,   0.08200,
,,,0.000000060640,   0.08400,
,,,0.000000060680,   0.08400,
,,,0.000000060720,   0.08600,
,,,0.000000060760,   0.08800,
,,,0.000000060800,   0.09000,
,,,0.000000060840,   0.09200,
,,,0.000000060880,   0.09200,
,,,0.000000060920,   0.09400,
,,,0.000000060960,   0.09600,
,,,0.000000061000,   0.09800,
,,,0.000000061040,   0.10000,
,,,0.000000061080,   0.10000,
,,,0.000000061120,   0.10200,
,,,0.000000061160,   0.10400,
,,,0.000000061200,   0.10600,
,,,0.000000061240,   0.10800,
,,,0.000000061280,   0.11000,
,,,0.000000061320,   0.11000,
,,,0.000000061360,   0.11200,
,,,0.000000061400,   0.11400,
,,,0.000000061440,   0.11600,
,,,0.000000061480,   0.11600,
,,,0.000000061520,   0.11800,
,,,0.000000061560,   0.12000,
,,,0.000000061600,   0.12000,
,,,0.000000061640,   0.12200,
,,,0.000000061680,   0.12400,
,,,0.000000061720,   0.12400,
,,,0.000000061760,   0.12600,
,,,0.000000061800,   0.12600,
,,,0.000000061840,   0.12800,
,,,0.000000061880,   0.12800,
,,,0.000000061920,   0.13000,
,,,0.000000061960,   0.13000,
,,,0.000000062000,   0.13200,
,,,0.000000062040,   0.13200,
,,,0.000000062080,   0.13200,
,,,0.000000062120,   0.13400,
,,,0.000000062160,   0.13400,
,,,0.000000062200,   0.13400,
,,,0.000000062240,   0.13600,
,,,0.000000062280,   0.13600,
,,,0.000000062320,   0.13600,
,,,0.000000062360,   0.13600,
,,,0.000000062400,   0.13600,
,,,0.000000062440,   0.13600,
,,,0.000000062480,   0.13600,
,,,0.000000062520,   0.13600,
,,,0.000000062560,   0.13600,
,,,0.000000062600,   0.13600,
,,,0.000000062640,   0.13600,
,,,0.000000062680,   0.13600,
,,,0.000000062720,   0.13600,
,,,0.000000062760,   0.13600,
,,,0.000000062800,   0.13400,
,,,0.000000062840,   0.13400,
,,,0.000000062880,   0.13400,
,,,0.000000062920,   0.13200,
,,,0.000000062960,   0.13200,
,,,0.000000063000,   0.13200,
,,,0.000000063040,   0.13200,
,,,0.000000063080,   0.13000,
,,,0.000000063120,   0.13000,
,,,0.000000063160,   0.12800,
,,,0.000000063200,   0.12800,
,,,0.000000063240,   0.12600,
,,,0.000000063280,   0.12600,
,,,0.000000063320,   0.12400,
,,,0.000000063360,   0.12400,
,,,0.000000063400,   0.12400,
,,,0.000000063440,   0.12200,
,,,0.000000063480,   0.12000,
,,,0.000000063520,   0.12000,
,,,0.000000063560,   0.11800,
,,,0.000000063600,   0.11800,
,,,0.000000063640,   0.11600,
,,,0.000000063680,   0.11600,
,,,0.000000063720,   0.11400,
,,,0.000000063760,   0.11200,
,,,0.000000063800,   0.11200,
,,,0.000000063840,   0.11000,
,,,0.000000063880,   0.11000,
,,,0.000000063920,   0.10800,
,,,0.000000063960,   0.10800,
,,,0.000000064000,   0.10600,
,,,0.000000064040,   0.10600,
,,,0.000000064080,   0.10400,
,,,0.000000064120,   0.10400,
,,,0.000000064160,   0.10200,
,,,0.000000064200,   0.10200,
,,,0.000000064240,   0.10000,
,,,0.000000064280,   0.10000,
,,,0.000000064320,   0.09800,
,,,0.000000064360,   0.09800,
,,,0.000000064400,   0.09800,
,,,0.000000064440,   0.09600,
,,,0.000000064480,   0.09600,
,,,0.000000064520,   0.09400,
,,,0.000000064560,   0.09400,
,,,0.000000064600,   0.09400,
,,,0.000000064640,   0.09200,
,,,0.000000064680,   0.09200,
,,,0.000000064720,   0.09200,
,,,0.000000064760,   0.09000,
,,,0.000000064800,   0.09000,
,,,0.000000064840,   0.09000,
,,,0.000000064880,   0.09000,
,,,0.000000064920,   0.08800,
,,,0.000000064960,   0.08800,
,,,0.000000065000,   0.08800,
,,,0.000000065040,   0.08800,
,,,0.000000065080,   0.08800,
,,,0.000000065120,   0.08800,
,,,0.000000065160,   0.08600,
,,,0.000000065200,   0.08600,
,,,0.000000065240,   0.08600,
,,,0.000000065280,   0.08600,
,,,0.000000065320,   0.08600,
,,,0.000000065360,   0.08600,
,,,0.000000065400,   0.08600,
,,,0.000000065440,   0.08400,
,,,0.000000065480,   0.08400,
,,,0.000000065520,   0.08400,
,,,0.000000065560,   0.08400,
,,,0.000000065600,   0.08400,
,,,0.000000065640,   0.08400,
,,,0.000000065680,   0.08400,
,,,0.000000065720,   0.08400,
,,,0.000000065760,   0.08400,
,,,0.000000065800,   0.08400,
,,,0.000000065840,   0.08400,
,,,0.000000065880,   0.08400,
,,,0.000000065920,   0.08400,
,,,0.000000065960,   0.08400,
,,,0.000000066000,   0.08400,
,,,0.000000066040,   0.08400,
,,,0.000000066080,   0.08200,
,,,0.000000066120,   0.08200,
,,,0.000000066160,   0.08200,
,,,0.000000066200,   0.08200,
,,,0.000000066240,   0.08200,
,,,0.000000066280,   0.08200,
,,,0.000000066320,   0.08200,
,,,0.000000066360,   0.08200,
,,,0.000000066400,   0.08200,
,,,0.000000066440,   0.08200,
,,,0.000000066480,   0.08200,
,,,0.000000066520,   0.08000,
,,,0.000000066560,   0.08000,
,,,0.000000066600,   0.08000,
,,,0.000000066640,   0.08000,
,,,0.000000066680,   0.08000,
,,,0.000000066720,   0.08000,
,,,0.000000066760,   0.08000,
,,,0.000000066800,   0.08000,
,,,0.000000066840,   0.08000,
,,,0.000000066880,   0.08000,
,,,0.000000066920,   0.07800,
,,,0.000000066960,   0.07800,
,,,0.000000067000,   0.07800,
,,,0.000000067040,   0.07800,
,,,0.000000067080,   0.07800,
,,,0.000000067120,   0.07800,
,,,0.000000067160,   0.07600,
,,,0.000000067200,   0.07600,
,,,0.000000067240,   0.07600,
,,,0.000000067280,   0.07600,
,,,0.000000067320,   0.07600,
,,,0.000000067360,   0.07600,
,,,0.000000067400,   0.07400,
,,,0.000000067440,   0.07400,
,,,0.000000067480,   0.07400,
,,,0.000000067520,   0.07400,
,,,0.000000067560,   0.07200,
,,,0.000000067600,   0.07200,
,,,0.000000067640,   0.07200,
,,,0.000000067680,   0.07200,
,,,0.000000067720,   0.07200,
,,,0.000000067760,   0.07000,
,,,0.000000067800,   0.07000,
,,,0.000000067840,   0.07000,
,,,0.000000067880,   0.07000,
,,,0.000000067920,   0.06800,
,,,0.000000067960,   0.06800,
,,,0.000000068000,   0.06800,
,,,0.000000068040,   0.06800,
,,,0.000000068080,   0.06800,
,,,0.000000068120,   0.06600,
,,,0.000000068160,   0.06600,
,,,0.000000068200,   0.06600,
,,,0.000000068240,   0.06600,
,,,0.000000068280,   0.06600,
,,,0.000000068320,   0.06400,
,,,0.000000068360,   0.06400,
,,,0.000000068400,   0.06400,
,,,0.000000068440,   0.06400,
,,,0.000000068480,   0.06200,
,,,0.000000068520,   0.06200,
,,,0.000000068560,   0.06200,
,,,0.000000068600,   0.06200,
,,,0.000000068640,   0.06200,
,,,0.000000068680,   0.06000,
,,,0.000000068720,   0.06000,
,,,0.000000068760,   0.06000,
,,,0.000000068800,   0.06000,
,,,0.000000068840,   0.05800,
,,,0.000000068880,   0.05800,
,,,0.000000068920,   0.05800,
,,,0.000000068960,   0.05800,
,,,0.000000069000,   0.05800,
,,,0.000000069040,   0.05800,
,,,0.000000069080,   0.05800,
,,,0.000000069120,   0.05800,
,,,0.000000069160,   0.05600,
,,,0.000000069200,   0.05600,
,,,0.000000069240,   0.05600,
,,,0.000000069280,   0.05600,
,,,0.000000069320,   0.05600,
,,,0.000000069360,   0.05600,
,,,0.000000069400,   0.05600,
,,,0.000000069440,   0.05600,
,,,0.000000069480,   0.05600,
,,,0.000000069520,   0.05600,
,,,0.000000069560,   0.05600,
,,,0.000000069600,   0.05600,
,,,0.000000069640,   0.05800,
,,,0.000000069680,   0.05800,
,,,0.000000069720,   0.05800,
,,,0.000000069760,   0.05800,
,,,0.000000069800,   0.05800,
,,,0.000000069840,   0.05800,
,,,0.000000069880,   0.06000,
,,,0.000000069920,   0.06000,
,,,0.000000069960,   0.06000,
,,,0.000000070000,   0.06200,
,,,0.000000070040,   0.06200,
,,,0.000000070080,   0.06200,
,,,0.000000070120,   0.06400,
,,,0.000000070160,   0.06400,
,,,0.000000070200,   0.06600,
,,,0.000000070240,   0.06600,
,,,0.000000070280,   0.06800,
,,,0.000000070320,   0.06800,
,,,0.000000070360,   0.07000,
,,,0.000000070400,   0.07000,
,,,0.000000070440,   0.07200,
,,,0.000000070480,   0.07400,
,,,0.000000070520,   0.07400,
,,,0.000000070560,   0.07600,
,,,0.000000070600,   0.07800,
,,,0.000000070640,   0.07800,
,,,0.000000070680,   0.08000,
,,,0.000000070720,   0.08200,
,,,0.000000070760,   0.08200,
,,,0.000000070800,   0.08400,
,,,0.000000070840,   0.08600,
,,,0.000000070880,   0.08800,
,,,0.000000070920,   0.09000,
,,,0.000000070960,   0.09000,
,,,0.000000071000,   0.09200,
,,,0.000000071040,   0.09400,
,,,0.000000071080,   0.09600,
,,,0.000000071120,   0.09800,
,,,0.000000071160,   0.10000,
,,,0.000000071200,   0.10000,
,,,0.000000071240,   0.10200,
,,,0.000000071280,   0.10400,
,,,0.000000071320,   0.10600,
,,,0.000000071360,   0.10800,
,,,0.000000071400,   0.11000,
,,,0.000000071440,   0.11000,
,,,0.000000071480,   0.11200,
,,,0.000000071520,   0.11400,
,,,0.000000071560,   0.11600,
,,,0.000000071600,   0.11600,
,,,0.000000071640,   0.11800,
,,,0.000000071680,   0.12000,
,,,0.000000071720,   0.12200,
,,,0.000000071760,   0.12200,
,,,0.000000071800,   0.12400,
,,,0.000000071840,   0.12400,
,,,0.000000071880,   0.12600,
,,,0.000000071920,   0.12600,
,,,0.000000071960,   0.12800,
,,,0.000000072000,   0.13000,
,,,0.000000072040,   0.13000,
,,,0.000000072080,   0.13000,
,,,0.000000072120,   0.13200,
,,,0.000000072160,   0.13200,
,,,0.000000072200,   0.13400,
,,,0.000000072240,   0.13400,
,,,0.000000072280,   0.13400,
,,,0.000000072320,   0.13600,
,,,0.000000072360,   0.13600,
,,,0.000000072400,   0.13600,
,,,0.000000072440,   0.13600,
,,,0.000000072480,   0.13800,
,,,0.000000072520,   0.13800,
,,,0.000000072560,   0.13800,
,,,0.000000072600,   0.13800,
,,,0.000000072640,   0.13800,
,,,0.000000072680,   0.13800,
,,,0.000000072720,   0.13800,
,,,0.000000072760,   0.13800,
,,,0.000000072800,   0.13800,
,,,0.000000072840,   0.13800,
,,,0.000000072880,   0.13600,
,,,0.000000072920,   0.13600,
,,,0.000000072960,   0.13600,
,,,0.000000073000,   0.13600,
,,,0.000000073040,   0.13600,
,,,0.000000073080,   0.13400,
,,,0.000000073120,   0.13400,
,,,0.000000073160,   0.13400,
,,,0.000000073200,   0.13200,
,,,0.000000073240,   0.13200,
,,,0.000000073280,   0.13000,
,,,0.000000073320,   0.13000,
,,,0.000000073360,   0.13000,
,,,0.000000073400,   0.12800,
,,,0.000000073440,   0.12800,
,,,0.000000073480,   0.12600,
,,,0.000000073520,   0.12400,
,,,0.000000073560,   0.12400,
,,,0.000000073600,   0.12200,
,,,0.000000073640,   0.12200,
,,,0.000000073680,   0.12000,
,,,0.000000073720,   0.12000,
,,,0.000000073760,   0.11800,
,,,0.000000073800,   0.11800,
,,,0.000000073840,   0.11600,
,,,0.000000073880,   0.11600,
,,,0.000000073920,   0.11400,
,,,0.000000073960,   0.11200,
,,,0.000000074000,   0.11200,
,,,0.000000074040,   0.11000,
,,,0.000000074080,   0.11000,
,,,0.000000074120,   0.10800,
,,,0.000000074160,   0.10800,
,,,0.000000074200,   0.10600,
,,,0.000000074240,   0.10400,
,,,0.000000074280,   0.10400,
,,,0.000000074320,   0.10200,
,,,0.000000074360,   0.10200,
,,,0.000000074400,   0.10000,
,,,0.000000074440,   0.10000,
,,,0.000000074480,   0.09800,
,,,0.000000074520,   0.09800,
,,,0.000000074560,   0.09600,
,,,0.000000074600,   0.09600,
,,,0.000000074640,   0.09600,
,,,0.000000074680,   0.09400,
,,,0.000000074720,   0.09400,
,,,0.000000074760,   0.09200,
,,,0.000000074800,   0.09200,
,,,0.000000074840,   0.09200,
,,,0.000000074880,   0.09000,
,,,0.000000074920,   0.09000,
,,,0.000000074960,   0.09000,
,,,0.000000075000,   0.09000,
,,,0.000000075040,   0.08800,
,,,0.000000075080,   0.08800,
,,,0.000000075120,   0.08800,
,,,0.000000075160,   0.08800,
,,,0.000000075200,   0.08600,
,,,0.000000075240,   0.08600,
,,,0.000000075280,   0.08600,
,,,0.000000075320,   0.08600,
,,,0.000000075360,   0.08600,
,,,0.000000075400,   0.08600,
,,,0.000000075440,   0.08400,
,,,0.000000075480,   0.08400,
,,,0.000000075520,   0.08400,
,,,0.000000075560,   0.08400,
,,,0.000000075600,   0.08400,
,,,0.000000075640,   0.08400,
,,,0.000000075680,   0.08400,
,,,0.000000075720,   0.08400,
,,,0.000000075760,   0.08400,
,,,0.000000075800,   0.08200,
,,,0.000000075840,   0.08200,
,,,0.000000075880,   0.08200,
,,,0.000000075920,   0.08200,
,,,0.000000075960,   0.08200,
,,,0.000000076000,   0.08200,
,,,0.000000076040,   0.08200,
,,,0.000000076080,   0.08200,
,,,0.000000076120,   0.08200,
,,,0.000000076160,   0.08200,
,,,0.000000076200,   0.08200,
,,,0.000000076240,   0.08200,
,,,0.000000076280,   0.08200,
,,,0.000000076320,   0.08200,
,,,0.000000076360,   0.08200,
,,,0.000000076400,   0.08000,
,,,0.000000076440,   0.08000,
,,,0.000000076480,   0.08000,
,,,0.000000076520,   0.08000,
,,,0.000000076560,   0.08000,
,,,0.000000076600,   0.08000,
,,,0.000000076640,   0.08000,
,,,0.000000076680,   0.08000,
,,,0.000000076720,   0.08000,
,,,0.000000076760,   0.08000,
,,,0.000000076800,   0.08000,
,,,0.000000076840,   0.08000,
,,,0.000000076880,   0.07800,
,,,0.000000076920,   0.07800,
,,,0.000000076960,   0.07800,
,,,0.000000077000,   0.07800,
,,,0.000000077040,   0.07800,
,,,0.000000077080,   0.07800,
,,,0.000000077120,   0.07800,
,,,0.000000077160,   0.07600,
,,,0.000000077200,   0.07600,
,,,0.000000077240,   0.07600,
,,,0.000000077280,   0.07600,
,,,0.000000077320,   0.07600,
,,,0.000000077360,   0.07600,
,,,0.000000077400,   0.07400,
,,,0.000000077440,   0.07400,
,,,0.000000077480,   0.07400,
,,,0.000000077520,   0.07400,
,,,0.000000077560,   0.07400,
,,,0.000000077600,   0.07200,
,,,0.000000077640,   0.07200,
,,,0.000000077680,   0.07200,
,,,0.000000077720,   0.07200,
,,,0.000000077760,   0.07000,
,,,0.000000077800,   0.07000,
,,,0.000000077840,   0.07000,
,,,0.000000077880,   0.07000,
,,,0.000000077920,   0.07000,
,,,0.000000077960,   0.06800,
,,,0.000000078000,   0.06800,
,,,0.000000078040,   0.06800,
,,,0.000000078080,   0.06600,
,,,0.000000078120,   0.06600,
,,,0.000000078160,   0.06600,
,,,0.000000078200,   0.06600,
,,,0.000000078240,   0.06400,
,,,0.000000078280,   0.06400,
,,,0.000000078320,   0.06400,
,,,0.000000078360,   0.06200,
,,,0.000000078400,   0.06200,
,,,0.000000078440,   0.06200,
,,,0.000000078480,   0.06200,
,,,0.000000078520,   0.06000,
,,,0.000000078560,   0.06000,
,,,0.000000078600,   0.06000,
,,,0.000000078640,   0.06000,
,,,0.000000078680,   0.05800,
,,,0.000000078720,   0.05800,
,,,0.000000078760,   0.05800,
,,,0.000000078800,   0.05800,
,,,0.000000078840,   0.05600,
,,,0.000000078880,   0.05600,
,,,0.000000078920,   0.05600,
,,,0.000000078960,   0.05600,
,,,0.000000079000,   0.05600,
,,,0.000000079040,   0.05400,
,,,0.000000079080,   0.05400,
,,,0.000000079120,   0.05400,
,,,0.000000079160,   0.05400,
,,,0.000000079200,   0.05400,
,,,0.000000079240,   0.05400,
,,,0.000000079280,   0.05400,
,,,0.000000079320,   0.05200,
,,,0.000000079360,   0.05200,
,,,0.000000079400,   0.05200,
,,,0.000000079440,   0.05200,
,,,0.000000079480,   0.05200,
,,,0.000000079520,   0.05200,
,,,0.000000079560,   0.05200,
,,,0.000000079600,   0.05200,
,,,0.000000079640,   0.05200,
,,,0.000000079680,   0.05400,
,,,0.000000079720,   0.05400,
,,,0.000000079760,   0.05400,
,,,0.000000079800,   0.05400,
,,,0.000000079840,   0.05400,
,,,0.000000079880,   0.05400,
,,,0.000000079920,   0.05400,
,,,0.000000079960,   0.05400,
,,,0.000000080000,   0.05600,
,,,0.000000080040,   0.05600,
,,,0.000000080080,   0.05600,
,,,0.000000080120,   0.05600,
,,,0.000000080160,   0.05800,
,,,0.000000080200,   0.05800,
,,,0.000000080240,   0.06000,
,,,0.000000080280,   0.06000,
,,,0.000000080320,   0.06200,
,,,0.000000080360,   0.06200,
,,,0.000000080400,   0.06400,
,,,0.000000080440,   0.06400,
,,,0.000000080480,   0.06600,
,,,0.000000080520,   0.06600,
,,,0.000000080560,   0.06800,
,,,0.000000080600,   0.07000,
,,,0.000000080640,   0.07000,
,,,0.000000080680,   0.07200,
,,,0.000000080720,   0.07400,
,,,0.000000080760,   0.07400,
,,,0.000000080800,   0.07600,
,,,0.000000080840,   0.07800,
,,,0.000000080880,   0.07800,
,,,0.000000080920,   0.08000,
,,,0.000000080960,   0.08200,
,,,0.000000081000,   0.08400,
,,,0.000000081040,   0.08600,
,,,0.000000081080,   0.08600,
,,,0.000000081120,   0.08800,
,,,0.000000081160,   0.09000,
,,,0.000000081200,   0.09200,
,,,0.000000081240,   0.09400,
,,,0.000000081280,   0.09600,
,,,0.000000081320,   0.09800,
,,,0.000000081360,   0.10000,
,,,0.000000081400,   0.10200,
,,,0.000000081440,   0.10200,
,,,0.000000081480,   0.10400,
,,,0.000000081520,   0.10600,
,,,0.000000081560,   0.10800,
,,,0.000000081600,   0.11000,
,,,0.000000081640,   0.11200,
,,,0.000000081680,   0.11400,
,,,0.000000081720,   0.11400,
,,,0.000000081760,   0.11600,
,,,0.000000081800,   0.11800,
,,,0.000000081840,   0.12000,
,,,0.000000081880,   0.12000,
,,,0.000000081920,   0.12200,
,,,0.000000081960,   0.12400,
,,,0.000000082000,   0.12400,
,,,0.000000082040,   0.12600,
,,,0.000000082080,   0.12800,
,,,0.000000082120,   0.12800,
,,,0.000000082160,   0.13000,
,,,0.000000082200,   0.13000,
,,,0.000000082240,   0.13200,
,,,0.000000082280,   0.13200,
,,,0.000000082320,   0.13400,
,,,0.000000082360,   0.13400,
,,,0.000000082400,   0.13400,
,,,0.000000082440,   0.13400,
,,,0.000000082480,   0.13600,
,,,0.000000082520,   0.13600,
,,,0.000000082560,   0.13600,
,,,0.000000082600,   0.13800,
,,,0.000000082640,   0.13800,
,,,0.000000082680,   0.13800,
,,,0.000000082720,   0.13800,
,,,0.000000082760,   0.13800,
,,,0.000000082800,   0.13800,
,,,0.000000082840,   0.13800,
,,,0.000000082880,   0.13800,
,,,0.000000082920,   0.13800,
,,,0.000000082960,   0.13800,
,,,0.000000083000,   0.13800,
,,,0.000000083040,   0.13800,
,,,0.000000083080,   0.13800,
,,,0.000000083120,   0.13600,
,,,0.000000083160,   0.13600,
,,,0.000000083200,   0.13600,
,,,0.000000083240,   0.13600,
,,,0.000000083280,   0.13400,
,,,0.000000083320,   0.13400,
,,,0.000000083360,   0.13400,
,,,0.000000083400,   0.13200,
,,,0.000000083440,   0.13200,
,,,0.000000083480,   0.13000,
,,,0.000000083520,   0.13000,
,,,0.000000083560,   0.12800,
,,,0.000000083600,   0.12800,
,,,0.000000083640,   0.12600,
,,,0.000000083680,   0.12600,
,,,0.000000083720,   0.12400,
,,,0.000000083760,   0.12400,
,,,0.000000083800,   0.12200,
,,,0.000000083840,   0.12000,
,,,0.000000083880,   0.12000,
,,,0.000000083920,   0.11800,
,,,0.000000083960,   0.11800,
,,,0.000000084000,   0.11600,
,,,0.000000084040,   0.11600,
,,,0.000000084080,   0.11400,
,,,0.000000084120,   0.11400,
,,,0.000000084160,   0.11200,
,,,0.000000084200,   0.11000,
,,,0.000000084240,   0.11000,
,,,0.000000084280,   0.10800,
,,,0.000000084320,   0.10800,
,,,0.000000084360,   0.10600,
,,,0.000000084400,   0.10600,
,,,0.000000084440,   0.10400,
,,,0.000000084480,   0.10400,
,,,0.000000084520,   0.10200,
,,,0.000000084560,   0.10000,
,,,0.000000084600,   0.10000,
,,,0.000000084640,   0.09800,
,,,0.000000084680,   0.09800,
,,,0.000000084720,   0.09600,
,,,0.000000084760,   0.09600,
,,,0.000000084800,   0.09400,
,,,0.000000084840,   0.09400,
,,,0.000000084880,   0.09400,
,,,0.000000084920,   0.09200,
,,,0.000000084960,   0.09200,
,,,0.000000085000,   0.09000,
,,,0.000000085040,   0.09000,
,,,0.000000085080,   0.09000,
,,,0.000000085120,   0.08800,
,,,0.000000085160,   0.08800,
,,,0.000000085200,   0.08800,
,,,0.000000085240,   0.08800,
,,,0.000000085280,   0.08600,
,,,0.000000085320,   0.08600,
,,,0.000000085360,   0.08600,
,,,0.000000085400,   0.08600,
,,,0.000000085440,   0.08600,
,,,0.000000085480,   0.08400,
,,,0.000000085520,   0.08400,
,,,0.000000085560,   0.08400,
,,,0.000000085600,   0.08400,
,,,0.000000085640,   0.08400,
,,,0.000000085680,   0.08400,
,,,0.000000085720,   0.08200,
,,,0.000000085760,   0.08200,
,,,0.000000085800,   0.08200,
,,,0.000000085840,   0.08200,
,,,0.000000085880,   0.08200,
,,,0.000000085920,   0.08200,
,,,0.000000085960,   0.08200,
,,,0.000000086000,   0.08200,
,,,0.000000086040,   0.08200,
,,,0.000000086080,   0.08200,
,,,0.000000086120,   0.08200,
,,,0.000000086160,   0.08200,
,,,0.000000086200,   0.08200,
,,,0.000000086240,   0.08000,
,,,0.000000086280,   0.08000,
,,,0.000000086320,   0.08000,
,,,0.000000086360,   0.08000,
,,,0.000000086400,   0.08000,
,,,0.000000086440,   0.08000,
,,,0.000000086480,   0.08000,
,,,0.000000086520,   0.08000,
,,,0.000000086560,   0.08000,
,,,0.000000086600,   0.08000,
,,,0.000000086640,   0.08000,
,,,0.000000086680,   0.08000,
,,,0.000000086720,   0.08000,
,,,0.000000086760,   0.07800,
,,,0.000000086800,   0.07800,
,,,0.000000086840,   0.07800,
,,,0.000000086880,   0.07800,
,,,0.000000086920,   0.07800,
,,,0.000000086960,   0.07800,
,,,0.000000087000,   0.07800,
,,,0.000000087040,   0.07800,
,,,0.000000087080,   0.07600,
,,,0.000000087120,   0.07600,
,,,0.000000087160,   0.07600,
,,,0.000000087200,   0.07600,
,,,0.000000087240,   0.07600,
,,,0.000000087280,   0.07600,
,,,0.000000087320,   0.07600,
,,,0.000000087360,   0.07400,
,,,0.000000087400,   0.07400,
,,,0.000000087440,   0.07400,
,,,0.000000087480,   0.07400,
,,,0.000000087520,   0.07400,
,,,0.000000087560,   0.07200,
,,,0.000000087600,   0.07200,
,,,0.000000087640,   0.07200,
,,,0.000000087680,   0.07200,
,,,0.000000087720,   0.07200,
,,,0.000000087760,   0.07200,
,,,0.000000087800,   0.07000,
,,,0.000000087840,   0.07000,
,,,0.000000087880,   0.07000,
,,,0.000000087920,   0.07000,
,,,0.000000087960,   0.07000,
,,,0.000000088000,   0.06800,
,,,0.000000088040,   0.06800,
,,,0.000000088080,   0.06800,
,,,0.000000088120,   0.06800,
,,,0.000000088160,   0.06800,
,,,0.000000088200,   0.06600,
,,,0.000000088240,   0.06600,
,,,0.000000088280,   0.06600,
,,,0.000000088320,   0.06600,
,,,0.000000088360,   0.06400,
,,,0.000000088400,   0.06400,
,,,0.000000088440,   0.06400,
,,,0.000000088480,   0.06200,
,,,0.000000088520,   0.06200,
,,,0.000000088560,   0.06200,
,,,0.000000088600,   0.06200,
,,,0.000000088640,   0.06000,
,,,0.000000088680,   0.06000,
,,,0.000000088720,   0.06000,
,,,0.000000088760,   0.06000,
,,,0.000000088800,   0.05800,
,,,0.000000088840,   0.05800,
,,,0.000000088880,   0.05800,
,,,0.000000088920,   0.05800,
,,,0.000000088960,   0.05800,
,,,0.000000089000,   0.05600,
,,,0.000000089040,   0.05600,
,,,0.000000089080,   0.05600,
,,,0.000000089120,   0.05600,
,,,0.000000089160,   0.05600,
,,,0.000000089200,   0.05400,
,,,0.000000089240,   0.05400,
,,,0.000000089280,   0.05400,
,,,0.000000089320,   0.05400,
,,,0.000000089360,   0.05400,
,,,0.000000089400,   0.05400,
,,,0.000000089440,   0.05400,
,,,0.000000089480,   0.05400,
,,,0.000000089520,   0.05400,
,,,0.000000089560,   0.05400,
,,,0.000000089600,   0.05400,
,,,0.000000089640,   0.05400,
,,,0.000000089680,   0.05400,
,,,0.000000089720,   0.05400,
,,,0.000000089760,   0.05400,
,,,0.000000089800,   0.05400,
,,,0.000000089840,   0.05400,
,,,0.000000089880,   0.05400,
,,,0.000000089920,   0.05400,
,,,0.000000089960,   0.05400,
,,,0.000000090000,   0.05400,
,,,0.000000090040,   0.05600,
,,,0.000000090080,   0.05600,
,,,0.000000090120,   0.05600,
,,,0.000000090160,   0.05600,
,,,0.000000090200,   0.05800,
,,,0.000000090240,   0.05800,
,,,0.000000090280,   0.05800,
,,,0.000000090320,   0.06000,
,,,0.000000090360,   0.06000,
,,,0.000000090400,   0.06200,
,,,0.000000090440,   0.06200,
,,,0.000000090480,   0.06400,
,,,0.000000090520,   0.06400,
,,,0.000000090560,   0.06600,
,,,0.000000090600,   0.06600,
,,,0.000000090640,   0.06800,
,,,0.000000090680,   0.06800,
,,,0.000000090720,   0.07000,
,,,0.000000090760,   0.07200,
,,,0.000000090800,   0.07200,
,,,0.000000090840,   0.07400,
,,,0.000000090880,   0.07600,
,,,0.000000090920,   0.07600,
,,,0.000000090960,   0.07800,
,,,0.000000091000,   0.08000,
,,,0.000000091040,   0.08200,
,,,0.000000091080,   0.08200,
,,,0.000000091120,   0.08400,
,,,0.000000091160,   0.08600,
,,,0.000000091200,   0.08800,
,,,0.000000091240,   0.09000,
,,,0.000000091280,   0.09000,
,,,0.000000091320,   0.09200,
,,,0.000000091360,   0.09400,
,,,0.000000091400,   0.09600,
,,,0.000000091440,   0.09800,
,,,0.000000091480,   0.09800,
,,,0.000000091520,   0.10000,
,,,0.000000091560,   0.10200,
,,,0.000000091600,   0.10400,
,,,0.000000091640,   0.10600,
,,,0.000000091680,   0.10600,
,,,0.000000091720,   0.10800,
,,,0.000000091760,   0.11000,
,,,0.000000091800,   0.11200,
,,,0.000000091840,   0.11200,
,,,0.000000091880,   0.11400,
,,,0.000000091920,   0.11600,
,,,0.000000091960,   0.11800,
,,,0.000000092000,   0.11800,
,,,0.000000092040,   0.12000,
,,,0.000000092080,   0.12200,
,,,0.000000092120,   0.12200,
,,,0.000000092160,   0.12400,
,,,0.000000092200,   0.12600,
,,,0.000000092240,   0.12600,
,,,0.000000092280,   0.12800,
,,,0.000000092320,   0.12800,
,,,0.000000092360,   0.13000,
,,,0.000000092400,   0.13000,
,,,0.000000092440,   0.13200,
,,,0.000000092480,   0.13200,
,,,0.000000092520,   0.13200,
,,,0.000000092560,   0.13400,
,,,0.000000092600,   0.13400,
,,,0.000000092640,   0.13400,
,,,0.000000092680,   0.13400,
,,,0.000000092720,   0.13600,
,,,0.000000092760,   0.13600,
,,,0.000000092800,   0.13600,
,,,0.000000092840,   0.13600,
,,,0.000000092880,   0.13600,
,,,0.000000092920,   0.13600,
,,,0.000000092960,   0.13600,
,,,0.000000093000,   0.13600,
,,,0.000000093040,   0.13600,
,,,0.000000093080,   0.13600,
,,,0.000000093120,   0.13600,
,,,0.000000093160,   0.13600,
,,,0.000000093200,   0.13400,
,,,0.000000093240,   0.13400,
,,,0.000000093280,   0.13400,
,,,0.000000093320,   0.13400,
,,,0.000000093360,   0.13200,
,,,0.000000093400,   0.13200,
,,,0.000000093440,   0.13000,
,,,0.000000093480,   0.13000,
,,,0.000000093520,   0.13000,
,,,0.000000093560,   0.12800,
,,,0.000000093600,   0.12800,
,,,0.000000093640,   0.12800,
,,,0.000000093680,   0.12600,
,,,0.000000093720,   0.12600,
,,,0.000000093760,   0.12400,
,,,0.000000093800,   0.12400,
,,,0.000000093840,   0.12200,
,,,0.000000093880,   0.12200,
,,,0.000000093920,   0.12000,
,,,0.000000093960,   0.11800,
,,,0.000000094000,   0.11800,
,,,0.000000094040,   0.11600,
,,,0.000000094080,   0.11600,
,,,0.000000094120,   0.11400,
,,,0.000000094160,   0.11400,
,,,0.000000094200,   0.11200,
,,,0.000000094240,   0.11000,
,,,0.000000094280,   0.11000,
,,,0.000000094320,   0.10800,
,,,0.000000094360,   0.10800,
,,,0.000000094400,   0.10600,
,,,0.000000094440,   0.10600,
,,,0.000000094480,   0.10400,
,,,0.000000094520,   0.10400,
,,,0.000000094560,   0.10200,
,,,0.000000094600,   0.10200,
,,,0.000000094640,   0.10000,
,,,0.000000094680,   0.10000,
,,,0.000000094720,   0.09800,
,,,0.000000094760,   0.09800,
,,,0.000000094800,   0.09600,
,,,0.000000094840,   0.09600,
,,,0.000000094880,   0.09400,
,,,0.000000094920,   0.09400,
,,,0.000000094960,   0.09400,
,,,0.000000095000,   0.09200,
,,,0.000000095040,   0.09200,
,,,0.000000095080,   0.09200,
,,,0.000000095120,   0.09000,
,,,0.000000095160,   0.09000,
,,,0.000000095200,   0.09000,
,,,0.000000095240,   0.08800,
,,,0.000000095280,   0.08800,
,,,0.000000095320,   0.08800,
,,,0.000000095360,   0.08800,
,,,0.000000095400,   0.08600,
,,,0.000000095440,   0.08600,
,,,0.000000095480,   0.08600,
,,,0.000000095520,   0.08600,
,,,0.000000095560,   0.08600,
,,,0.000000095600,   0.08400,
,,,0.000000095640,   0.08400,
,,,0.000000095680,   0.08400,
,,,0.000000095720,   0.08400,
,,,0.000000095760,   0.08400,
,,,0.000000095800,   0.08400,
,,,0.000000095840,   0.08400,
,,,0.000000095880,   0.08400,
,,,0.000000095920,   0.08400,
,,,0.000000095960,   0.08400,
,,,0.000000096000,   0.08200,
,,,0.000000096040,   0.08200,
,,,0.000000096080,   0.08200,
,,,0.000000096120,   0.08200,
,,,0.000000096160,   0.08200,
,,,0.000000096200,   0.08200,
,,,0.000000096240,   0.08200,
,,,0.000000096280,   0.08200,
,,,0.000000096320,   0.08200,
,,,0.000000096360,   0.08200,
,,,0.000000096400,   0.08200,
,,,0.000000096440,   0.08200,
,,,0.000000096480,   0.08200,
,,,0.000000096520,   0.08200,
,,,0.000000096560,   0.08200,
,,,0.000000096600,   0.08200,
,,,0.000000096640,   0.08200,
,,,0.000000096680,   0.08200,
,,,0.000000096720,   0.08000,
,,,0.000000096760,   0.08000,
,,,0.000000096800,   0.08000,
,,,0.000000096840,   0.08000,
,,,0.000000096880,   0.08000,
,,,0.000000096920,   0.08000,
,,,0.000000096960,   0.08000,
,,,0.000000097000,   0.08000,
,,,0.000000097040,   0.08000,
,,,0.000000097080,   0.08000,
,,,0.000000097120,   0.08000,
,,,0.000000097160,   0.08000,
,,,0.000000097200,   0.07800,
,,,0.000000097240,   0.07800,
,,,0.000000097280,   0.07800,
,,,0.000000097320,   0.07800,
,,,0.000000097360,   0.07800,
,,,0.000000097400,   0.07800,
,,,0.000000097440,   0.07800,
,,,0.000000097480,   0.07600,
,,,0.000000097520,   0.07600,
,,,0.000000097560,   0.07600,
,,,0.000000097600,   0.07600,
,,,0.000000097640,   0.07600,
,,,0.000000097680,   0.07400,
,,,0.000000097720,   0.07400,
,,,0.000000097760,   0.07400,
,,,0.000000097800,   0.07400,
,,,0.000000097840,   0.07400,
,,,0.000000097880,   0.07200,
,,,0.000000097920,   0.07200,
,,,0.000000097960,   0.07200,
,,,0.000000098000,   0.07200,
,,,0.000000098040,   0.07000,
,,,0.000000098080,   0.07000,
,,,0.000000098120,   0.07000,
,,,0.000000098160,   0.07000,
,,,0.000000098200,   0.06800,
,,,0.000000098240,   0.06800,
,,,0.000000098280,   0.06800,
,,,0.000000098320,   0.06800,
,,,0.000000098360,   0.06600,
,,,0.000000098400,   0.06600,
,,,0.000000098440,   0.06600,
,,,0.000000098480,   0.06600,
,,,0.000000098520,   0.06400,
,,,0.000000098560,   0.06400,
,,,0.000000098600,   0.06400,
,,,0.000000098640,   0.06200,
,,,0.000000098680,   0.06200,
,,,0.000000098720,   0.06200,
,,,0.000000098760,   0.06000,
,,,0.000000098800,   0.06000,
,,,0.000000098840,   0.06000,
,,,0.000000098880,   0.06000,
,,,0.000000098920,   0.05800,
,,,0.000000098960,   0.05800,
,,,0.000000099000,   0.05800,
,,,0.000000099040,   0.05800,
,,,0.000000099080,   0.05600,
,,,0.000000099120,   0.05600,
,,,0.000000099160,   0.05600,
,,,0.000000099200,   0.05600,
,,,0.000000099240,   0.05400,
,,,0.000000099280,   0.05400,
,,,0.000000099320,   0.05400,
,,,0.000000099360,   0.05400,
,,,0.000000099400,   0.05400,
,,,0.000000099440,   0.05200,
,,,0.000000099480,   0.05200,
,,,0.000000099520,   0.05200,
,,,0.000000099560,   0.05200,
,,,0.000000099600,   0.05200,
,,,0.000000099640,   0.05200,
,,,0.000000099680,   0.05200,
,,,0.000000099720,   0.05200,
,,,0.000000099760,   0.05200,
,,,0.000000099800,   0.05200,
,,,0.000000099840,   0.05200,
,,,0.000000099880,   0.05200,
,,,0.000000099920,   0.05200,
,,,0.000000099960,   0.05200,
,,,0.000000100000,   0.05200,
,,,0.000000100040,   0.05200,
,,,0.000000100080,   0.05200,
,,,0.000000100120,   0.05200,
,,,0.000000100160,   0.05200,
,,,0.000000100200,   0.05400,
,,,0.000000100240,   0.05400,
,,,0.000000100280,   0.05400,
,,,0.000000100320,   0.05400,
,,,0.000000100360,   0.05600,
,,,0.000000100400,   0.05600,
,,,0.000000100440,   0.05600,
,,,0.000000100480,   0.05800,
,,,0.000000100520,   0.05800,
,,,0.000000100560,   0.06000,
,,,0.000000100600,   0.06000,
,,,0.000000100640,   0.06200,
,,,0.000000100680,   0.06200,
,,,0.000000100720,   0.06400,
,,,0.000000100760,   0.06400,
,,,0.000000100800,   0.06600,
,,,0.000000100840,   0.06800,
,,,0.000000100880,   0.06800,
,,,0.000000100920,   0.07000,
,,,0.000000100960,   0.07200,
,,,0.000000101000,   0.07200,
,,,0.000000101040,   0.07400,
,,,0.000000101080,   0.07600,
,,,0.000000101120,   0.07800,
,,,0.000000101160,   0.07800,
,,,0.000000101200,   0.08000,
,,,0.000000101240,   0.08200,
,,,0.000000101280,   0.08400,
,,,0.000000101320,   0.08600,
,,,0.000000101360,   0.08800,
,,,0.000000101400,   0.08800,
,,,0.000000101440,   0.09000,
,,,0.000000101480,   0.09200,
,,,0.000000101520,   0.09400,
,,,0.000000101560,   0.09600,
,,,0.000000101600,   0.09800,
,,,0.000000101640,   0.09800,
,,,0.000000101680,   0.10000,
,,,0.000000101720,   0.10200,
,,,0.000000101760,   0.10400,
,,,0.000000101800,   0.10600,
,,,0.000000101840,   0.10600,
,,,0.000000101880,   0.10800,
,,,0.000000101920,   0.11000,
,,,0.000000101960,   0.11200,
,,,0.000000102000,   0.11400,
,,,0.000000102040,   0.11400,
,,,0.000000102080,   0.11600,
,,,0.000000102120,   0.11800,
,,,0.000000102160,   0.11800,
,,,0.000000102200,   0.12000,
,,,0.000000102240,   0.12200,
,,,0.000000102280,   0.12200,
,,,0.000000102320,   0.12400,
,,,0.000000102360,   0.12400,
,,,0.000000102400,   0.12600,
,,,0.000000102440,   0.12600,
,,,0.000000102480,   0.12800,
,,,0.000000102520,   0.12800,
,,,0.000000102560,   0.13000,
,,,0.000000102600,   0.13000,
,,,0.000000102640,   0.13000,
,,,0.000000102680,   0.13200,
,,,0.000000102720,   0.13200,
,,,0.000000102760,   0.13200,
,,,0.000000102800,   0.13200,
,,,0.000000102840,   0.13400,
,,,0.000000102880,   0.13400,
,,,0.000000102920,   0.13400,
,,,0.000000102960,   0.13400,
,,,0.000000103000,   0.13400,
,,,0.000000103040,   0.13400,
,,,0.000000103080,   0.13400,
,,,0.000000103120,   0.13400,
,,,0.000000103160,   0.13400,
,,,0.000000103200,   0.13400,
,,,0.000000103240,   0.13400,
,,,0.000000103280,   0.13400,
,,,0.000000103320,   0.13200,
,,,0.000000103360,   0.13200,
,,,0.000000103400,   0.13200,
,,,0.000000103440,   0.13200,
,,,0.000000103480,   0.13000,
,,,0.000000103520,   0.13000,
,,,0.000000103560,   0.13000,
,,,0.000000103600,   0.12800,
,,,0.000000103640,   0.12800,
,,,0.000000103680,   0.12800,
,,,0.000000103720,   0.12600,
,,,0.000000103760,   0.12600,
,,,0.000000103800,   0.12600,
,,,0.000000103840,   0.12400,
,,,0.000000103880,   0.12400,
,,,0.000000103920,   0.12200,
,,,0.000000103960,   0.12200,
,,,0.000000104000,   0.12000,
,,,0.000000104040,   0.12000,
,,,0.000000104080,   0.11800,
,,,0.000000104120,   0.11800,
,,,0.000000104160,   0.11600,
,,,0.000000104200,   0.11400,
,,,0.000000104240,   0.11400,
,,,0.000000104280,   0.11200,
,,,0.000000104320,   0.11200,
,,,0.000000104360,   0.11000,
,,,0.000000104400,   0.11000,
,,,0.000000104440,   0.10800,
,,,0.000000104480,   0.10800,
,,,0.000000104520,   0.10600,
,,,0.000000104560,   0.10600,
,,,0.000000104600,   0.10400,
,,,0.000000104640,   0.10400,
,,,0.000000104680,   0.10200,
,,,0.000000104720,   0.10200,
,,,0.000000104760,   0.10000,
,,,0.000000104800,   0.10000,
,,,0.000000104840,   0.09800,
,,,0.000000104880,   0.09800,
,,,0.000000104920,   0.09600,
,,,0.000000104960,   0.09600,
,,,0.000000105000,   0.09400,
,,,0.000000105040,   0.09400,
,,,0.000000105080,   0.09400,
,,,0.000000105120,   0.09200,
,,,0.000000105160,   0.09200,
,,,0.000000105200,   0.09200,
,,,0.000000105240,   0.09000,
,,,0.000000105280,   0.09000,
,,,0.000000105320,   0.09000,
,,,0.000000105360,   0.08800,
,,,0.000000105400,   0.08800,
,,,0.000000105440,   0.08800,
,,,0.000000105480,   0.08800,
,,,0.000000105520,   0.08600,
,,,0.000000105560,   0.08600,
,,,0.000000105600,   0.08600,
,,,0.000000105640,   0.08600,
,,,0.000000105680,   0.08600,
,,,0.000000105720,   0.08400,
,,,0.000000105760,   0.08400,
,,,0.000000105800,   0.08400,
,,,0.000000105840,   0.08400,
,,,0.000000105880,   0.08400,
,,,0.000000105920,   0.08400,
,,,0.000000105960,   0.08200,
,,,0.000000106000,   0.08200,
,,,0.000000106040,   0.08200,
,,,0.000000106080,   0.08200,
,,,0.000000106120,   0.08200,
,,,0.000000106160,   0.08200,
,,,0.000000106200,   0.08200,
,,,0.000000106240,   0.08200,
,,,0.000000106280,   0.08200,
,,,0.000000106320,   0.08200,
,,,0.000000106360,   0.08000,
,,,0.000000106400,   0.08000,
,,,0.000000106440,   0.08000,
,,,0.000000106480,   0.08000,
,,,0.000000106520,   0.08000,
,,,0.000000106560,   0.08000,
,,,0.000000106600,   0.08000,
,,,0.000000106640,   0.08000,
,,,0.000000106680,   0.08000,
,,,0.000000106720,   0.08000,
,,,0.000000106760,   0.07800,
,,,0.000000106800,   0.07800,
,,,0.000000106840,   0.07800,
,,,0.000000106880,   0.07800,
,,,0.000000106920,   0.07800,
,,,0.000000106960,   0.07800,
,,,0.000000107000,   0.07800,
,,,0.000000107040,   0.07800,
,,,0.000000107080,   0.07800,
,,,0.000000107120,   0.07800,
,,,0.000000107160,   0.07800,
,,,0.000000107200,   0.07800,
,,,0.000000107240,   0.07600,
,,,0.000000107280,   0.07600,
,,,0.000000107320,   0.07600,
,,,0.000000107360,   0.07600,
,,,0.000000107400,   0.07600,
,,,0.000000107440,   0.07600,
,,,0.000000107480,   0.07600,
,,,0.000000107520,   0.07600,
,,,0.000000107560,   0.07400,
,,,0.000000107600,   0.07400,
,,,0.000000107640,   0.07400,
,,,0.000000107680,   0.07400,
,,,0.000000107720,   0.07400,
,,,0.000000107760,   0.07200,
,,,0.000000107800,   0.07200,
,,,0.000000107840,   0.07200,
,,,0.000000107880,   0.07200,
,,,0.000000107920,   0.07200,
,,,0.000000107960,   0.07000,
,,,0.000000108000,   0.07000,
,,,0.000000108040,   0.07000,
,,,0.000000108080,   0.07000,
,,,0.000000108120,   0.07000,
,,,0.000000108160,   0.06800,
,,,0.000000108200,   0.06800,
,,,0.000000108240,   0.06800,
,,,0.000000108280,   0.06800,
,,,0.000000108320,   0.06600,
,,,0.000000108360,   0.06600,
,,,0.000000108400,   0.06600,
,,,0.000000108440,   0.06600,
,,,0.000000108480,   0.06400,
,,,0.000000108520,   0.06400,
,,,0.000000108560,   0.06400,
,,,0.000000108600,   0.06400,
,,,0.000000108640,   0.06400,
,,,0.000000108680,   0.06200,
,,,0.000000108720,   0.06200,
,,,0.000000108760,   0.06200,
,,,0.000000108800,   0.06200,
,,,0.000000108840,   0.06000,
,,,0.000000108880,   0.06000,
,,,0.000000108920,   0.06000,
,,,0.000000108960,   0.06000,
,,,0.000000109000,   0.06000,
,,,0.000000109040,   0.05800,
,,,0.000000109080,   0.05800,
,,,0.000000109120,   0.05800,
,,,0.000000109160,   0.05800,
,,,0.000000109200,   0.05600,
,,,0.000000109240,   0.05600,
,,,0.000000109280,   0.05600,
,,,0.000000109320,   0.05600,
,,,0.000000109360,   0.05600,
,,,0.000000109400,   0.05400,
,,,0.000000109440,   0.05400,
,,,0.000000109480,   0.05400,
,,,0.000000109520,   0.05400,
,,,0.000000109560,   0.05400,
,,,0.000000109600,   0.05400,
,,,0.000000109640,   0.05200,
,,,0.000000109680,   0.05200,
,,,0.000000109720,   0.05200,
,,,0.000000109760,   0.05200,
,,,0.000000109800,   0.05200,
,,,0.000000109840,   0.05200,
,,,0.000000109880,   0.05200,
,,,0.000000109920,   0.05200,
,,,0.000000109960,   0.05200,
,,,0.000000110000,   0.05200,
,,,0.000000110040,   0.05200,
,,,0.000000110080,   0.05200,
,,,0.000000110120,   0.05200,
,,,0.000000110160,   0.05200,
,,,0.000000110200,   0.05400,
,,,0.000000110240,   0.05400,
,,,0.000000110280,   0.05400,
,,,0.000000110320,   0.05400,
,,,0.000000110360,   0.05400,
,,,0.000000110400,   0.05600,
,,,0.000000110440,   0.05600,
,,,0.000000110480,   0.05600,
,,,0.000000110520,   0.05800,
,,,0.000000110560,   0.05800,
,,,0.000000110600,   0.06000,
,,,0.000000110640,   0.06000,
,,,0.000000110680,   0.06000,
,,,0.000000110720,   0.06200,
,,,0.000000110760,   0.06200,
,,,0.000000110800,   0.06400,
,,,0.000000110840,   0.06400,
,,,0.000000110880,   0.06600,
,,,0.000000110920,   0.06800,
,,,0.000000110960,   0.06800,
,,,0.000000111000,   0.07000,
,,,0.000000111040,   0.07000,
,,,0.000000111080,   0.07200,
,,,0.000000111120,   0.07400,
,,,0.000000111160,   0.07400,
,,,0.000000111200,   0.07600,
,,,0.000000111240,   0.07800,
,,,0.000000111280,   0.08000,
,,,0.000000111320,   0.08000,
,,,0.000000111360,   0.08200,
,,,0.000000111400,   0.08400,
,,,0.000000111440,   0.08600,
,,,0.000000111480,   0.08800,
,,,0.000000111520,   0.09000,
,,,0.000000111560,   0.09000,
,,,0.000000111600,   0.09200,
,,,0.000000111640,   0.09400,
,,,0.000000111680,   0.09600,
,,,0.000000111720,   0.09800,
,,,0.000000111760,   0.10000,
,,,0.000000111800,   0.10200,
,,,0.000000111840,   0.10200,
,,,0.000000111880,   0.10400,
,,,0.000000111920,   0.10600,
,,,0.000000111960,   0.10800,
,,,0.000000112000,   0.11000,
,,,0.000000112040,   0.11000,
,,,0.000000112080,   0.11200,
,,,0.000000112120,   0.11400,
,,,0.000000112160,   0.11600,
,,,0.000000112200,   0.11600,
,,,0.000000112240,   0.11800,
,,,0.000000112280,   0.12000,
,,,0.000000112320,   0.12000,
,,,0.000000112360,   0.12200,
,,,0.000000112400,   0.12400,
,,,0.000000112440,   0.12400,
,,,0.000000112480,   0.12600,
,,,0.000000112520,   0.12600,
,,,0.000000112560,   0.12800,
,,,0.000000112600,   0.12800,
,,,0.000000112640,   0.13000,
,,,0.000000112680,   0.13000,
,,,0.000000112720,   0.13200,
,,,0.000000112760,   0.13200,
,,,0.000000112800,   0.13200,
,,,0.000000112840,   0.13400,
,,,0.000000112880,   0.13400,
,,,0.000000112920,   0.13400,
,,,0.000000112960,   0.13600,
,,,0.000000113000,   0.13600,
,,,0.000000113040,   0.13600,
,,,0.000000113080,   0.13600,
,,,0.000000113120,   0.13600,
,,,0.000000113160,   0.13600,
,,,0.000000113200,   0.13600,
,,,0.000000113240,   0.13600,
,,,0.000000113280,   0.13600,
,,,0.000000113320,   0.13600,
,,,0.000000113360,   0.13600,
,,,0.000000113400,   0.13600,
,,,0.000000113440,   0.13400,
,,,0.000000113480,   0.13400,
,,,0.000000113520,   0.13400,
,,,0.000000113560,   0.13400,
,,,0.000000113600,   0.13200,
,,,0.000000113640,   0.13200,
,,,0.000000113680,   0.13200,
,,,0.000000113720,   0.13000,
,,,0.000000113760,   0.13000,
,,,0.000000113800,   0.12800,
,,,0.000000113840,   0.12800,
,,,0.000000113880,   0.12800,
,,,0.000000113920,   0.12600,
,,,0.000000113960,   0.12600,
,,,0.000000114000,   0.12400,
,,,0.000000114040,   0.12400,
,,,0.000000114080,   0.12200,
,,,0.000000114120,   0.12200,
,,,0.000000114160,   0.12000,
,,,0.000000114200,   0.11800,
,,,0.000000114240,   0.11800,
,,,0.000000114280,   0.11600,
,,,0.000000114320,   0.11600,
,,,0.000000114360,   0.11400,
,,,0.000000114400,   0.11400,
,,,0.000000114440,   0.11200,
,,,0.000000114480,   0.11200,
,,,0.000000114520,   0.11000,
,,,0.000000114560,   0.11000,
,,,0.000000114600,   0.10800,
,,,0.000000114640,   0.10600,
,,,0.000000114680,   0.10600,
,,,0.000000114720,   0.10400,
,,,0.000000114760,   0.10400,
,,,0.000000114800,   0.10200,
,,,0.000000114840,   0.10200,
,,,0.000000114880,   0.10000,
,,,0.000000114920,   0.10000,
,,,0.000000114960,   0.09800,
,,,0.000000115000,   0.09800,
,,,0.000000115040,   0.09600,
,,,0.000000115080,   0.09600,
,,,0.000000115120,   0.09600,
,,,0.000000115160,   0.09400,
,,,0.000000115200,   0.09400,
,,,0.000000115240,   0.09200,
,,,0.000000115280,   0.09200,
,,,0.000000115320,   0.09200,
,,,0.000000115360,   0.09000,
,,,0.000000115400,   0.09000,
,,,0.000000115440,   0.09000,
,,,0.000000115480,   0.08800,
,,,0.000000115520,   0.08800,
,,,0.000000115560,   0.08800,
,,,0.000000115600,   0.08600,
,,,0.000000115640,   0.08600,
,,,0.000000115680,   0.08600,
,,,0.000000115720,   0.08600,
,,,0.000000115760,   0.08400,
,,,0.000000115800,   0.08400,
,,,0.000000115840,   0.08400,
,,,0.000000115880,   0.08400,
,,,0.000000115920,   0.08400,
,,,0.000000115960,   0.08200,
,,,0.000000116000,   0.08200,
,,,0.000000116040,   0.08200,
,,,0.000000116080,   0.08200,
,,,0.000000116120,   0.08200,
,,,0.000000116160,   0.08200,
,,,0.000000116200,   0.08200,
,,,0.000000116240,   0.08200,
,,,0.000000116280,   0.08200,
,,,0.000000116320,   0.08200,
,,,0.000000116360,   0.08000,
,,,0.000000116400,   0.08000,
,,,0.000000116440,   0.08000,
,,,0.000000116480,   0.08000,
,,,0.000000116520,   0.08000,
,,,0.000000116560,   0.08000,
,,,0.000000116600,   0.08000,
,,,0.000000116640,   0.08000,
,,,0.000000116680,   0.08000,
,,,0.000000116720,   0.08000,
,,,0.000000116760,   0.08000,
,,,0.000000116800,   0.08000,
,,,0.000000116840,   0.08000,
,,,0.000000116880,   0.07800,
,,,0.000000116920,   0.07800,
,,,0.000000116960,   0.07800,
,,,0.000000117000,   0.07800,
,,,0.000000117040,   0.07800,
,,,0.000000117080,   0.07800,
,,,0.000000117120,   0.07800,
,,,0.000000117160,   0.07800,
,,,0.000000117200,   0.07800,
,,,0.000000117240,   0.07800,
,,,0.000000117280,   0.07800,
,,,0.000000117320,   0.07600,
,,,0.000000117360,   0.07600,
,,,0.000000117400,   0.07600,
,,,0.000000117440,   0.07600,
,,,0.000000117480,   0.07600,
,,,0.000000117520,   0.07600,
,,,0.000000117560,   0.07600,
,,,0.000000117600,   0.07400,
,,,0.000000117640,   0.07400,
,,,0.000000117680,   0.07400,
,,,0.000000117720,   0.07400,
,,,0.000000117760,   0.07400,
,,,0.000000117800,   0.07400,
,,,0.000000117840,   0.07400,
,,,0.000000117880,   0.07200,
,,,0.000000117920,   0.07200,
,,,0.000000117960,   0.07200,
,,,0.000000118000,   0.07200,
,,,0.000000118040,   0.07200,
,,,0.000000118080,   0.07000,
,,,0.000000118120,   0.07000,
,,,0.000000118160,   0.07000,
,,,0.000000118200,   0.07000,
,,,0.000000118240,   0.07000,
,,,0.000000118280,   0.06800,
,,,0.000000118320,   0.06800,
,,,0.000000118360,   0.06800,
,,,0.000000118400,   0.06800,
,,,0.000000118440,   0.06800,
,,,0.000000118480,   0.06600,
,,,0.000000118520,   0.06600,
,,,0.000000118560,   0.06600,
,,,0.000000118600,   0.06400,
,,,0.000000118640,   0.06400,
,,,0.000000118680,   0.06400,
,,,0.000000118720,   0.06400,
,,,0.000000118760,   0.06200,
,,,0.000000118800,   0.06200,
,,,0.000000118840,   0.06200,
,,,0.000000118880,   0.06200,
,,,0.000000118920,   0.06000,
,,,0.000000118960,   0.06000,
,,,0.000000119000,   0.06000,
,,,0.000000119040,   0.06000,
,,,0.000000119080,   0.05800,
,,,0.000000119120,   0.05800,
,,,0.000000119160,   0.05800,
,,,0.000000119200,   0.05800,
,,,0.000000119240,   0.05600,
,,,0.000000119280,   0.05600,
,,,0.000000119320,   0.05600,
,,,0.000000119360,   0.05600,
,,,0.000000119400,   0.05400,
,,,0.000000119440,   0.05400,
,,,0.000000119480,   0.05400,
,,,0.000000119520,   0.05400,
,,,0.000000119560,   0.05400,
,,,0.000000119600,   0.05400,
,,,0.000000119640,   0.05400,
,,,0.000000119680,   0.05200,
,,,0.000000119720,   0.05200,
,,,0.000000119760,   0.05200,
,,,0.000000119800,   0.05200,
,,,0.000000119840,   0.05200,
,,,0.000000119880,   0.05200,
,,,0.000000119920,   0.05200,
,,,0.000000119960,   0.05200,
,,,0.000000120000,   0.05000,
,,,0.000000120040,   0.05000,
,,,0.000000120080,   0.05000,
,,,0.000000120120,   0.05000,
,,,0.000000120160,   0.05200,
,,,0.000000120200,   0.05200,
,,,0.000000120240,   0.05200,
,,,0.000000120280,   0.05200,
,,,0.000000120320,   0.05200,
,,,0.000000120360,   0.05200,
,,,0.000000120400,   0.05200,
,,,0.000000120440,   0.05400,
,,,0.000000120480,   0.05400,
,,,0.000000120520,   0.05400,
,,,0.000000120560,   0.05400,
,,,0.000000120600,   0.05600,
,,,0.000000120640,   0.05600,
,,,0.000000120680,   0.05600,
,,,0.000000120720,   0.05800,
,,,0.000000120760,   0.05800,
,,,0.000000120800,   0.06000,
,,,0.000000120840,   0.06000,
,,,0.000000120880,   0.06000,
,,,0.000000120920,   0.06200,
,,,0.000000120960,   0.06400,
,,,0.000000121000,   0.06400,
,,,0.000000121040,   0.06600,
,,,0.000000121080,   0.06600,
,,,0.000000121120,   0.06800,
,,,0.000000121160,   0.07000,
,,,0.000000121200,   0.07000,
,,,0.000000121240,   0.07200,
,,,0.000000121280,   0.07400,
,,,0.000000121320,   0.07400,
,,,0.000000121360,   0.07600,
,,,0.000000121400,   0.07800,
,,,0.000000121440,   0.08000,
,,,0.000000121480,   0.08200,
,,,0.000000121520,   0.08200,
,,,0.000000121560,   0.08400,
,,,0.000000121600,   0.08600,
,,,0.000000121640,   0.08800,
,,,0.000000121680,   0.09000,
,,,0.000000121720,   0.09000,
,,,0.000000121760,   0.09200,
,,,0.000000121800,   0.09400,
,,,0.000000121840,   0.09600,
,,,0.000000121880,   0.09800,
,,,0.000000121920,   0.09800,
,,,0.000000121960,   0.10000,
,,,0.000000122000,   0.10200,
,,,0.000000122040,   0.10400,
,,,0.000000122080,   0.10600,
,,,0.000000122120,   0.10800,
,,,0.000000122160,   0.10800,
,,,0.000000122200,   0.11000,
,,,0.000000122240,   0.11200,
,,,0.000000122280,   0.11400,
,,,0.000000122320,   0.11400,
,,,0.000000122360,   0.11600,
,,,0.000000122400,   0.11800,
,,,0.000000122440,   0.12000,
,,,0.000000122480,   0.12000,
,,,0.000000122520,   0.12200,
,,,0.000000122560,   0.12400,
,,,0.000000122600,   0.12400,
,,,0.000000122640,   0.12600,
,,,0.000000122680,   0.12600,
,,,0.000000122720,   0.12800,
,,,0.000000122760,   0.12800,
,,,0.000000122800,   0.13000,
,,,0.000000122840,   0.13000,
,,,0.000000122880,   0.13000,
,,,0.000000122920,   0.13200,
,,,0.000000122960,   0.13200,
,,,0.000000123000,   0.13200,
,,,0.000000123040,   0.13400,
,,,0.000000123080,   0.13400,
,,,0.000000123120,   0.13400,
,,,0.000000123160,   0.13400,
,,,0.000000123200,   0.13400,
,,,0.000000123240,   0.13400,
,,,0.000000123280,   0.13600,
,,,0.000000123320,   0.13600,
,,,0.000000123360,   0.13600,
,,,0.000000123400,   0.13600,
,,,0.000000123440,   0.13400,
,,,0.000000123480,   0.13400,
,,,0.000000123520,   0.13400,
,,,0.000000123560,   0.13400,
,,,0.000000123600,   0.13400,
,,,0.000000123640,   0.13400,
,,,0.000000123680,   0.13200,
,,,0.000000123720,   0.13200,
,,,0.000000123760,   0.13200,
,,,0.000000123800,   0.13200,
,,,0.000000123840,   0.13000,
,,,0.000000123880,   0.13000,
,,,0.000000123920,   0.12800,
,,,0.000000123960,   0.12800,
,,,0.000000124000,   0.12800,
,,,0.000000124040,   0.12600,
,,,0.000000124080,   0.12600,
,,,0.000000124120,   0.12400,
,,,0.000000124160,   0.12400,
,,,0.000000124200,   0.12200,
,,,0.000000124240,   0.12200,
,,,0.000000124280,   0.12200,
,,,0.000000124320,   0.12000,
,,,0.000000124360,   0.11800,
,,,0.000000124400,   0.11800,
,,,0.000000124440,   0.11600,
,,,0.000000124480,   0.11600,
,,,0.000000124520,   0.11400,
,,,0.000000124560,   0.11400,
,,,0.000000124600,   0.11200,
,,,0.000000124640,   0.11200,
,,,0.000000124680,   0.11000,
,,,0.000000124720,   0.11000,
,,,0.000000124760,   0.10800,
,,,0.000000124800,   0.10600,
,,,0.000000124840,   0.10600,
,,,0.000000124880,   0.10400,
,,,0.000000124920,   0.10400,
,,,0.000000124960,   0.10200,
,,,0.000000125000,   0.10200,
,,,0.000000125040,   0.10000,
,,,0.000000125080,   0.10000,
,,,0.000000125120,   0.09800,
,,,0.000000125160,   0.09600,
,,,0.000000125200,   0.09600,
,,,0.000000125240,   0.09600,
,,,0.000000125280,   0.09400,
,,,0.000000125320,   0.09400,
,,,0.000000125360,   0.09200,
,,,0.000000125400,   0.09200,
,,,0.000000125440,   0.09000,
,,,0.000000125480,   0.09000,
,,,0.000000125520,   0.09000,
,,,0.000000125560,   0.08800,
,,,0.000000125600,   0.08800,
,,,0.000000125640,   0.08800,
,,,0.000000125680,   0.08600,
,,,0.000000125720,   0.08600,
,,,0.000000125760,   0.08600,
,,,0.000000125800,   0.08600,
,,,0.000000125840,   0.08400,
,,,0.000000125880,   0.08400,
,,,0.000000125920,   0.08400,
,,,0.000000125960,   0.08400,
,,,0.000000126000,   0.08400,
,,,0.000000126040,   0.08400,
,,,0.000000126080,   0.08200,
,,,0.000000126120,   0.08200,
,,,0.000000126160,   0.08200,
,,,0.000000126200,   0.08200,
,,,0.000000126240,   0.08200,
,,,0.000000126280,   0.08200,
,,,0.000000126320,   0.08200,
,,,0.000000126360,   0.08200,
,,,0.000000126400,   0.08000,
,,,0.000000126440,   0.08000,
,,,0.000000126480,   0.08000,
,,,0.000000126520,   0.08000,
,,,0.000000126560,   0.08000,
,,,0.000000126600,   0.08000,
,,,0.000000126640,   0.08000,
,,,0.000000126680,   0.08000,
,,,0.000000126720,   0.08000,
,,,0.000000126760,   0.08000,
,,,0.000000126800,   0.08000,
,,,0.000000126840,   0.08000,
,,,0.000000126880,   0.08000,
,,,0.000000126920,   0.08000,
,,,0.000000126960,   0.07800,
,,,0.000000127000,   0.07800,
,,,0.000000127040,   0.07800,
,,,0.000000127080,   0.07800,
,,,0.000000127120,   0.07800,
,,,0.000000127160,   0.07800,
,,,0.000000127200,   0.07800,
,,,0.000000127240,   0.07800,
,,,0.000000127280,   0.07800,
,,,0.000000127320,   0.07800,
,,,0.000000127360,   0.07800,
,,,0.000000127400,   0.07800,
,,,0.000000127440,   0.07800,
,,,0.000000127480,   0.07800,
,,,0.000000127520,   0.07800,
,,,0.000000127560,   0.07600,
,,,0.000000127600,   0.07600,
,,,0.000000127640,   0.07600,
,,,0.000000127680,   0.07600,
,,,0.000000127720,   0.07600,
,,,0.000000127760,   0.07600,
,,,0.000000127800,   0.07600,
,,,0.000000127840,   0.07600,
,,,0.000000127880,   0.07600,
,,,0.000000127920,   0.07400,
,,,0.000000127960,   0.07400,
,,,0.000000128000,   0.07400,
,,,0.000000128040,   0.07400,
,,,0.000000128080,   0.07400,
,,,0.000000128120,   0.07400,
,,,0.000000128160,   0.07400,
,,,0.000000128200,   0.07200,
,,,0.000000128240,   0.07200,
,,,0.000000128280,   0.07200,
,,,0.000000128320,   0.07200,
,,,0.000000128360,   0.07200,
,,,0.000000128400,   0.07000,
,,,0.000000128440,   0.07000,
,,,0.000000128480,   0.07000,
,,,0.000000128520,   0.07000,
,,,0.000000128560,   0.06800,
,,,0.000000128600,   0.06800,
,,,0.000000128640,   0.06800,
,,,0.000000128680,   0.06800,
,,,0.000000128720,   0.06800,
,,,0.000000128760,   0.06600,
,,,0.000000128800,   0.06600,
,,,0.000000128840,   0.06600,
,,,0.000000128880,   0.06600,
,,,0.000000128920,   0.06400,
,,,0.000000128960,   0.06400,
,,,0.000000129000,   0.06400,
,,,0.000000129040,   0.06400,
,,,0.000000129080,   0.06200,
,,,0.000000129120,   0.06200,
,,,0.000000129160,   0.06200,
,,,0.000000129200,   0.06200,
,,,0.000000129240,   0.06000,
,,,0.000000129280,   0.06000,
,,,0.000000129320,   0.06000,
,,,0.000000129360,   0.05800,
,,,0.000000129400,   0.05800,
,,,0.000000129440,   0.05800,
,,,0.000000129480,   0.05800,
,,,0.000000129520,   0.05600,
,,,0.000000129560,   0.05600,
,,,0.000000129600,   0.05600,
,,,0.000000129640,   0.05600,
,,,0.000000129680,   0.05600,
,,,0.000000129720,   0.05400,
,,,0.000000129760,   0.05400,
,,,0.000000129800,   0.05400,
,,,0.000000129840,   0.05400,
,,,0.000000129880,   0.05400,
,,,0.000000129920,   0.05200,
,,,0.000000129960,   0.05200,
,,,0.000000130000,   0.05200,
,,,0.000000130040,   0.05200,
,,,0.000000130080,   0.05200,
,,,0.000000130120,   0.05200,
,,,0.000000130160,   0.05200,
,,,0.000000130200,   0.05200,
,,,0.000000130240,   0.05200,
,,,0.000000130280,   0.05200,
,,,0.000000130320,   0.05200,
,,,0.000000130360,   0.05200,
,,,0.000000130400,   0.05200,
,,,0.000000130440,   0.05200,
,,,0.000000130480,   0.05200,
,,,0.000000130520,   0.05200,
,,,0.000000130560,   0.05200,
,,,0.000000130600,   0.05400,
,,,0.000000130640,   0.05400,
,,,0.000000130680,   0.05400,
,,,0.000000130720,   0.05400,
,,,0.000000130760,   0.05600,
,,,0.000000130800,   0.05600,
,,,0.000000130840,   0.05600,
,,,0.000000130880,   0.05800,
,,,0.000000130920,   0.05800,
,,,0.000000130960,   0.06000,
,,,0.000000131000,   0.06000,
,,,0.000000131040,   0.06000,
,,,0.000000131080,   0.06200,
,,,0.000000131120,   0.06400,
,,,0.000000131160,   0.06400,
